batch_id,item_id,parent_ids,source_queue_type,mass_nominal_kg,mass_low_kg,mass_high_kg,unit,unit_kind,material_class,material_hint,material_alternates,material_note,performance_checks,existing_candidate,candidate_fit,candidate_note,architecture_assumption,item_path
route_batch_01,ebf3_adc_module_shield,ebf3_analog_input_adc_module,existing_route_as_leaf,0.1,0.04,0.25,unit,discrete,metal,steel,aluminum; refractory_foil,Radiation/HV shields may need refractory metal.,circuit function/rating,,none,No same-level existing KB candidate found by rule.,,kb/items/parts/ebf3_adc_module_shield.yaml
route_batch_02,ebf3_anti_wear_guide_holder,ebf3_anti_wear_guide,existing_route_as_leaf,0.03,0.012,0.075,unit,discrete,metal,steel,aluminum,Default to steel for structural closure; switch to aluminum if mass/thermal benefit matters.,motion tolerance/load/lubrication,,none,No same-level existing KB candidate found by rule.,,kb/items/parts/ebf3_anti_wear_guide_holder.yaml
route_batch_03,ebf3_anti_wear_guide_insert,ebf3_anti_wear_guide,existing_route_as_leaf,0.07,0.028,0.175,unit,discrete,ceramic,alumina_ceramic,porcelain; fused_silica,Select dielectric/thermal grade before recipe work.,motion tolerance/load/lubrication,,none,No same-level existing KB candidate found by rule.,,kb/items/parts/ebf3_anti_wear_guide_insert.yaml
route_batch_04,ebf3_axis_home_sensor_target_set,ebf3_axis_home_sensors,existing_route_as_leaf,0.08,0.032,0.2,unit,discrete,metal,steel,aluminum,Default to steel for structural closure; switch to aluminum if mass/thermal benefit matters.,motion tolerance/load/lubrication; circuit function/rating,,none,No same-level existing KB candidate found by rule.,,kb/items/parts/ebf3_axis_home_sensor_target_set.yaml
route_batch_01,ebf3_axis_motor_housing_set,ebf3_axis_motors,existing_route_as_leaf,1,0.4,2.5,unit,discrete,metal,steel,aluminum,Default to steel for structural closure; switch to aluminum if mass/thermal benefit matters.,motion tolerance/load/lubrication,stepper_motor_precision,accuracy_risk,"Torque, vacuum compatibility, encoder, and insulation need review.",,kb/items/parts/ebf3_axis_motor_housing_set.yaml
route_batch_02,ebf3_axis_motor_mounting_feature_set,ebf3_axis_motors,existing_route_as_leaf,1,0.4,2.5,unit,discrete,metal,steel,aluminum,Default to steel for structural closure; switch to aluminum if mass/thermal benefit matters.,motion tolerance/load/lubrication,stepper_motor_precision,accuracy_risk,"Torque, vacuum compatibility, encoder, and insulation need review.",,kb/items/parts/ebf3_axis_motor_mounting_feature_set.yaml
route_batch_03,ebf3_axis_limit_switch_actuator_set,ebf3_axis_travel_limit_switches,existing_route_as_leaf,0.05,0.02,0.125,unit,discrete,metal,steel,aluminum,Default to steel for structural closure; switch to aluminum if mass/thermal benefit matters.,motion tolerance/load/lubrication,,none,No same-level existing KB candidate found by rule.,,kb/items/parts/ebf3_axis_limit_switch_actuator_set.yaml
route_batch_04,ebf3_ball_nut_body_set,ebf3_ball_nuts,existing_route_as_leaf,1.1,0.55,2.2,unit,discrete,metal,steel,aluminum,Default to steel for structural closure; switch to aluminum if mass/thermal benefit matters.,basic function/material/scale,ball_screw_assembly,accuracy_risk,Ball-nut detail is part of screw-drive accuracy/lubrication review.,,kb/items/parts/ebf3_ball_nut_body_set.yaml
route_batch_01,ebf3_ball_nut_recirculation_insert_set,ebf3_ball_nuts,existing_route_as_leaf,0.3,0.15,0.6,unit,discrete,metal,steel,aluminum,Default to steel for structural closure; switch to aluminum if mass/thermal benefit matters.,basic function/material/scale,ball_screw_assembly,accuracy_risk,Ball-nut detail is part of screw-drive accuracy/lubrication review.,,kb/items/parts/ebf3_ball_nut_recirculation_insert_set.yaml
route_batch_02,ebf3_ball_nut_rolling_ball_set,ebf3_ball_nuts,existing_route_as_leaf,0.45,0.225,0.9,unit,discrete,metal,steel,aluminum,Default to steel for structural closure; switch to aluminum if mass/thermal benefit matters.,basic function/material/scale,ball_screw_assembly,accuracy_risk,Ball-nut detail is part of screw-drive accuracy/lubrication review.,,kb/items/parts/ebf3_ball_nut_rolling_ball_set.yaml
route_batch_03,ebf3_ball_nut_wiper_or_seal_set,ebf3_ball_nuts,existing_route_as_leaf,0.15,0.0495,0.45,unit,discrete,polymer,silicone_rubber,metal_gasket,Vacuum/oil compatibility decides final material.,vacuum leak rate/outgassing,ball_screw_assembly,accuracy_risk,Ball-nut detail is part of screw-drive accuracy/lubrication review.,,kb/items/parts/ebf3_ball_nut_wiper_or_seal_set.yaml
route_batch_04,ebf3_x_axis_ball_screw_shaft,ebf3_ball_screw_shafts,existing_route_as_leaf,1,0.4,2.5,unit,discrete,metal,steel,aluminum,Default to steel for structural closure; switch to aluminum if mass/thermal benefit matters.,motion tolerance/load/lubrication; stiffness/tolerance/interface fit,ball_screw_assembly,accuracy_risk,"Shaft/nut split, preload, and accuracy class need review.",,kb/items/parts/ebf3_x_axis_ball_screw_shaft.yaml
route_batch_01,ebf3_y_axis_ball_screw_shaft,ebf3_ball_screw_shafts,existing_route_as_leaf,1,0.4,2.5,unit,discrete,metal,steel,aluminum,Default to steel for structural closure; switch to aluminum if mass/thermal benefit matters.,motion tolerance/load/lubrication; stiffness/tolerance/interface fit,ball_screw_assembly,accuracy_risk,"Shaft/nut split, preload, and accuracy class need review.",,kb/items/parts/ebf3_y_axis_ball_screw_shaft.yaml
route_batch_02,ebf3_z_axis_ball_screw_shaft,ebf3_ball_screw_shafts,existing_route_as_leaf,1,0.4,2.5,unit,discrete,metal,steel,aluminum,Default to steel for structural closure; switch to aluminum if mass/thermal benefit matters.,motion tolerance/load/lubrication; stiffness/tolerance/interface fit,ball_screw_assembly,accuracy_risk,"Shaft/nut split, preload, and accuracy class need review.",,kb/items/parts/ebf3_z_axis_ball_screw_shaft.yaml
route_batch_03,ebf3_beam_current_return_fastener_interface_set,ebf3_beam_current_return_strap,existing_route_as_leaf,0.06,0.0198,0.18,unit,discrete,metal,steel,aluminum,Default to steel for structural closure; switch to aluminum if mass/thermal benefit matters.,electron-beam geometry/thermal stability,fastener_kit_medium,likely_reuse,Generic fastener kit is acceptable for non-precision interfaces.,,kb/items/parts/ebf3_beam_current_return_fastener_interface_set.yaml
route_batch_04,ebf3_beam_current_return_flexible_conductor,ebf3_beam_current_return_strap,existing_route_as_leaf,0.32,0.1056,0.96,unit,discrete,metal,aluminum,copper,Use copper only when conductivity/size penalty matters.,voltage/current/dielectric rating; electron-beam geometry/thermal stability,electrical_wire_and_connectors,accuracy_risk,"Length, conductor, insulation, and termination need scaling.",,kb/items/parts/ebf3_beam_current_return_flexible_conductor.yaml
route_batch_01,ebf3_beam_current_return_lug_set,ebf3_beam_current_return_strap,existing_route_as_leaf,0.12,0.0396,0.36,unit,discrete,metal,steel,aluminum,Default to steel for structural closure; switch to aluminum if mass/thermal benefit matters.,electron-beam geometry/thermal stability,,none,No same-level existing KB candidate found by rule.,,kb/items/parts/ebf3_beam_current_return_lug_set.yaml
route_batch_02,ebf3_cabin_access_door_panel,ebf3_cabin_access_door,existing_route_as_leaf,13,4.29,39,unit,discrete,metal,steel_sheet,aluminum_sheet,"Select by stiffness, thermal exposure, and manufacturability.",vacuum leak rate/outgassing; stiffness/tolerance/interface fit,panel_or_door_assembly,accuracy_risk,"Panel geometry, stiffness, and sealing assumptions need scaling.",,kb/items/parts/ebf3_cabin_access_door_panel.yaml
route_batch_03,ebf3_cabin_access_door_vacuum_seal,ebf3_cabin_access_door,existing_route_as_leaf,2,0.66,6,unit,discrete,polymer,silicone_rubber,metal_gasket,Vacuum/oil compatibility decides final material.,vacuum leak rate/outgassing,vacuum_seal_assembly,accuracy_risk,Seal geometry/material/leak rate are hidden.,,kb/items/parts/ebf3_cabin_access_door_vacuum_seal.yaml
route_batch_04,ebf3_cabin_access_door_hinge_bushing_or_bearing_set,ebf3_cabin_access_door_hinge_set,implemented_split_child,0.5,,,unit,discrete,metal,metal,,Child material is only a coarse hint from the implemented split; worker must choose a simulation material or import decision.,"derive from item name, parent function, and split plan; keep HV/vacuum/thermal/magnetic/motion gates explicit",,,,,kb/items/parts/ebf3_cabin_access_door_hinge_bushing_or_bearing_set.yaml
route_batch_01,ebf3_cabin_access_door_hinge_fastener_interface_set,ebf3_cabin_access_door_hinge_set,implemented_split_child,0.7,,,unit,discrete,metal,metal,,Child material is only a coarse hint from the implemented split; worker must choose a simulation material or import decision.,"derive from item name, parent function, and split plan; keep HV/vacuum/thermal/magnetic/motion gates explicit",,,,,kb/items/parts/ebf3_cabin_access_door_hinge_fastener_interface_set.yaml
route_batch_02,ebf3_cabin_access_door_hinge_leaf_or_bracket_set,ebf3_cabin_access_door_hinge_set,implemented_split_child,0.9,,,unit,discrete,metal,metal,,Child material is only a coarse hint from the implemented split; worker must choose a simulation material or import decision.,"derive from item name, parent function, and split plan; keep HV/vacuum/thermal/magnetic/motion gates explicit",,,,,kb/items/parts/ebf3_cabin_access_door_hinge_leaf_or_bracket_set.yaml
route_batch_03,ebf3_cabin_access_door_hinge_pin_or_shaft_set,ebf3_cabin_access_door_hinge_set,implemented_split_child,0.4,,,unit,discrete,metal,metal,,Child material is only a coarse hint from the implemented split; worker must choose a simulation material or import decision.,"derive from item name, parent function, and split plan; keep HV/vacuum/thermal/magnetic/motion gates explicit",,,,,kb/items/parts/ebf3_cabin_access_door_hinge_pin_or_shaft_set.yaml
route_batch_04,ebf3_cabin_access_door_latch_fastener_interface_set,ebf3_cabin_access_door_latch_set,implemented_split_child,0.5,,,unit,discrete,metal,metal,,Child material is only a coarse hint from the implemented split; worker must choose a simulation material or import decision.,"derive from item name, parent function, and split plan; keep HV/vacuum/thermal/magnetic/motion gates explicit",,,,,kb/items/parts/ebf3_cabin_access_door_latch_fastener_interface_set.yaml
route_batch_01,ebf3_cabin_access_door_latch_handle_or_cam_set,ebf3_cabin_access_door_latch_set,implemented_split_child,0.6,,,unit,discrete,metal,metal,,Child material is only a coarse hint from the implemented split; worker must choose a simulation material or import decision.,"derive from item name, parent function, and split plan; keep HV/vacuum/thermal/magnetic/motion gates explicit",,,,,kb/items/parts/ebf3_cabin_access_door_latch_handle_or_cam_set.yaml
route_batch_02,ebf3_cabin_access_door_latch_pivot_axle_set,ebf3_cabin_access_door_latch_set,implemented_split_child,0.4,,,unit,discrete,metal,metal,,Child material is only a coarse hint from the implemented split; worker must choose a simulation material or import decision.,"derive from item name, parent function, and split plan; keep HV/vacuum/thermal/magnetic/motion gates explicit",,,,,kb/items/parts/ebf3_cabin_access_door_latch_pivot_axle_set.yaml
route_batch_03,ebf3_cabin_access_door_latch_return_spring_set,ebf3_cabin_access_door_latch_set,implemented_split_child,0.2,,,unit,discrete,metal,metal,,Child material is only a coarse hint from the implemented split; worker must choose a simulation material or import decision.,"derive from item name, parent function, and split plan; keep HV/vacuum/thermal/magnetic/motion gates explicit",,,,,kb/items/parts/ebf3_cabin_access_door_latch_return_spring_set.yaml
route_batch_04,ebf3_cabin_access_door_latch_strike_or_bar_set,ebf3_cabin_access_door_latch_set,implemented_split_child,0.8,,,unit,discrete,metal,metal,,Child material is only a coarse hint from the implemented split; worker must choose a simulation material or import decision.,"derive from item name, parent function, and split plan; keep HV/vacuum/thermal/magnetic/motion gates explicit",,,,,kb/items/parts/ebf3_cabin_access_door_latch_strike_or_bar_set.yaml
route_batch_01,ebf3_cabin_frame_corner_gusset_set,ebf3_cabin_frame,existing_route_as_leaf,7,2.31,21,unit,discrete,metal,steel_structural_stock,aluminum_structural_stock,Select by stiffness and fabrication route.,vacuum leak rate/outgassing; stiffness/tolerance/interface fit,structural_frame_small_v0,accuracy_risk,"Frame geometry, stiffness, and mounting assumptions need scaling.",,kb/items/parts/ebf3_cabin_frame_corner_gusset_set.yaml
route_batch_02,ebf3_cabin_frame_member_set,ebf3_cabin_frame,existing_route_as_leaf,24,7.92,72,unit,discrete,metal,steel_structural_stock,aluminum_structural_stock,Select by stiffness and fabrication route.,vacuum leak rate/outgassing; stiffness/tolerance/interface fit,structural_frame_small_v0,accuracy_risk,"Frame geometry, stiffness, and mounting assumptions need scaling.",,kb/items/parts/ebf3_cabin_frame_member_set.yaml
route_batch_03,ebf3_cabin_frame_mounting_foot_set,ebf3_cabin_frame,existing_route_as_leaf,4,1.32,12,unit,discrete,metal,steel_structural_stock,aluminum_structural_stock,Select by stiffness and fabrication route.,vacuum leak rate/outgassing; stiffness/tolerance/interface fit,structural_frame_small_v0,accuracy_risk,"Frame geometry, stiffness, and mounting assumptions need scaling.",,kb/items/parts/ebf3_cabin_frame_mounting_foot_set.yaml
route_batch_04,ebf3_cabin_gun_port_flange_ring,ebf3_cabin_gun_mounting_port,existing_route_as_leaf,5,1.65,15,unit,discrete,metal,steel,aluminum,Default to steel for structural closure; switch to aluminum if mass/thermal benefit matters.,vacuum leak rate/outgassing; electron-beam geometry/thermal stability,,none,No same-level existing KB candidate found by rule.,,kb/items/parts/ebf3_cabin_gun_port_flange_ring.yaml
route_batch_01,ebf3_cabin_gun_port_reinforcement_ring,ebf3_cabin_gun_mounting_port,existing_route_as_leaf,3,0.99,9,unit,discrete,metal,steel,aluminum,Default to steel for structural closure; switch to aluminum if mass/thermal benefit matters.,vacuum leak rate/outgassing; electron-beam geometry/thermal stability,,none,No same-level existing KB candidate found by rule.,,kb/items/parts/ebf3_cabin_gun_port_reinforcement_ring.yaml
route_batch_02,ebf3_cabin_lighting_port_frame,ebf3_cabin_lighting_mount_and_port,existing_route_as_leaf,30,9.9,90,unit,discrete,metal,steel_structural_stock,aluminum_structural_stock,Select by stiffness and fabrication route.,vacuum leak rate/outgassing; stiffness/tolerance/interface fit,structural_frame_small_v0,accuracy_risk,"Frame geometry, stiffness, and mounting assumptions need scaling.",,kb/items/parts/ebf3_cabin_lighting_port_frame.yaml
route_batch_03,ebf3_cabin_lighting_shield_mount,ebf3_cabin_lighting_mount_and_port,existing_route_as_leaf,12.08,3.986,36.24,unit,discrete,metal,steel,aluminum; alumina_ceramic,Simple machined/bent/welded hardware unless insulating.,vacuum leak rate/outgassing; stiffness/tolerance/interface fit,,none,No same-level existing KB candidate found by rule.,,kb/items/parts/ebf3_cabin_lighting_shield_mount.yaml
route_batch_04,ebf3_cabin_positioning_floor_mount_plate,ebf3_cabin_positioning_mount_interface,existing_route_as_leaf,12,3.96,36,unit,discrete,metal,steel,aluminum; alumina_ceramic,Simple machined/bent/welded hardware unless insulating.,vacuum leak rate/outgassing; stiffness/tolerance/interface fit,metal_sheet_or_plate,accuracy_risk,Stock is not a same-level replacement; use for material/process only.,,kb/items/parts/ebf3_cabin_positioning_floor_mount_plate.yaml
route_batch_01,ebf3_cabin_positioning_leveling_pad_set,ebf3_cabin_positioning_mount_interface,existing_route_as_leaf,3,0.99,9,unit,discrete,metal,steel,aluminum,Default to steel for structural closure; switch to aluminum if mass/thermal benefit matters.,vacuum leak rate/outgassing,,none,No same-level existing KB candidate found by rule.,,kb/items/parts/ebf3_cabin_positioning_leveling_pad_set.yaml
route_batch_02,ebf3_cabin_sacrificial_liner_retainer_set,ebf3_cabin_sacrificial_liner,existing_route_as_leaf,2,0.66,6,unit,discrete,metal,steel,aluminum,Simple retaining hardware unless high temperature.,vacuum leak rate/outgassing,,none,No same-level existing KB candidate found by rule.,,kb/items/parts/ebf3_cabin_sacrificial_liner_retainer_set.yaml
route_batch_02,ebf3_cabin_wall_panel_set,ebf3_cabin_wall_panels,existing_route_as_leaf,34,11.22,102,unit,discrete,metal,steel_sheet,aluminum_sheet,"Select by stiffness, thermal exposure, and manufacturability.",vacuum leak rate/outgassing; stiffness/tolerance/interface fit,panel_or_door_assembly,accuracy_risk,"Panel geometry, stiffness, and sealing assumptions need scaling.",,kb/items/parts/ebf3_cabin_wall_panel_set.yaml
route_batch_03,ebf3_cabin_wall_stiffener_set,ebf3_cabin_wall_panels,existing_route_as_leaf,8,2.64,24,unit,discrete,metal,steel,aluminum,Default to steel for structural closure; switch to aluminum if mass/thermal benefit matters.,vacuum leak rate/outgassing,,none,No same-level existing KB candidate found by rule.,,kb/items/parts/ebf3_cabin_wall_stiffener_set.yaml
route_batch_04,ebf3_cabin_wire_feeder_port_flange_ring,ebf3_cabin_wire_feeder_mounting_port,existing_route_as_leaf,6,1.98,18,unit,discrete,metal,steel,aluminum,Default to steel for structural closure; switch to aluminum if mass/thermal benefit matters.,vacuum leak rate/outgassing,,none,No same-level existing KB candidate found by rule.,,kb/items/parts/ebf3_cabin_wire_feeder_port_flange_ring.yaml
route_batch_01,ebf3_cabin_wire_feeder_port_reinforcement_ring,ebf3_cabin_wire_feeder_mounting_port,existing_route_as_leaf,4,1.32,12,unit,discrete,metal,steel,aluminum,Default to steel for structural closure; switch to aluminum if mass/thermal benefit matters.,vacuum leak rate/outgassing,,none,No same-level existing KB candidate found by rule.,,kb/items/parts/ebf3_cabin_wire_feeder_port_reinforcement_ring.yaml
route_batch_02,ebf3_can_bus_interface_shield,ebf3_can_bus_interface,existing_route_as_leaf,0.1,0.05,0.2,unit,discrete,metal,steel,aluminum; refractory_foil,Radiation/HV shields may need refractory metal.,basic function/material/scale,,none,No same-level existing KB candidate found by rule.,,kb/items/parts/ebf3_can_bus_interface_shield.yaml
route_batch_03,ebf3_heater_supply_enclosure,ebf3_cathode_heater_supply,existing_route_as_leaf,0.6,0.3,1.2,unit,discrete,metal,steel,aluminum,Default to steel for structural closure; switch to aluminum if mass/thermal benefit matters.,basic function/material/scale,enclosure_electrical_medium,likely_reuse,Same-level enclosure if scale and environment pass review.,,kb/items/parts/ebf3_heater_supply_enclosure.yaml
route_batch_04,ebf3_heater_supply_heat_sink,ebf3_cathode_heater_supply,existing_route_as_leaf,1.2,0.6,2.4,unit,discrete,metal,aluminum,steel,Aluminum is the normal heat-sink material; steel only as closure proxy.,thermal load/temperature rise,heat_sink_base_machined,likely_reuse,Same-level heat-sink hardware if heat load is modest.,,kb/items/parts/ebf3_heater_supply_heat_sink.yaml
route_batch_01,ebf3_controls_cabinet_mounting_rail_set,ebf3_controls_cabinet,existing_route_as_leaf,0.9,0.45,1.8,unit,discrete,metal,steel,aluminum,Default to steel for structural closure; switch to aluminum if mass/thermal benefit matters.,basic function/material/scale,,none,No same-level existing KB candidate found by rule.,,kb/items/parts/ebf3_controls_cabinet_mounting_rail_set.yaml
route_batch_02,ebf3_dc_link_busbar_set,ebf3_dc_link_capacitor_bank,existing_route_as_leaf,0.9,0.297,2.7,unit,discrete,metal,aluminum,copper,Use copper only when current density or thermal penalty matters.,voltage/current/dielectric rating,busbar_distribution_system_v0,accuracy_risk,Current rating and conductor geometry need scaling.,,kb/items/parts/ebf3_dc_link_busbar_set.yaml
route_batch_03,ebf3_dc_link_mounting_frame,ebf3_dc_link_capacitor_bank,existing_route_as_leaf,0.7,0.35,1.4,unit,discrete,metal,steel_structural_stock,aluminum_structural_stock,Select by stiffness and fabrication route.,stiffness/tolerance/interface fit,structural_frame_small_v0,accuracy_risk,"Frame geometry, stiffness, and mounting assumptions need scaling.",,kb/items/parts/ebf3_dc_link_mounting_frame.yaml
route_batch_04,ebf3_drive_roll_carrier_body,ebf3_drive_roll_carrier,existing_route_as_leaf,0.11,0.055,0.22,unit,discrete,metal,steel,aluminum,Default to steel for structural closure; switch to aluminum if mass/thermal benefit matters.,basic function/material/scale,,none,No same-level existing KB candidate found by rule.,,kb/items/parts/ebf3_drive_roll_carrier_body.yaml
route_batch_01,ebf3_drive_roll_cover_shell,ebf3_drive_roll_cover,existing_route_as_leaf,0.48,0.24,0.96,unit,discrete,metal,steel,aluminum,Default to steel for structural closure; switch to aluminum if mass/thermal benefit matters.,basic function/material/scale,,none,No same-level existing KB candidate found by rule.,,kb/items/parts/ebf3_drive_roll_cover_shell.yaml
route_batch_02,ebf3_ebf_wire_guide_tip_body,ebf3_ebf_wire_guide_tip,existing_route_as_leaf,0.12,0.048,0.3,unit,discrete,metal,steel,aluminum,Default to steel for structural closure; switch to aluminum if mass/thermal benefit matters.,motion tolerance/load/lubrication,,none,No same-level existing KB candidate found by rule.,,kb/items/parts/ebf3_ebf_wire_guide_tip_body.yaml
route_batch_03,ebf3_ebf_wire_guide_tip_mounting_feature,ebf3_ebf_wire_guide_tip,existing_route_as_leaf,0.03,0.012,0.075,unit,discrete,metal,steel,aluminum,Default to steel for structural closure; switch to aluminum if mass/thermal benefit matters.,motion tolerance/load/lubrication,,none,No same-level existing KB candidate found by rule.,,kb/items/parts/ebf3_ebf_wire_guide_tip_mounting_feature.yaml
route_batch_04,ebf3_ebf_wire_guide_tip_wear_orifice,ebf3_ebf_wire_guide_tip,existing_route_as_leaf,0.05,0.02,0.125,unit,discrete,ceramic,alumina_ceramic,porcelain; fused_silica,Select dielectric/thermal grade before recipe work.,motion tolerance/load/lubrication,,none,No same-level existing KB candidate found by rule.,,kb/items/parts/ebf3_ebf_wire_guide_tip_wear_orifice.yaml
route_batch_01,ebf3_emi_filter_enclosure,ebf3_emi_filter,existing_route_as_leaf,0.3,0.15,0.6,unit,discrete,metal,steel,aluminum,Default to steel for structural closure; switch to aluminum if mass/thermal benefit matters.,basic function/material/scale,enclosure_electrical_medium,likely_reuse,Same-level enclosure if scale and environment pass review.,,kb/items/parts/ebf3_emi_filter_enclosure.yaml
route_batch_02,ebf3_emi_filter_choke_bobbin_or_insulation_set,ebf3_emi_filter_choke_set,implemented_split_child,0.12,,,unit,discrete,insulator,insulator,,Child material is only a coarse hint from the implemented split; worker must choose a simulation material or import decision.,"derive from item name, parent function, and split plan; keep HV/vacuum/thermal/magnetic/motion gates explicit",,,,,kb/items/parts/ebf3_emi_filter_choke_bobbin_or_insulation_set.yaml
route_batch_03,ebf3_emi_filter_choke_core_set,ebf3_emi_filter_choke_set,implemented_split_child,0.25,,,unit,discrete,magnetic_material,magnetic_material,,Child material is only a coarse hint from the implemented split; worker must choose a simulation material or import decision.,"derive from item name, parent function, and split plan; keep HV/vacuum/thermal/magnetic/motion gates explicit",,,,,kb/items/parts/ebf3_emi_filter_choke_core_set.yaml
route_batch_04,ebf3_emi_filter_choke_mounting_base_set,ebf3_emi_filter_choke_set,implemented_split_child,0.07,,,unit,discrete,metal,metal,,Child material is only a coarse hint from the implemented split; worker must choose a simulation material or import decision.,"derive from item name, parent function, and split plan; keep HV/vacuum/thermal/magnetic/motion gates explicit",,,,,kb/items/parts/ebf3_emi_filter_choke_mounting_base_set.yaml
route_batch_01,ebf3_emi_filter_choke_terminal_set,ebf3_emi_filter_choke_set,implemented_split_child,0.06,,,unit,discrete,conductive_metal,conductive_metal,,Child material is only a coarse hint from the implemented split; worker must choose a simulation material or import decision.,"derive from item name, parent function, and split plan; keep HV/vacuum/thermal/magnetic/motion gates explicit",,,,,kb/items/parts/ebf3_emi_filter_choke_terminal_set.yaml
route_batch_02,ebf3_emi_filter_choke_winding_set,ebf3_emi_filter_choke_set,implemented_split_child,0.3,,,unit,discrete,copper,copper,,Child material is only a coarse hint from the implemented split; worker must choose a simulation material or import decision.,"derive from item name, parent function, and split plan; keep HV/vacuum/thermal/magnetic/motion gates explicit",,,,,kb/items/parts/ebf3_emi_filter_choke_winding_set.yaml
route_batch_03,ebf3_feed_liner_end_ferrule_set,ebf3_feed_liner,existing_route_as_leaf,0.08,0.04,0.16,unit,discrete,metal,steel,aluminum,Default to steel for structural closure; switch to aluminum if mass/thermal benefit matters.,basic function/material/scale,,none,No same-level existing KB candidate found by rule.,,kb/items/parts/ebf3_feed_liner_end_ferrule_set.yaml
route_batch_04,ebf3_feed_liner_tube,ebf3_feed_liner,existing_route_as_leaf,0.28,0.14,0.56,unit,discrete,composite,composite_placeholder,split_into_materials,Split or proxy if material mix affects closure.,basic function/material/scale,,none,No same-level existing KB candidate found by rule.,,kb/items/parts/ebf3_feed_liner_tube.yaml
route_batch_01,ebf3_gun_anode,ebf3_fixed_electron_beam_gun,existing_route_as_leaf,0.25,0.0825,0.75,unit,discrete,refractory_metal,molybdenum,tungsten,Electron-gun electrode material; aperture/thermal stability dominate.,electron-beam geometry/thermal stability,,none,No same-level existing KB candidate found by rule.,,kb/items/parts/ebf3_gun_anode.yaml
route_batch_02,ebf3_gun_control_electrode,ebf3_fixed_electron_beam_gun,existing_route_as_leaf,0.08,0.0264,0.24,unit,discrete,refractory_metal,molybdenum,tungsten,Electron-gun electrode material; precision and thermal stability dominate.,electron-beam geometry/thermal stability,,none,No same-level existing KB candidate found by rule.,,kb/items/parts/ebf3_gun_control_electrode.yaml
route_batch_03,ebf3_gun_control_electrode_insulator,ebf3_fixed_electron_beam_gun,existing_route_as_leaf,0.12,0.0396,0.36,unit,discrete,ceramic,molybdenum,tungsten,Electron-gun electrode material; precision and thermal stability dominate.,voltage/current/dielectric rating; electron-beam geometry/thermal stability,,none,No same-level existing KB candidate found by rule.,,kb/items/parts/ebf3_gun_control_electrode_insulator.yaml
route_batch_04,ebf3_gun_screen_electrode,ebf3_fixed_electron_beam_gun,existing_route_as_leaf,0.08,0.0264,0.24,unit,discrete,refractory_metal,molybdenum,tungsten,Electron-gun electrode material; precision and thermal stability dominate.,electron-beam geometry/thermal stability,,none,No same-level existing KB candidate found by rule.,,kb/items/parts/ebf3_gun_screen_electrode.yaml
route_batch_01,ebf3_fixed_side_screw_bearing_block_body_set,ebf3_fixed_side_screw_bearing_blocks,existing_route_as_leaf,0.5,0.2,1.25,unit,discrete,precision_metal,steel,aluminum,Default to steel for structural closure; switch to aluminum if mass/thermal benefit matters.,motion tolerance/load/lubrication,bearing_set_heavy,accuracy_risk,"Load, runout, lubrication, and vacuum compatibility need review.",,kb/items/parts/ebf3_fixed_side_screw_bearing_block_body_set.yaml
route_batch_02,ebf3_fixed_side_screw_bearing_retainer_set,ebf3_fixed_side_screw_bearing_blocks,existing_route_as_leaf,0.15,0.06,0.375,unit,discrete,metal,steel,aluminum,Simple retaining hardware unless high temperature.,motion tolerance/load/lubrication,bearing_set_heavy,accuracy_risk,"Load, runout, lubrication, and vacuum compatibility need review.",,kb/items/parts/ebf3_fixed_side_screw_bearing_retainer_set.yaml
route_batch_03,ebf3_floating_side_screw_bearing_block_body_set,ebf3_floating_side_screw_bearing_blocks,existing_route_as_leaf,0.55,0.22,1.375,unit,discrete,precision_metal,steel,aluminum,Default to steel for structural closure; switch to aluminum if mass/thermal benefit matters.,motion tolerance/load/lubrication,bearing_set_heavy,accuracy_risk,"Load, runout, lubrication, and vacuum compatibility need review.",,kb/items/parts/ebf3_floating_side_screw_bearing_block_body_set.yaml
route_batch_04,ebf3_floating_side_screw_bearing_retainer_set,ebf3_floating_side_screw_bearing_blocks,existing_route_as_leaf,0.15,0.06,0.375,unit,discrete,metal,steel,aluminum,Simple retaining hardware unless high temperature.,motion tolerance/load/lubrication,bearing_set_heavy,accuracy_risk,"Load, runout, lubrication, and vacuum compatibility need review.",,kb/items/parts/ebf3_floating_side_screw_bearing_retainer_set.yaml
route_batch_01,ebf3_positioning_axis_base_plate,ebf3_four_axis_positioning_system,existing_route_as_leaf,3,1.2,7.5,unit,discrete,metal,steel_plate,aluminum_plate,"Select by stiffness, flatness, thermal exposure, and manufacturability.",motion tolerance/load/lubrication; stiffness/tolerance/interface fit,metal_sheet_or_plate,accuracy_risk,Stock is not a same-level replacement; use for material/process only.,,kb/items/parts/ebf3_positioning_axis_base_plate.yaml
route_batch_02,ebf3_full_bridge_dc_busbar_set,ebf3_full_bridge_inverter,existing_route_as_leaf,0.9,0.297,2.7,unit,discrete,metal,aluminum,copper,Use copper only when current density or thermal penalty matters.,voltage/current/dielectric rating,busbar_distribution_system_v0,accuracy_risk,Current rating and conductor geometry need scaling.,,kb/items/parts/ebf3_full_bridge_dc_busbar_set.yaml
route_batch_03,ebf3_full_bridge_heat_sink,ebf3_full_bridge_inverter,existing_route_as_leaf,1.5,0.75,3,unit,discrete,metal,aluminum,steel,Aluminum is the normal heat-sink material; steel only as closure proxy.,thermal load/temperature rise,heat_sink_base_machined,likely_reuse,Same-level heat-sink hardware if heat load is modest.,,kb/items/parts/ebf3_full_bridge_heat_sink.yaml
route_batch_04,ebf3_gun_beam_boundary_collector_electrode,ebf3_gun_beam_boundary_pickup,existing_route_as_leaf,0.12,0.0396,0.36,unit,discrete,conductive_metal,molybdenum,tungsten,Electron-gun electrode material; precision and thermal stability dominate.,electron-beam geometry/thermal stability,,none,No same-level existing KB candidate found by rule.,,kb/items/parts/ebf3_gun_beam_boundary_collector_electrode.yaml
route_batch_01,ebf3_gun_beam_boundary_pickup_insulator,ebf3_gun_beam_boundary_pickup,existing_route_as_leaf,0.06,0.0198,0.18,unit,discrete,ceramic,alumina_ceramic,porcelain; fused_silica,Use ceramic route; dielectric/creepage rating required.,voltage/current/dielectric rating; electron-beam geometry/thermal stability,,none,No same-level existing KB candidate found by rule.,,kb/items/parts/ebf3_gun_beam_boundary_pickup_insulator.yaml
route_batch_02,ebf3_gun_cathode_ceramic_standoff_set,ebf3_gun_cathode_cartridge,existing_route_as_leaf,0.05,0.0165,0.15,unit,discrete,ceramic,alumina_ceramic,steel,Use ceramic when electrical/thermal isolation matters; steel only for structural standoffs.,electron-beam geometry/thermal stability,,none,No same-level existing KB candidate found by rule.,,kb/items/parts/ebf3_gun_cathode_ceramic_standoff_set.yaml
route_batch_03,ebf3_gun_cathode_locating_clamp,ebf3_gun_cathode_cartridge,existing_route_as_leaf,0.04,0.0132,0.12,unit,discrete,metal,tungsten,lanthanum_hexaboride; tantalum,Emission material and lunar availability need dedicated review.,electron-beam geometry/thermal stability; stiffness/tolerance/interface fit,,none,No same-level existing KB candidate found by rule.,,kb/items/parts/ebf3_gun_cathode_locating_clamp.yaml
route_batch_04,ebf3_gun_cathode_radiation_shield_clip_set,ebf3_gun_cathode_radiation_shield,existing_route_as_leaf,0.01,0.0033,0.03,unit,discrete,refractory_metal,steel,aluminum; refractory_foil,Radiation/HV shields may need refractory metal.,electron-beam geometry/thermal stability,,none,No same-level existing KB candidate found by rule.,,kb/items/parts/ebf3_gun_cathode_radiation_shield_clip_set.yaml
route_batch_01,ebf3_gun_cathode_radiation_shield_foil_stack,ebf3_gun_cathode_radiation_shield,existing_route_as_leaf,0.07,0.0231,0.21,unit,discrete,refractory_metal,steel,aluminum; refractory_foil,Radiation/HV shields may need refractory metal.,electron-beam geometry/thermal stability,,none,No same-level existing KB candidate found by rule.,,kb/items/parts/ebf3_gun_cathode_radiation_shield_foil_stack.yaml
route_batch_02,ebf3_gun_cathode_radiation_shield_spacer_set,ebf3_gun_cathode_radiation_shield,existing_route_as_leaf,0.02,0.0066,0.06,unit,discrete,refractory_metal,steel,aluminum; alumina_ceramic,Choose ceramic if electrical/thermal isolation matters.,electron-beam geometry/thermal stability,,none,No same-level existing KB candidate found by rule.,,kb/items/parts/ebf3_gun_cathode_radiation_shield_spacer_set.yaml
route_batch_03,ebf3_gun_column_body_shell,ebf3_gun_column,existing_route_as_leaf,2.2,0.726,6.6,unit,discrete,vacuum_structural_metal,steel,aluminum,Default to steel for structural closure; switch to aluminum if mass/thermal benefit matters.,electron-beam geometry/thermal stability,,none,No same-level existing KB candidate found by rule.,,kb/items/parts/ebf3_gun_column_body_shell.yaml
route_batch_04,ebf3_gun_column_gun_side_mating_flange,ebf3_gun_column,existing_route_as_leaf,0.55,0.1815,1.65,unit,discrete,vacuum_structural_metal,steel,aluminum,Default to steel for structural closure; switch to aluminum if mass/thermal benefit matters.,electron-beam geometry/thermal stability,,none,No same-level existing KB candidate found by rule.,,kb/items/parts/ebf3_gun_column_gun_side_mating_flange.yaml
route_batch_01,ebf3_gun_column_internal_support_frame,ebf3_gun_column,existing_route_as_leaf,0.75,0.2475,2.25,unit,discrete,vacuum_structural_metal,steel_structural_stock,aluminum_structural_stock,Select by stiffness and fabrication route.,electron-beam geometry/thermal stability; stiffness/tolerance/interface fit,structural_frame_small_v0,accuracy_risk,"Frame geometry, stiffness, and mounting assumptions need scaling.",,kb/items/parts/ebf3_gun_column_internal_support_frame.yaml
route_batch_02,ebf3_gun_column_optical_axis_datum_set,ebf3_gun_column,existing_route_as_leaf,0.25,0.0825,0.75,unit,discrete,precision_metal,steel,aluminum,Default to steel for structural closure; switch to aluminum if mass/thermal benefit matters.,motion tolerance/load/lubrication; electron-beam geometry/thermal stability,,none,No same-level existing KB candidate found by rule.,,kb/items/parts/ebf3_gun_column_optical_axis_datum_set.yaml
route_batch_03,ebf3_gun_dynamic_lens_coil_assembly,ebf3_gun_dynamic_magnetic_lens,existing_route_as_leaf,0.5,0.165,1.5,unit,discrete,composite,composite_placeholder,split_into_materials,Split or proxy if material mix affects closure.,electron-beam geometry/thermal stability,lens_assembly_magnifying,accuracy_risk,"Optical material, wavelength, and thermal/vacuum environment need review.",,kb/items/parts/ebf3_gun_dynamic_lens_coil_assembly.yaml
route_batch_04,ebf3_gun_dynamic_lens_pole_pieces,ebf3_gun_dynamic_magnetic_lens,existing_route_as_leaf,0.3,0.099,0.9,unit,discrete,metal,steel,aluminum,Default to steel for structural closure; switch to aluminum if mass/thermal benefit matters.,electron-beam geometry/thermal stability,lens_assembly_magnifying,accuracy_risk,"Optical material, wavelength, and thermal/vacuum environment need review.",,kb/items/parts/ebf3_gun_dynamic_lens_pole_pieces.yaml
route_batch_01,ebf3_gun_dynamic_lens_yoke,ebf3_gun_dynamic_magnetic_lens,existing_route_as_leaf,0.4,0.132,1.2,unit,discrete,metal,steel,aluminum,Default to steel for structural closure; switch to aluminum if mass/thermal benefit matters.,electron-beam geometry/thermal stability,lens_assembly_magnifying,accuracy_risk,"Optical material, wavelength, and thermal/vacuum environment need review.",,kb/items/parts/ebf3_gun_dynamic_lens_yoke.yaml
route_batch_02,ebf3_gun_feeder_adapter_body,ebf3_gun_feeder_adapter,existing_route_as_leaf,0.42,0.1386,1.26,unit,discrete,vacuum_structural_metal,steel,aluminum,Default to steel for structural closure; switch to aluminum if mass/thermal benefit matters.,electron-beam geometry/thermal stability,,none,No same-level existing KB candidate found by rule.,,kb/items/parts/ebf3_gun_feeder_adapter_body.yaml
route_batch_03,ebf3_gun_feeder_wire_path_alignment_sleeve,ebf3_gun_feeder_adapter,existing_route_as_leaf,0.12,0.0396,0.36,unit,discrete,metal,steel,aluminum,Default to steel for structural closure; switch to aluminum if mass/thermal benefit matters.,electron-beam geometry/thermal stability,,none,No same-level existing KB candidate found by rule.,,kb/items/parts/ebf3_gun_feeder_wire_path_alignment_sleeve.yaml
route_batch_04,ebf3_gun_hv_input_central_conductor,ebf3_gun_hv_input,existing_route_as_leaf,0.18,0.0594,0.54,unit,discrete,conductive_metal,aluminum,copper,Use copper only when conductivity/size penalty matters.,voltage/current/dielectric rating; electron-beam geometry/thermal stability,electrical_wire_and_connectors,accuracy_risk,"Length, conductor, insulation, and termination need scaling.",,kb/items/parts/ebf3_gun_hv_input_central_conductor.yaml
route_batch_01,ebf3_gun_hv_input_flange_housing,ebf3_gun_hv_input,existing_route_as_leaf,0.28,0.0924,0.84,unit,discrete,metal,steel,aluminum,Default to steel for structural closure; switch to aluminum if mass/thermal benefit matters.,voltage/current/dielectric rating; electron-beam geometry/thermal stability,enclosure_electrical_medium,accuracy_risk,Housing geometry and interface assumptions are hidden.,,kb/items/parts/ebf3_gun_hv_input_flange_housing.yaml
route_batch_02,ebf3_gun_hv_insulator_ceramic_body,ebf3_gun_hv_insulator,existing_route_as_leaf,0.45,0.1485,1.35,unit,discrete,ceramic,alumina_ceramic,porcelain; fused_silica,Use ceramic route; dielectric/creepage rating required.,voltage/current/dielectric rating; electron-beam geometry/thermal stability,,none,No same-level existing KB candidate found by rule.,,kb/items/parts/ebf3_gun_hv_insulator_ceramic_body.yaml
route_batch_03,ebf3_gun_hv_insulator_field_grading_electrode_set,ebf3_gun_hv_insulator,existing_route_as_leaf,0.1,0.033,0.3,unit,discrete,conductive_metal,molybdenum,tungsten,Electron-gun electrode material; precision and thermal stability dominate.,voltage/current/dielectric rating; electron-beam geometry/thermal stability,,none,No same-level existing KB candidate found by rule.,,kb/items/parts/ebf3_gun_hv_insulator_field_grading_electrode_set.yaml
route_batch_04,ebf3_gun_hv_insulator_metallized_end_interface_set,ebf3_gun_hv_insulator,existing_route_as_leaf,0.08,0.0264,0.24,unit,discrete,metal_ceramic_interface,alumina_ceramic,porcelain; fused_silica,Use ceramic route; dielectric/creepage rating required.,voltage/current/dielectric rating; electron-beam geometry/thermal stability,,none,No same-level existing KB candidate found by rule.,,kb/items/parts/ebf3_gun_hv_insulator_metallized_end_interface_set.yaml
route_batch_01,ebf3_gun_hv_insulator_mounting_collar_set,ebf3_gun_hv_insulator,existing_route_as_leaf,0.12,0.0396,0.36,unit,discrete,metal,alumina_ceramic,porcelain; fused_silica,Use ceramic route; dielectric/creepage rating required.,voltage/current/dielectric rating; electron-beam geometry/thermal stability,,none,No same-level existing KB candidate found by rule.,,kb/items/parts/ebf3_gun_hv_insulator_mounting_collar_set.yaml
route_batch_02,ebf3_gun_main_lens_coil_assembly,ebf3_gun_main_magnetic_lens,existing_route_as_leaf,0.9,0.297,2.7,unit,discrete,composite,composite_placeholder,split_into_materials,Split or proxy if material mix affects closure.,electron-beam geometry/thermal stability,lens_assembly_magnifying,accuracy_risk,"Optical material, wavelength, and thermal/vacuum environment need review.",,kb/items/parts/ebf3_gun_main_lens_coil_assembly.yaml
route_batch_03,ebf3_gun_main_lens_pole_pieces,ebf3_gun_main_magnetic_lens,existing_route_as_leaf,0.7,0.231,2.1,unit,discrete,metal,steel,aluminum,Default to steel for structural closure; switch to aluminum if mass/thermal benefit matters.,electron-beam geometry/thermal stability,lens_assembly_magnifying,accuracy_risk,"Optical material, wavelength, and thermal/vacuum environment need review.",,kb/items/parts/ebf3_gun_main_lens_pole_pieces.yaml
route_batch_04,ebf3_gun_main_lens_yoke,ebf3_gun_main_magnetic_lens,existing_route_as_leaf,0.6,0.198,1.8,unit,discrete,metal,steel,aluminum,Default to steel for structural closure; switch to aluminum if mass/thermal benefit matters.,electron-beam geometry/thermal stability,lens_assembly_magnifying,accuracy_risk,"Optical material, wavelength, and thermal/vacuum environment need review.",,kb/items/parts/ebf3_gun_main_lens_yoke.yaml
route_batch_01,ebf3_gun_secondary_electron_ring_collector,ebf3_gun_secondary_electron_pickup,existing_route_as_leaf,0.1,0.033,0.3,unit,discrete,conductive_metal,conductive_metal,,Current material_class is the starting point.,electron-beam geometry/thermal stability,,none,No same-level existing KB candidate found by rule.,,kb/items/parts/ebf3_gun_secondary_electron_ring_collector.yaml
route_batch_02,ebf3_gun_secondary_pickup_insulator,ebf3_gun_secondary_electron_pickup,existing_route_as_leaf,0.05,0.0165,0.15,unit,discrete,ceramic,alumina_ceramic,porcelain; fused_silica,Use ceramic route; dielectric/creepage rating required.,voltage/current/dielectric rating; electron-beam geometry/thermal stability,,none,No same-level existing KB candidate found by rule.,,kb/items/parts/ebf3_gun_secondary_pickup_insulator.yaml
route_batch_03,ebf3_gun_signal_shield_termination_interface,ebf3_gun_signal_wiring,existing_route_as_leaf,0.05,0.0165,0.15,unit,discrete,conductive_metal,steel,aluminum; refractory_foil,Radiation/HV shields may need refractory metal.,electron-beam geometry/thermal stability,,none,No same-level existing KB candidate found by rule.,,kb/items/parts/ebf3_gun_signal_shield_termination_interface.yaml
route_batch_04,ebf3_gun_trajectory_corrector_insulator_set,ebf3_gun_trajectory_corrector,existing_route_as_leaf,0.08,0.0264,0.24,unit,discrete,insulator,alumina_ceramic,porcelain; fused_silica,Use ceramic route; dielectric/creepage rating required.,voltage/current/dielectric rating; electron-beam geometry/thermal stability,,none,No same-level existing KB candidate found by rule.,,kb/items/parts/ebf3_gun_trajectory_corrector_insulator_set.yaml
route_batch_01,ebf3_gun_trajectory_corrector_mount,ebf3_gun_trajectory_corrector,existing_route_as_leaf,0.04,0.0132,0.12,unit,discrete,metal,steel,aluminum; alumina_ceramic,Simple machined/bent/welded hardware unless insulating.,electron-beam geometry/thermal stability; stiffness/tolerance/interface fit,,none,No same-level existing KB candidate found by rule.,,kb/items/parts/ebf3_gun_trajectory_corrector_mount.yaml
route_batch_02,ebf3_gun_trajectory_corrector_pole_piece_set,ebf3_gun_trajectory_corrector,existing_route_as_leaf,0.18,0.0594,0.54,unit,discrete,metal,steel,aluminum,Default to steel for structural closure; switch to aluminum if mass/thermal benefit matters.,electron-beam geometry/thermal stability,,none,No same-level existing KB candidate found by rule.,,kb/items/parts/ebf3_gun_trajectory_corrector_pole_piece_set.yaml
route_batch_03,ebf3_gun_deflection_x_coil_pair,ebf3_gun_two_axis_deflection_coils,existing_route_as_leaf,0.3,0.099,0.9,unit,discrete,composite,composite_placeholder,split_into_materials,Split or proxy if material mix affects closure.,motion tolerance/load/lubrication; electron-beam geometry/thermal stability,,none,No same-level existing KB candidate found by rule.,,kb/items/parts/ebf3_gun_deflection_x_coil_pair.yaml
route_batch_04,ebf3_gun_deflection_y_coil_pair,ebf3_gun_two_axis_deflection_coils,existing_route_as_leaf,0.3,0.099,0.9,unit,discrete,composite,composite_placeholder,split_into_materials,Split or proxy if material mix affects closure.,motion tolerance/load/lubrication; electron-beam geometry/thermal stability,,none,No same-level existing KB candidate found by rule.,,kb/items/parts/ebf3_gun_deflection_y_coil_pair.yaml
route_batch_01,ebf3_hv_transformer_insulating_fluid,ebf3_high_voltage_tank,existing_route_as_leaf,8,2.64,24,unit,discrete,polymer,silicone_rubber,other_kb_polymer,Check vacuum/outgassing and temperature limits.,voltage/current/dielectric rating; circuit function/rating,high_voltage_transformer,accuracy_risk,Voltage class and insulation package need scaling.,,kb/items/parts/ebf3_hv_transformer_insulating_fluid.yaml
route_batch_02,ebf3_hv_cable_braided_shield,ebf3_hv_cable_to_gun,existing_route_as_leaf,0.18,0.0594,0.54,unit,discrete,conductive_metal,steel,aluminum; refractory_foil,Radiation/HV shields may need refractory metal.,voltage/current/dielectric rating,assembled_cable_harness,accuracy_risk,"Length, shield, insulation, and rating need scaling.",,kb/items/parts/ebf3_hv_cable_braided_shield.yaml
route_batch_03,ebf3_hv_cable_central_conductor,ebf3_hv_cable_to_gun,existing_route_as_leaf,0.22,0.0726,0.66,unit,discrete,conductive_metal,aluminum_conductor,copper_conductor,"Voltage, vacuum, and temperature decide insulation.",voltage/current/dielectric rating,assembled_cable_harness,accuracy_risk,"Length, shield, insulation, and rating need scaling.",,kb/items/parts/ebf3_hv_cable_central_conductor.yaml
route_batch_04,ebf3_hv_cable_dielectric_insulation,ebf3_hv_cable_to_gun,existing_route_as_leaf,0.36,0.1188,1.08,unit,discrete,polymer_dielectric,aluminum_conductor,copper_conductor,"Voltage, vacuum, and temperature decide insulation.",voltage/current/dielectric rating,assembled_cable_harness,accuracy_risk,"Length, shield, insulation, and rating need scaling.",,kb/items/parts/ebf3_hv_cable_dielectric_insulation.yaml
route_batch_01,ebf3_hv_cable_outer_jacket,ebf3_hv_cable_to_gun,existing_route_as_leaf,0.16,0.0528,0.48,unit,discrete,polymer,aluminum_conductor,copper_conductor,"Voltage, vacuum, and temperature decide insulation.",voltage/current/dielectric rating,assembled_cable_harness,accuracy_risk,"Length, shield, insulation, and rating need scaling.",,kb/items/parts/ebf3_hv_cable_outer_jacket.yaml
route_batch_02,ebf3_hv_cable_semiconductive_stress_control_layer,ebf3_hv_cable_to_gun,existing_route_as_leaf,0.08,0.0264,0.24,unit,discrete,conductive_polymer_composite,aluminum_conductor,copper_conductor,"Voltage, vacuum, and temperature decide insulation.",voltage/current/dielectric rating,assembled_cable_harness,accuracy_risk,"Length, shield, insulation, and rating need scaling.",,kb/items/parts/ebf3_hv_cable_semiconductive_stress_control_layer.yaml
route_batch_03,ebf3_hv_bleeder_chain_insulating_support,ebf3_hv_discharge_bleeder_resistor_chain,existing_route_as_leaf,0.16,0.0528,0.48,unit,discrete,insulator,insulator,,Current material_class is the starting point.,voltage/current/dielectric rating,,none,No same-level existing KB candidate found by rule.,,kb/items/parts/ebf3_hv_bleeder_chain_insulating_support.yaml
route_batch_04,ebf3_hv_return_current_monitor_insulating_mount,ebf3_hv_output_return_current_monitor,existing_route_as_leaf,0.12,0.0396,0.36,unit,discrete,insulator,steel,aluminum; alumina_ceramic,Simple machined/bent/welded hardware unless insulating.,voltage/current/dielectric rating; stiffness/tolerance/interface fit,,none,No same-level existing KB candidate found by rule.,,kb/items/parts/ebf3_hv_return_current_monitor_insulating_mount.yaml
route_batch_01,ebf3_hv_voltage_divider_insulating_support,ebf3_hv_output_voltage_divider_sensing,existing_route_as_leaf,0.1,0.033,0.3,unit,discrete,insulator,insulator,,Current material_class is the starting point.,voltage/current/dielectric rating,,none,No same-level existing KB candidate found by rule.,,kb/items/parts/ebf3_hv_voltage_divider_insulating_support.yaml
route_batch_02,ebf3_hv_tank_lid,ebf3_hv_tank_enclosure,existing_route_as_leaf,2,0.66,6,unit,discrete,metal,steel,aluminum,Default to steel for structural closure; switch to aluminum if mass/thermal benefit matters.,voltage/current/dielectric rating; vacuum leak rate/outgassing,,none,No same-level existing KB candidate found by rule.,,kb/items/parts/ebf3_hv_tank_lid.yaml
route_batch_03,ebf3_hv_tank_lid_seal,ebf3_hv_tank_enclosure,existing_route_as_leaf,0.5,0.165,1.5,unit,discrete,polymer,silicone_rubber,metal_gasket,Vacuum/oil compatibility decides final material.,voltage/current/dielectric rating; vacuum leak rate/outgassing,vacuum_seal_assembly,accuracy_risk,Seal geometry/material/leak rate are hidden.,,kb/items/parts/ebf3_hv_tank_lid_seal.yaml
route_batch_04,ebf3_hv_tank_shell,ebf3_hv_tank_enclosure,existing_route_as_leaf,8,2.64,24,unit,discrete,metal,steel,aluminum,Default to steel for structural closure; switch to aluminum if mass/thermal benefit matters.,voltage/current/dielectric rating; vacuum leak rate/outgassing,,none,No same-level existing KB candidate found by rule.,,kb/items/parts/ebf3_hv_tank_shell.yaml
route_batch_01,ebf3_hv_drain_valve,ebf3_hv_tank_fill_drain_ports,existing_route_as_leaf,0.2,0.066,0.6,unit,discrete,metal,steel,aluminum,Default to steel for structural closure; switch to aluminum if mass/thermal benefit matters.,voltage/current/dielectric rating; vacuum leak rate/outgassing,,none,No same-level existing KB candidate found by rule.,,kb/items/parts/ebf3_hv_drain_valve.yaml
route_batch_02,ebf3_hv_fill_port,ebf3_hv_tank_fill_drain_ports,existing_route_as_leaf,0.12,0.0396,0.36,unit,discrete,metal,steel,aluminum,Default to steel for structural closure; switch to aluminum if mass/thermal benefit matters.,voltage/current/dielectric rating; vacuum leak rate/outgassing,,none,No same-level existing KB candidate found by rule.,,kb/items/parts/ebf3_hv_fill_port.yaml
route_batch_03,ebf3_hv_tank_bonding_anchor,ebf3_hv_tank_grounding_terminal,existing_route_as_leaf,0.08,0.0264,0.24,unit,discrete,metal,steel,aluminum,Default to steel for structural closure; switch to aluminum if mass/thermal benefit matters.,voltage/current/dielectric rating; vacuum leak rate/outgassing,,none,No same-level existing KB candidate found by rule.,,kb/items/parts/ebf3_hv_tank_bonding_anchor.yaml
route_batch_04,ebf3_hv_tank_ground_lug,ebf3_hv_tank_grounding_terminal,existing_route_as_leaf,0.12,0.0396,0.36,unit,discrete,metal,steel,aluminum,Default to steel for structural closure; switch to aluminum if mass/thermal benefit matters.,voltage/current/dielectric rating; vacuum leak rate/outgassing,,none,No same-level existing KB candidate found by rule.,,kb/items/parts/ebf3_hv_tank_ground_lug.yaml
route_batch_04,ebf3_hv_pressure_relief_seal,ebf3_hv_tank_pressure_relief,existing_route_as_leaf,0.08,0.0264,0.24,unit,discrete,polymer,silicone_rubber,metal_gasket,Vacuum/oil compatibility decides final material.,voltage/current/dielectric rating; vacuum leak rate/outgassing,vacuum_seal_assembly,accuracy_risk,Seal geometry/material/leak rate are hidden.,,kb/items/parts/ebf3_hv_pressure_relief_seal.yaml
route_batch_01,ebf3_hv_pressure_relief_valve_body,ebf3_hv_tank_pressure_relief,existing_route_as_leaf,0.22,0.0726,0.66,unit,discrete,metal,steel,aluminum,Default to steel for structural closure; switch to aluminum if mass/thermal benefit matters.,voltage/current/dielectric rating; vacuum leak rate/outgassing,pressure_relief_valve,likely_reuse,Same function; check setpoint and fluid compatibility.,,kb/items/parts/ebf3_hv_pressure_relief_valve_body.yaml
route_batch_02,ebf3_hv_tank_temperature_sensor_mount,ebf3_hv_tank_temperature_sensor,existing_route_as_leaf,0.02,0.0066,0.06,unit,discrete,metal,steel,aluminum; alumina_ceramic,Simple machined/bent/welded hardware unless insulating.,voltage/current/dielectric rating; vacuum leak rate/outgassing; circuit function/rating; stiffness/tolerance/interface fit,,none,No same-level existing KB candidate found by rule.,,kb/items/parts/ebf3_hv_tank_temperature_sensor_mount.yaml
route_batch_03,ebf3_input_rectifier_busbar_set,ebf3_input_rectifier,existing_route_as_leaf,0.7,0.231,2.1,unit,discrete,metal,aluminum,copper,Use copper only when current density or thermal penalty matters.,voltage/current/dielectric rating; circuit function/rating,rectifier_bridge_heavy_duty,accuracy_risk,Broad rectifier family match.,,kb/items/parts/ebf3_input_rectifier_busbar_set.yaml
route_batch_04,ebf3_input_rectifier_heat_sink,ebf3_input_rectifier,existing_route_as_leaf,0.8,0.32,2,unit,discrete,metal,aluminum,steel,Aluminum is the normal heat-sink material; steel only as closure proxy.,circuit function/rating; thermal load/temperature rise,rectifier_bridge_heavy_duty,accuracy_risk,Broad rectifier family match.,,kb/items/parts/ebf3_input_rectifier_heat_sink.yaml
route_batch_01,ebf3_intermediate_wire_guide_body,ebf3_intermediate_wire_guide,existing_route_as_leaf,0.16,0.064,0.4,unit,discrete,metal,steel,aluminum,Default to steel for structural closure; switch to aluminum if mass/thermal benefit matters.,motion tolerance/load/lubrication,,none,No same-level existing KB candidate found by rule.,,kb/items/parts/ebf3_intermediate_wire_guide_body.yaml
route_batch_02,ebf3_intermediate_wire_guide_wear_insert,ebf3_intermediate_wire_guide,existing_route_as_leaf,0.09,0.036,0.225,unit,discrete,ceramic,alumina_ceramic,porcelain; fused_silica,Select dielectric/thermal grade before recipe work.,motion tolerance/load/lubrication,,none,No same-level existing KB candidate found by rule.,,kb/items/parts/ebf3_intermediate_wire_guide_wear_insert.yaml
route_batch_03,ebf3_hv_lead_conductor_set,ebf3_internal_hv_leads_terminals,existing_route_as_leaf,0.6,0.198,1.8,unit,discrete,metal,aluminum_conductor,copper_conductor,"Voltage, vacuum, and temperature decide insulation.",voltage/current/dielectric rating,electrical_wire_and_connectors,accuracy_risk,"Length, conductor, insulation, and termination need scaling.",,kb/items/parts/ebf3_hv_lead_conductor_set.yaml
route_batch_04,ebf3_hv_lead_support_standoff_set,ebf3_internal_hv_leads_terminals,existing_route_as_leaf,0.2,0.066,0.6,unit,discrete,insulator,alumina_ceramic,steel,Use ceramic when electrical/thermal isolation matters; steel only for structural standoffs.,voltage/current/dielectric rating,electrical_wire_and_connectors,accuracy_risk,"Length, conductor, insulation, and termination need scaling.",,kb/items/parts/ebf3_hv_lead_support_standoff_set.yaml
route_batch_01,ebf3_matching_network_busbar_set,ebf3_inverter_matching_network,existing_route_as_leaf,0.6,0.198,1.8,unit,discrete,metal,aluminum,copper,Use copper only when current density or thermal penalty matters.,voltage/current/dielectric rating,busbar_distribution_system_v0,accuracy_risk,Current rating and conductor geometry need scaling.,,kb/items/parts/ebf3_matching_network_busbar_set.yaml
route_batch_02,ebf3_matching_network_mounting_frame,ebf3_inverter_matching_network,existing_route_as_leaf,0.9,0.45,1.8,unit,discrete,metal,steel_structural_stock,aluminum_structural_stock,Select by stiffness and fabrication route.,stiffness/tolerance/interface fit,structural_frame_small_v0,accuracy_risk,"Frame geometry, stiffness, and mounting assumptions need scaling.",,kb/items/parts/ebf3_matching_network_mounting_frame.yaml
route_batch_03,ebf3_linear_encoder_mounting_bracket_set,ebf3_linear_encoder_scales,existing_route_as_leaf,0.3,0.12,0.75,unit,discrete,metal,steel,aluminum,Simple machined/bent/welded hardware.,motion tolerance/load/lubrication; stiffness/tolerance/interface fit,linear_encoder_set,accuracy_risk,Scale/read-head/grating precision assumptions are hidden.,,kb/items/parts/ebf3_linear_encoder_mounting_bracket_set.yaml
route_batch_04,ebf3_linear_encoder_scale_strip_set,ebf3_linear_encoder_scales,existing_route_as_leaf,0.75,0.3,1.875,unit,discrete,glass,glass,,Current material_class is the starting point.,motion tolerance/load/lubrication,linear_encoder_set,accuracy_risk,Scale/read-head/grating precision assumptions are hidden.,,kb/items/parts/ebf3_linear_encoder_scale_strip_set.yaml
route_batch_01,ebf3_linear_guide_carriage_block_set,ebf3_linear_guide_carriages,existing_route_as_leaf,1.1,0.44,2.75,unit,discrete,precision_metal,steel,aluminum,Default to steel for structural closure; switch to aluminum if mass/thermal benefit matters.,motion tolerance/load/lubrication,linear_guide_rails,accuracy_risk,"Rail/carriage split, preload, straightness, and lubrication need review.",,kb/items/parts/ebf3_linear_guide_carriage_block_set.yaml
route_batch_02,ebf3_linear_guide_carriage_retainer_set,ebf3_linear_guide_carriages,existing_route_as_leaf,0.25,0.1,0.625,unit,discrete,metal,steel,aluminum,Simple retaining hardware unless high temperature.,motion tolerance/load/lubrication,linear_guide_rails,accuracy_risk,"Rail/carriage split, preload, straightness, and lubrication need review.",,kb/items/parts/ebf3_linear_guide_carriage_retainer_set.yaml
route_batch_03,ebf3_linear_guide_carriage_rolling_element_set,ebf3_linear_guide_carriages,existing_route_as_leaf,0.55,0.22,1.375,unit,discrete,precision_metal,steel,aluminum,Default to steel for structural closure; switch to aluminum if mass/thermal benefit matters.,motion tolerance/load/lubrication,linear_guide_rails,accuracy_risk,"Rail/carriage split, preload, straightness, and lubrication need review.",,kb/items/parts/ebf3_linear_guide_carriage_rolling_element_set.yaml
route_batch_04,ebf3_linear_guide_rail_body_set,ebf3_linear_guide_rails,existing_route_as_leaf,2.4,0.96,6,unit,discrete,metal,steel,aluminum,Default to steel for structural closure; switch to aluminum if mass/thermal benefit matters.,motion tolerance/load/lubrication,linear_guide_rails,accuracy_risk,"Rail/carriage split, preload, straightness, and lubrication need review.",,kb/items/parts/ebf3_linear_guide_rail_body_set.yaml
route_batch_01,ebf3_linear_guide_rail_end_stop_set,ebf3_linear_guide_rails,existing_route_as_leaf,0.3,0.12,0.75,unit,discrete,metal,steel,aluminum,Default to steel for structural closure; switch to aluminum if mass/thermal benefit matters.,motion tolerance/load/lubrication,linear_guide_rails,accuracy_risk,"Rail/carriage split, preload, straightness, and lubrication need review.",,kb/items/parts/ebf3_linear_guide_rail_end_stop_set.yaml
route_batch_02,ebf3_linear_guide_rail_mounting_hole_datum_set,ebf3_linear_guide_rails,existing_route_as_leaf,0.3,0.12,0.75,unit,discrete,metal,steel,aluminum,Default to steel for structural closure; switch to aluminum if mass/thermal benefit matters.,motion tolerance/load/lubrication,linear_guide_rails,accuracy_risk,"Rail/carriage split, preload, straightness, and lubrication need review.",,kb/items/parts/ebf3_linear_guide_rail_mounting_hole_datum_set.yaml
route_batch_03,ebf3_lv_distribution_busbar_set,ebf3_low_voltage_distribution_panel,existing_route_as_leaf,1.1,0.363,3.3,unit,discrete,metal,aluminum,copper,Use copper only when current density or thermal penalty matters.,voltage/current/dielectric rating,busbar_distribution_system_v0,accuracy_risk,Current rating and conductor geometry need scaling.,,kb/items/parts/ebf3_lv_distribution_busbar_set.yaml
route_batch_04,ebf3_disconnect_switch_actuator,ebf3_main_disconnect_switch,existing_route_as_leaf,0.4,0.2,0.8,unit,discrete,polymer,silicone_rubber,other_kb_polymer,Check vacuum/outgassing and temperature limits.,basic function/material/scale,,none,No same-level existing KB candidate found by rule.,,kb/items/parts/ebf3_disconnect_switch_actuator.yaml
route_batch_01,ebf3_matching_network_inductor_bobbin_or_insulation_set,ebf3_matching_network_inductor_set,implemented_split_child,0.18,,,unit,discrete,insulator,insulator,,Child material is only a coarse hint from the implemented split; worker must choose a simulation material or import decision.,"derive from item name, parent function, and split plan; keep HV/vacuum/thermal/magnetic/motion gates explicit",,,,,kb/items/parts/ebf3_matching_network_inductor_bobbin_or_insulation_set.yaml
route_batch_02,ebf3_matching_network_inductor_core_set,ebf3_matching_network_inductor_set,implemented_split_child,0.45,,,unit,discrete,magnetic_material,magnetic_material,,Child material is only a coarse hint from the implemented split; worker must choose a simulation material or import decision.,"derive from item name, parent function, and split plan; keep HV/vacuum/thermal/magnetic/motion gates explicit",,,,,kb/items/parts/ebf3_matching_network_inductor_core_set.yaml
route_batch_03,ebf3_matching_network_inductor_mounting_base_set,ebf3_matching_network_inductor_set,implemented_split_child,0.14,,,unit,discrete,metal,metal,,Child material is only a coarse hint from the implemented split; worker must choose a simulation material or import decision.,"derive from item name, parent function, and split plan; keep HV/vacuum/thermal/magnetic/motion gates explicit",,,,,kb/items/parts/ebf3_matching_network_inductor_mounting_base_set.yaml
route_batch_04,ebf3_matching_network_inductor_terminal_set,ebf3_matching_network_inductor_set,implemented_split_child,0.08,,,unit,discrete,conductive_metal,conductive_metal,,Child material is only a coarse hint from the implemented split; worker must choose a simulation material or import decision.,"derive from item name, parent function, and split plan; keep HV/vacuum/thermal/magnetic/motion gates explicit",,,,,kb/items/parts/ebf3_matching_network_inductor_terminal_set.yaml
route_batch_01,ebf3_matching_network_inductor_winding_set,ebf3_matching_network_inductor_set,implemented_split_child,0.45,,,unit,discrete,copper,copper,,Child material is only a coarse hint from the implemented split; worker must choose a simulation material or import decision.,"derive from item name, parent function, and split plan; keep HV/vacuum/thermal/magnetic/motion gates explicit",,,,,kb/items/parts/ebf3_matching_network_inductor_winding_set.yaml
route_batch_02,ebf3_motion_drive_heat_spreader,ebf3_motion_control_drive_module,existing_route_as_leaf,0.5,0.25,1,unit,discrete,metal,steel,aluminum,Default to steel for structural closure; switch to aluminum if mass/thermal benefit matters.,thermal load/temperature rise,,none,No same-level existing KB candidate found by rule.,,kb/items/parts/ebf3_motion_drive_heat_spreader.yaml
route_batch_03,ebf3_motor_coupling_clamp_screw_set,ebf3_motor_couplings,existing_route_as_leaf,0.08,0.032,0.2,unit,discrete,metal,steel,aluminum,Default to steel for structural closure; switch to aluminum if mass/thermal benefit matters.,motion tolerance/load/lubrication; stiffness/tolerance/interface fit,stepper_motor_precision,accuracy_risk,"Torque, vacuum compatibility, encoder, and insulation need review.",,kb/items/parts/ebf3_motor_coupling_clamp_screw_set.yaml
route_batch_04,ebf3_motor_coupling_hub_set,ebf3_motor_couplings,existing_route_as_leaf,0.28,0.112,0.7,unit,discrete,metal,steel,aluminum,Default to steel for structural closure; switch to aluminum if mass/thermal benefit matters.,motion tolerance/load/lubrication,stepper_motor_precision,accuracy_risk,"Torque, vacuum compatibility, encoder, and insulation need review.",,kb/items/parts/ebf3_motor_coupling_hub_set.yaml
route_batch_01,ebf3_motor_mount_bracket_fastener_interface_set,ebf3_motor_mount_brackets,existing_route_as_leaf,0.15,0.06,0.375,unit,discrete,metal,steel,aluminum,Simple machined/bent/welded hardware.,motion tolerance/load/lubrication; stiffness/tolerance/interface fit,stepper_motor_precision,accuracy_risk,"Torque, vacuum compatibility, encoder, and insulation need review.",,kb/items/parts/ebf3_motor_mount_bracket_fastener_interface_set.yaml
route_batch_02,ebf3_motor_mount_bracket_plate_set,ebf3_motor_mount_brackets,existing_route_as_leaf,0.65,0.26,1.625,unit,discrete,metal,steel,aluminum,Simple machined/bent/welded hardware.,motion tolerance/load/lubrication; stiffness/tolerance/interface fit,stepper_motor_precision,accuracy_risk,"Torque, vacuum compatibility, encoder, and insulation need review.",,kb/items/parts/ebf3_motor_mount_bracket_plate_set.yaml
route_batch_03,ebf3_motor_mount_bracket_spacer_set,ebf3_motor_mount_brackets,existing_route_as_leaf,0.2,0.08,0.5,unit,discrete,metal,steel,aluminum,Simple machined/bent/welded hardware.,motion tolerance/load/lubrication; stiffness/tolerance/interface fit,stepper_motor_precision,accuracy_risk,"Torque, vacuum compatibility, encoder, and insulation need review.",,kb/items/parts/ebf3_motor_mount_bracket_spacer_set.yaml
route_batch_04,ebf3_moveable_build_platform_clamp_slot_set,ebf3_moveable_build_platform,existing_route_as_leaf,0.7,0.35,1.4,unit,discrete,precision_metal,steel,aluminum,Default to steel for structural closure; switch to aluminum if mass/thermal benefit matters.,stiffness/tolerance/interface fit,,none,No same-level existing KB candidate found by rule.,,kb/items/parts/ebf3_moveable_build_platform_clamp_slot_set.yaml
route_batch_01,ebf3_moveable_build_platform_plate,ebf3_moveable_build_platform,existing_route_as_leaf,5.6,2.8,11.2,unit,discrete,precision_metal,steel_plate,aluminum_plate,"Select by stiffness, flatness, thermal exposure, and manufacturability.",stiffness/tolerance/interface fit,metal_sheet_or_plate,accuracy_risk,Stock is not a same-level replacement; use for material/process only.,,kb/items/parts/ebf3_moveable_build_platform_plate.yaml
route_batch_02,ebf3_moveable_build_platform_return_contact_pad,ebf3_moveable_build_platform,existing_route_as_leaf,0.4,0.2,0.8,unit,discrete,conductive_metal,conductive_metal,,Current material_class is the starting point.,basic function/material/scale,,none,No same-level existing KB candidate found by rule.,,kb/items/parts/ebf3_moveable_build_platform_return_contact_pad.yaml
route_batch_03,ebf3_multi_channel_driver_enclosure,ebf3_multi_channel_driver_module,existing_route_as_leaf,0.6,0.24,1.5,unit,discrete,metal,steel,aluminum,Default to steel for structural closure; switch to aluminum if mass/thermal benefit matters.,circuit function/rating,enclosure_electrical_medium,likely_reuse,Same-level enclosure if scale and environment pass review.,,kb/items/parts/ebf3_multi_channel_driver_enclosure.yaml
route_batch_04,ebf3_multi_channel_heat_sink,ebf3_multi_channel_driver_module,existing_route_as_leaf,1.2,0.6,2.4,unit,discrete,metal,aluminum,steel,Aluminum is the normal heat-sink material; steel only as closure proxy.,thermal load/temperature rise,heat_sink_base_machined,likely_reuse,Same-level heat-sink hardware if heat load is modest.,,kb/items/parts/ebf3_multi_channel_heat_sink.yaml
route_batch_01,ebf3_positioning_base_frame_crossmember_set,ebf3_positioning_base_frame,existing_route_as_leaf,2.2,1.1,4.4,unit,discrete,metal,steel_structural_stock,aluminum_structural_stock,Select by stiffness and fabrication route.,stiffness/tolerance/interface fit,structural_frame_small_v0,accuracy_risk,"Frame geometry, stiffness, and mounting assumptions need scaling.",,kb/items/parts/ebf3_positioning_base_frame_crossmember_set.yaml
route_batch_02,ebf3_positioning_base_frame_mounting_foot_set,ebf3_positioning_base_frame,existing_route_as_leaf,0.8,0.4,1.6,unit,discrete,metal,steel_structural_stock,aluminum_structural_stock,Select by stiffness and fabrication route.,stiffness/tolerance/interface fit,structural_frame_small_v0,accuracy_risk,"Frame geometry, stiffness, and mounting assumptions need scaling.",,kb/items/parts/ebf3_positioning_base_frame_mounting_foot_set.yaml
route_batch_03,ebf3_positioning_base_frame_rail_set,ebf3_positioning_base_frame,existing_route_as_leaf,4,2,8,unit,discrete,metal,steel_structural_stock,aluminum_structural_stock,Select by stiffness and fabrication route.,stiffness/tolerance/interface fit,structural_frame_small_v0,accuracy_risk,"Frame geometry, stiffness, and mounting assumptions need scaling.",,kb/items/parts/ebf3_positioning_base_frame_rail_set.yaml
route_batch_04,ebf3_positioning_bellows_end_retainer_set,ebf3_positioning_bellows_cover,existing_route_as_leaf,0.18,0.09,0.36,unit,discrete,metal,steel,aluminum,Simple retaining hardware unless high temperature.,basic function/material/scale,,none,No same-level existing KB candidate found by rule.,,kb/items/parts/ebf3_positioning_bellows_end_retainer_set.yaml
route_batch_01,ebf3_positioning_bellows_folded_cover,ebf3_positioning_bellows_cover,existing_route_as_leaf,0.55,0.275,1.1,unit,discrete,metal,steel,aluminum,Default to steel for structural closure; switch to aluminum if mass/thermal benefit matters.,basic function/material/scale,,none,No same-level existing KB candidate found by rule.,,kb/items/parts/ebf3_positioning_bellows_folded_cover.yaml
route_batch_02,ebf3_positioning_bellows_mounting_tab_set,ebf3_positioning_bellows_cover,existing_route_as_leaf,0.07,0.035,0.14,unit,discrete,metal,steel,aluminum,Default to steel for structural closure; switch to aluminum if mass/thermal benefit matters.,basic function/material/scale,,none,No same-level existing KB candidate found by rule.,,kb/items/parts/ebf3_positioning_bellows_mounting_tab_set.yaml
route_batch_03,ebf3_positioning_feedthrough_flange,ebf3_positioning_electrical_feedthrough,existing_route_as_leaf,0.2,0.066,0.6,unit,discrete,metal,steel,aluminum,Default to steel for structural closure; switch to aluminum if mass/thermal benefit matters.,voltage/current/dielectric rating; vacuum leak rate/outgassing,electrical_feedthrough_vacuum,accuracy_risk,"Vacuum seal, pin, dielectric, and voltage rating are fidelity-critical.",,kb/items/parts/ebf3_positioning_feedthrough_flange.yaml
route_batch_04,ebf3_positioning_feedthrough_insulator_body,ebf3_positioning_electrical_feedthrough,existing_route_as_leaf,0.4,0.132,1.2,unit,discrete,ceramic,alumina_ceramic,porcelain; fused_silica,Use ceramic route; dielectric/creepage rating required.,voltage/current/dielectric rating; vacuum leak rate/outgassing,electrical_feedthrough_vacuum,accuracy_risk,"Vacuum seal, pin, dielectric, and voltage rating are fidelity-critical.",,kb/items/parts/ebf3_positioning_feedthrough_insulator_body.yaml
route_batch_01,ebf3_positioning_feedthrough_motor_power_pin_set,ebf3_positioning_electrical_feedthrough,existing_route_as_leaf,0.18,0.0594,0.54,unit,discrete,conductive_metal,conductive_metal,,Current material_class is the starting point.,voltage/current/dielectric rating; vacuum leak rate/outgassing; motion tolerance/load/lubrication,electrical_feedthrough_vacuum,accuracy_risk,"Vacuum seal, pin, dielectric, and voltage rating are fidelity-critical.",,kb/items/parts/ebf3_positioning_feedthrough_motor_power_pin_set.yaml
route_batch_02,ebf3_positioning_feedthrough_shield_termination_interface,ebf3_positioning_electrical_feedthrough,existing_route_as_leaf,0.05,0.0165,0.15,unit,discrete,conductive_metal,steel,aluminum; refractory_foil,Radiation/HV shields may need refractory metal.,voltage/current/dielectric rating; vacuum leak rate/outgassing,electrical_feedthrough_vacuum,accuracy_risk,"Vacuum seal, pin, dielectric, and voltage rating are fidelity-critical.",,kb/items/parts/ebf3_positioning_feedthrough_shield_termination_interface.yaml
route_batch_03,ebf3_positioning_feedthrough_signal_pin_set,ebf3_positioning_electrical_feedthrough,existing_route_as_leaf,0.08,0.0264,0.24,unit,discrete,conductive_metal,conductive_metal,,Current material_class is the starting point.,voltage/current/dielectric rating; vacuum leak rate/outgassing,electrical_feedthrough_vacuum,accuracy_risk,"Vacuum seal, pin, dielectric, and voltage rating are fidelity-critical.",,kb/items/parts/ebf3_positioning_feedthrough_signal_pin_set.yaml
route_batch_04,ebf3_power_electronics_cold_plate_port_interface_set,ebf3_power_electronics_cooling_duct_or_line_set,implemented_split_child,0.3,,,unit,discrete,metal,metal,,Child material is only a coarse hint from the implemented split; worker must choose a simulation material or import decision.,"derive from item name, parent function, and split plan; keep HV/vacuum/thermal/magnetic/motion gates explicit",,,,lunar_vacuum_conduction_cold_plate_baseline,kb/items/parts/ebf3_power_electronics_cold_plate_port_interface_set.yaml
route_batch_01,ebf3_power_electronics_conductive_cooling_line_or_strap_set,ebf3_power_electronics_cooling_duct_or_line_set,implemented_split_child,0.3,,,unit,discrete,metal,metal,,Child material is only a coarse hint from the implemented split; worker must choose a simulation material or import decision.,"derive from item name, parent function, and split plan; keep HV/vacuum/thermal/magnetic/motion gates explicit",,,,lunar_vacuum_conduction_cold_plate_baseline,kb/items/parts/ebf3_power_electronics_conductive_cooling_line_or_strap_set.yaml
route_batch_02,ebf3_power_electronics_cooling_line_support_clamp_set,ebf3_power_electronics_cooling_duct_or_line_set,implemented_split_child,0.1,,,unit,discrete,metal,metal,,Child material is only a coarse hint from the implemented split; worker must choose a simulation material or import decision.,"derive from item name, parent function, and split plan; keep HV/vacuum/thermal/magnetic/motion gates explicit",,,,lunar_vacuum_conduction_cold_plate_baseline,kb/items/parts/ebf3_power_electronics_cooling_line_support_clamp_set.yaml
route_batch_04,ebf3_power_electronics_cooling_plate_set,ebf3_power_electronics_thermal_management,existing_route_as_leaf,2,1,4,unit,discrete,metal,steel_plate,aluminum_plate,"Select by stiffness, flatness, thermal exposure, and manufacturability.",thermal load/temperature rise; stiffness/tolerance/interface fit,metal_sheet_or_plate,accuracy_risk,Stock is not a same-level replacement; use for material/process only.,,kb/items/parts/ebf3_power_electronics_cooling_plate_set.yaml
route_batch_01,ebf3_power_electronics_heat_sink_set,ebf3_power_electronics_thermal_management,existing_route_as_leaf,3,1.5,6,unit,discrete,metal,aluminum,steel,Aluminum is the normal heat-sink material; steel only as closure proxy.,thermal load/temperature rise,heat_sink_base_machined,likely_reuse,Same-level heat-sink hardware if heat load is modest.,,kb/items/parts/ebf3_power_electronics_heat_sink_set.yaml
route_batch_02,ebf3_power_electronics_thermal_interface_set,ebf3_power_electronics_thermal_management,existing_route_as_leaf,0.8,0.4,1.6,unit,discrete,composite,composite_placeholder,split_into_materials,Split or proxy if material mix affects closure.,thermal load/temperature rise,thermal_interface_material,likely_reuse,Material proxy; check temperature and vacuum/outgassing.,,kb/items/parts/ebf3_power_electronics_thermal_interface_set.yaml
route_batch_03,ebf3_power_input_gland_body,ebf3_power_input_cable_gland,existing_route_as_leaf,0.5,0.25,1,unit,discrete,metal,steel,aluminum,Default to steel for structural closure; switch to aluminum if mass/thermal benefit matters.,basic function/material/scale,,none,No same-level existing KB candidate found by rule.,,kb/items/parts/ebf3_power_input_gland_body.yaml
route_batch_04,ebf3_power_input_gland_seal,ebf3_power_input_cable_gland,existing_route_as_leaf,0.3,0.099,0.9,unit,discrete,polymer,silicone_rubber,metal_gasket,Vacuum/oil compatibility decides final material.,vacuum leak rate/outgassing,vacuum_seal_assembly,accuracy_risk,Seal geometry/material/leak rate are hidden.,,kb/items/parts/ebf3_power_input_gland_seal.yaml
route_batch_01,ebf3_pressure_adjustment_knob_body,ebf3_pressure_adjustment_knob,existing_route_as_leaf,0.13,0.065,0.26,unit,discrete,polymer,steel,ceramic,Simple hardware; choose ceramic for heat/electrical isolation.,basic function/material/scale,,none,No same-level existing KB candidate found by rule.,,kb/items/parts/ebf3_pressure_adjustment_knob_body.yaml
route_batch_02,ebf3_pressure_adjustment_threaded_insert,ebf3_pressure_adjustment_knob,existing_route_as_leaf,0.07,0.035,0.14,unit,discrete,metal,steel,aluminum,Default to steel for structural closure; switch to aluminum if mass/thermal benefit matters.,basic function/material/scale,,none,No same-level existing KB candidate found by rule.,,kb/items/parts/ebf3_pressure_adjustment_threaded_insert.yaml
route_batch_03,ebf3_primary_transformer_core,ebf3_primary_isolation_transformer,existing_route_as_leaf,1.5,0.6,3.75,unit,discrete,metal,steel,aluminum,Default to steel for structural closure; switch to aluminum if mass/thermal benefit matters.,circuit function/rating,transformer_core,accuracy_risk,Core geometry and lamination material need scaling.,,kb/items/parts/ebf3_primary_transformer_core.yaml
route_batch_04,ebf3_primary_transformer_insulation_set,ebf3_primary_isolation_transformer,existing_route_as_leaf,0.6,0.24,1.5,unit,discrete,insulator,insulator,,Current material_class is the starting point.,circuit function/rating,high_voltage_transformer,accuracy_risk,Voltage class and insulation package need scaling.,,kb/items/parts/ebf3_primary_transformer_insulation_set.yaml
route_batch_01,ebf3_primary_transformer_mount,ebf3_primary_isolation_transformer,existing_route_as_leaf,0.6,0.24,1.5,unit,discrete,metal,steel,aluminum; alumina_ceramic,Simple machined/bent/welded hardware unless insulating.,circuit function/rating; stiffness/tolerance/interface fit,high_voltage_transformer,accuracy_risk,Voltage class and insulation package need scaling.,,kb/items/parts/ebf3_primary_transformer_mount.yaml
route_batch_02,ebf3_primary_transformer_winding_set,ebf3_primary_isolation_transformer,existing_route_as_leaf,1.3,0.52,3.25,unit,discrete,metal,steel,aluminum,Default to steel for structural closure; switch to aluminum if mass/thermal benefit matters.,circuit function/rating,high_voltage_transformer,accuracy_risk,Voltage class and insulation package need scaling.,,kb/items/parts/ebf3_primary_transformer_winding_set.yaml
route_batch_03,ebf3_ripple_inductor_core,ebf3_ripple_damping_inductor,existing_route_as_leaf,0.35,0.14,0.875,unit,discrete,metal,steel,aluminum,Default to steel for structural closure; switch to aluminum if mass/thermal benefit matters.,circuit function/rating,inductor_filter_large,accuracy_risk,"Core, winding, insulation, and rating assumptions are hidden.",,kb/items/parts/ebf3_ripple_inductor_core.yaml
route_batch_04,ebf3_ripple_inductor_insulation_set,ebf3_ripple_damping_inductor,existing_route_as_leaf,0.12,0.048,0.3,unit,discrete,insulator,insulator,,Current material_class is the starting point.,circuit function/rating,inductor_filter_large,accuracy_risk,"Core, winding, insulation, and rating assumptions are hidden.",,kb/items/parts/ebf3_ripple_inductor_insulation_set.yaml
route_batch_01,ebf3_ripple_inductor_mount,ebf3_ripple_damping_inductor,existing_route_as_leaf,0.08,0.032,0.2,unit,discrete,metal,steel,aluminum; alumina_ceramic,Simple machined/bent/welded hardware unless insulating.,circuit function/rating; stiffness/tolerance/interface fit,inductor_filter_large,accuracy_risk,"Core, winding, insulation, and rating assumptions are hidden.",,kb/items/parts/ebf3_ripple_inductor_mount.yaml
route_batch_02,ebf3_ripple_inductor_winding,ebf3_ripple_damping_inductor,existing_route_as_leaf,0.45,0.18,1.125,unit,discrete,metal,steel,aluminum,Default to steel for structural closure; switch to aluminum if mass/thermal benefit matters.,circuit function/rating,inductor_filter_large,accuracy_risk,"Core, winding, insulation, and rating assumptions are hidden.",,kb/items/parts/ebf3_ripple_inductor_winding.yaml
route_batch_03,ebf3_rotary_axis_bearing_inner_ring,ebf3_rotary_axis_bearing,existing_route_as_leaf,1.1,0.44,2.75,unit,discrete,metal,steel,aluminum,Default to steel for structural closure; switch to aluminum if mass/thermal benefit matters.,motion tolerance/load/lubrication,bearing_set_heavy,accuracy_risk,"Load, runout, lubrication, and vacuum compatibility need review.",,kb/items/parts/ebf3_rotary_axis_bearing_inner_ring.yaml
route_batch_04,ebf3_rotary_axis_bearing_outer_ring,ebf3_rotary_axis_bearing,existing_route_as_leaf,1.3,0.52,3.25,unit,discrete,metal,steel,aluminum,Default to steel for structural closure; switch to aluminum if mass/thermal benefit matters.,motion tolerance/load/lubrication,bearing_set_heavy,accuracy_risk,"Load, runout, lubrication, and vacuum compatibility need review.",,kb/items/parts/ebf3_rotary_axis_bearing_outer_ring.yaml
route_batch_01,ebf3_rotary_axis_bearing_retainer,ebf3_rotary_axis_bearing,existing_route_as_leaf,0.4,0.16,1,unit,discrete,metal,steel,aluminum,Simple retaining hardware unless high temperature.,motion tolerance/load/lubrication,bearing_set_heavy,accuracy_risk,"Load, runout, lubrication, and vacuum compatibility need review.",,kb/items/parts/ebf3_rotary_axis_bearing_retainer.yaml
route_batch_02,ebf3_rotary_axis_bearing_rolling_element_set,ebf3_rotary_axis_bearing,existing_route_as_leaf,1.2,0.48,3,unit,discrete,metal,steel,aluminum,Default to steel for structural closure; switch to aluminum if mass/thermal benefit matters.,motion tolerance/load/lubrication,bearing_set_heavy,accuracy_risk,"Load, runout, lubrication, and vacuum compatibility need review.",,kb/items/parts/ebf3_rotary_axis_bearing_rolling_element_set.yaml
route_batch_03,ebf3_rotary_axis_table_hub,ebf3_rotary_axis_table,existing_route_as_leaf,1.4,0.56,3.5,unit,discrete,precision_metal,steel,aluminum,Default to steel for structural closure; switch to aluminum if mass/thermal benefit matters.,motion tolerance/load/lubrication,,none,No same-level existing KB candidate found by rule.,,kb/items/parts/ebf3_rotary_axis_table_hub.yaml
route_batch_04,ebf3_rotary_axis_table_mounting_pattern,ebf3_rotary_axis_table,existing_route_as_leaf,0.6,0.24,1.5,unit,discrete,precision_metal,steel,aluminum,Default to steel for structural closure; switch to aluminum if mass/thermal benefit matters.,motion tolerance/load/lubrication,,none,No same-level existing KB candidate found by rule.,,kb/items/parts/ebf3_rotary_axis_table_mounting_pattern.yaml
route_batch_01,ebf3_rotary_axis_table_plate,ebf3_rotary_axis_table,existing_route_as_leaf,3,1.2,7.5,unit,discrete,precision_metal,steel_plate,aluminum_plate,"Select by stiffness, flatness, thermal exposure, and manufacturability.",motion tolerance/load/lubrication; stiffness/tolerance/interface fit,metal_sheet_or_plate,accuracy_risk,Stock is not a same-level replacement; use for material/process only.,,kb/items/parts/ebf3_rotary_axis_table_plate.yaml
route_batch_02,ebf3_rotary_encoder_scale_ring,ebf3_rotary_encoder,existing_route_as_leaf,0.18,0.072,0.45,unit,discrete,glass,glass,,Current material_class is the starting point.,motion tolerance/load/lubrication,encoder_rotary_incremental,accuracy_risk,"Resolution, vacuum, and mounting assumptions are hidden.",,kb/items/parts/ebf3_rotary_encoder_scale_ring.yaml
route_batch_03,ebf3_hv_transformer_internal_hv_lead_set,ebf3_sectioned_hv_step_up_transformer,implemented_split_child,0.6,,,unit,discrete,conductive_metal,conductive_metal,,Child material is only a coarse hint from the implemented split; worker must choose a simulation material or import decision.,"derive from item name, parent function, and split plan; keep HV/vacuum/thermal/magnetic/motion gates explicit",,,,,kb/items/parts/ebf3_hv_transformer_internal_hv_lead_set.yaml
route_batch_04,ebf3_hv_transformer_interwinding_insulation_set,ebf3_sectioned_hv_step_up_transformer,implemented_split_child,1.5,,,unit,discrete,insulator,insulator,,Child material is only a coarse hint from the implemented split; worker must choose a simulation material or import decision.,"derive from item name, parent function, and split plan; keep HV/vacuum/thermal/magnetic/motion gates explicit",,,,,kb/items/parts/ebf3_hv_transformer_interwinding_insulation_set.yaml
route_batch_01,ebf3_hv_transformer_magnetic_core_set,ebf3_sectioned_hv_step_up_transformer,implemented_split_child,3.0,,,unit,discrete,magnetic_material,magnetic_material,,Child material is only a coarse hint from the implemented split; worker must choose a simulation material or import decision.,"derive from item name, parent function, and split plan; keep HV/vacuum/thermal/magnetic/motion gates explicit",,,,,kb/items/parts/ebf3_hv_transformer_magnetic_core_set.yaml
route_batch_02,ebf3_hv_transformer_oil_interface_marker,ebf3_sectioned_hv_step_up_transformer,implemented_split_child,0.5,,,unit,discrete,composite,composite,,Child material is only a coarse hint from the implemented split; worker must choose a simulation material or import decision.,"derive from item name, parent function, and split plan; keep HV/vacuum/thermal/magnetic/motion gates explicit",,,,,kb/items/parts/ebf3_hv_transformer_oil_interface_marker.yaml
route_batch_03,ebf3_hv_transformer_primary_winding_set,ebf3_sectioned_hv_step_up_transformer,implemented_split_child,1.2,,,unit,discrete,copper,copper,,Child material is only a coarse hint from the implemented split; worker must choose a simulation material or import decision.,"derive from item name, parent function, and split plan; keep HV/vacuum/thermal/magnetic/motion gates explicit",,,,,kb/items/parts/ebf3_hv_transformer_primary_winding_set.yaml
route_batch_04,ebf3_hv_transformer_secondary_winding_set,ebf3_sectioned_hv_step_up_transformer,implemented_split_child,2.2,,,unit,discrete,copper,copper,,Child material is only a coarse hint from the implemented split; worker must choose a simulation material or import decision.,"derive from item name, parent function, and split plan; keep HV/vacuum/thermal/magnetic/motion gates explicit",,,,,kb/items/parts/ebf3_hv_transformer_secondary_winding_set.yaml
route_batch_01,ebf3_hv_transformer_section_support_structure,ebf3_sectioned_hv_step_up_transformer,implemented_split_child,1.0,,,unit,discrete,insulator,insulator,,Child material is only a coarse hint from the implemented split; worker must choose a simulation material or import decision.,"derive from item name, parent function, and split plan; keep HV/vacuum/thermal/magnetic/motion gates explicit",,,,,kb/items/parts/ebf3_hv_transformer_section_support_structure.yaml
route_batch_02,ebf3_sensor_interface_shield,ebf3_sensor_interface_module,existing_route_as_leaf,0.05,0.02,0.125,unit,discrete,metal,steel,aluminum; refractory_foil,Radiation/HV shields may need refractory metal.,circuit function/rating,,none,No same-level existing KB candidate found by rule.,,kb/items/parts/ebf3_sensor_interface_shield.yaml
route_batch_03,ebf3_spatter_shield_mounting_tab_set,ebf3_spatter_shielding,existing_route_as_leaf,0.15,0.075,0.3,unit,discrete,metal,steel,aluminum; refractory_foil,Radiation/HV shields may need refractory metal.,basic function/material/scale,,none,No same-level existing KB candidate found by rule.,,kb/items/parts/ebf3_spatter_shield_mounting_tab_set.yaml
route_batch_04,ebf3_spatter_shield_retainer_set,ebf3_spatter_shielding,existing_route_as_leaf,0.25,0.125,0.5,unit,discrete,metal,steel,aluminum,Simple retaining hardware unless high temperature.,basic function/material/scale,,none,No same-level existing KB candidate found by rule.,,kb/items/parts/ebf3_spatter_shield_retainer_set.yaml
route_batch_01,ebf3_spool_brake_adjuster_knob,ebf3_spool_brake_adjuster,existing_route_as_leaf,0.07,0.035,0.14,unit,discrete,metal,steel,ceramic,Simple hardware; choose ceramic for heat/electrical isolation.,basic function/material/scale,,none,No same-level existing KB candidate found by rule.,,kb/items/parts/ebf3_spool_brake_adjuster_knob.yaml
route_batch_02,ebf3_substrate_clamp_insulating_pad_set,ebf3_substrate_clamp,existing_route_as_leaf,0.2,0.1,0.4,unit,discrete,ceramic,alumina_ceramic,porcelain; fused_silica,Select dielectric/thermal grade before recipe work.,stiffness/tolerance/interface fit,,none,No same-level existing KB candidate found by rule.,,kb/items/parts/ebf3_substrate_clamp_insulating_pad_set.yaml
route_batch_03,ebf3_substrate_clamp_jaw_set,ebf3_substrate_clamp,existing_route_as_leaf,0.55,0.275,1.1,unit,discrete,metal,steel,aluminum,Default to steel for structural closure; switch to aluminum if mass/thermal benefit matters.,stiffness/tolerance/interface fit,,none,No same-level existing KB candidate found by rule.,,kb/items/parts/ebf3_substrate_clamp_jaw_set.yaml
route_batch_04,ebf3_tank_side_bushing_central_conductor,ebf3_tank_side_hv_output_bushing,existing_route_as_leaf,0.25,0.0825,0.75,unit,discrete,metal,aluminum,copper,Use copper only when conductivity/size penalty matters.,voltage/current/dielectric rating; vacuum leak rate/outgassing,electrical_wire_and_connectors,accuracy_risk,"Length, conductor, insulation, and termination need scaling.",,kb/items/parts/ebf3_tank_side_bushing_central_conductor.yaml
route_batch_01,ebf3_tank_side_bushing_field_grading_shield,ebf3_tank_side_hv_output_bushing,existing_route_as_leaf,0.12,0.0396,0.36,unit,discrete,conductive_metal,steel,aluminum; refractory_foil,Radiation/HV shields may need refractory metal.,voltage/current/dielectric rating; vacuum leak rate/outgassing,,none,No same-level existing KB candidate found by rule.,,kb/items/parts/ebf3_tank_side_bushing_field_grading_shield.yaml
route_batch_02,ebf3_tank_side_bushing_insulator_body,ebf3_tank_side_hv_output_bushing,existing_route_as_leaf,0.75,0.2475,2.25,unit,discrete,ceramic,alumina_ceramic,porcelain; fused_silica,Use ceramic route; dielectric/creepage rating required.,voltage/current/dielectric rating; vacuum leak rate/outgassing,,none,No same-level existing KB candidate found by rule.,,kb/items/parts/ebf3_tank_side_bushing_insulator_body.yaml
route_batch_03,ebf3_tank_side_bushing_mounting_flange,ebf3_tank_side_hv_output_bushing,existing_route_as_leaf,0.3,0.099,0.9,unit,discrete,metal,steel,aluminum,Default to steel for structural closure; switch to aluminum if mass/thermal benefit matters.,voltage/current/dielectric rating; vacuum leak rate/outgassing,,none,No same-level existing KB candidate found by rule.,,kb/items/parts/ebf3_tank_side_bushing_mounting_flange.yaml
route_batch_04,ebf3_thermal_imager_housing,ebf3_thermal_imaging_monitoring_system,existing_route_as_leaf,0.2,0.1,0.4,unit,discrete,metal,steel,aluminum,Default to steel for structural closure; switch to aluminum if mass/thermal benefit matters.,thermal load/temperature rise,enclosure_electrical_medium,accuracy_risk,Housing geometry and interface assumptions are hidden.,,kb/items/parts/ebf3_thermal_imager_housing.yaml
route_batch_01,ebf3_thermal_isolation_standoff_body_set,ebf3_thermal_isolation_standoffs,existing_route_as_leaf,0.3,0.15,0.6,unit,discrete,insulator,alumina_ceramic,steel,Use ceramic when electrical/thermal isolation matters; steel only for structural standoffs.,thermal load/temperature rise,,none,No same-level existing KB candidate found by rule.,,kb/items/parts/ebf3_thermal_isolation_standoff_body_set.yaml
route_batch_02,ebf3_thermal_isolation_standoff_fastener_interface_set,ebf3_thermal_isolation_standoffs,existing_route_as_leaf,0.04,0.02,0.08,unit,discrete,metal,alumina_ceramic,steel,Use ceramic when electrical/thermal isolation matters; steel only for structural standoffs.,thermal load/temperature rise,thermal_interface_material,likely_reuse,Material proxy; check temperature and vacuum/outgassing.,,kb/items/parts/ebf3_thermal_isolation_standoff_fastener_interface_set.yaml
route_batch_03,ebf3_thermal_isolation_standoff_washer_set,ebf3_thermal_isolation_standoffs,existing_route_as_leaf,0.06,0.03,0.12,unit,discrete,insulator,alumina_ceramic,steel,Use ceramic when electrical/thermal isolation matters; steel only for structural standoffs.,thermal load/temperature rise,fastener_kit_medium,likely_reuse,Generic washer/fastener kit is acceptable unless material is special.,,kb/items/parts/ebf3_thermal_isolation_standoff_washer_set.yaml
route_batch_04,ebf3_transformer_insulation_barrier_set,ebf3_transformer_insulation_spacers,existing_route_as_leaf,0.6,0.24,1.5,unit,discrete,insulator,insulator,,Current material_class is the starting point.,circuit function/rating,high_voltage_transformer,accuracy_risk,Voltage class and insulation package need scaling.,,kb/items/parts/ebf3_transformer_insulation_barrier_set.yaml
route_batch_01,ebf3_transformer_spacer_post_set,ebf3_transformer_insulation_spacers,existing_route_as_leaf,0.4,0.16,1,unit,discrete,insulator,steel,aluminum; alumina_ceramic,Choose ceramic if electrical/thermal isolation matters.,circuit function/rating,high_voltage_transformer,accuracy_risk,Voltage class and insulation package need scaling.,,kb/items/parts/ebf3_transformer_spacer_post_set.yaml
route_batch_02,ebf3_positioning_motor_cable_insulation_set,ebf3_vacuum_compatible_motor_cabling,existing_route_as_leaf,0.24,0.0792,0.72,unit,discrete,polymer,aluminum_conductor,copper_conductor,"Voltage, vacuum, and temperature decide insulation.",voltage/current/dielectric rating; motion tolerance/load/lubrication,assembled_cable_harness,accuracy_risk,"Length, shield, insulation, and rating need scaling.",,kb/items/parts/ebf3_positioning_motor_cable_insulation_set.yaml
route_batch_03,ebf3_positioning_motor_cable_shield_set,ebf3_vacuum_compatible_motor_cabling,existing_route_as_leaf,0.16,0.0528,0.48,unit,discrete,metal,steel,aluminum; refractory_foil,Radiation/HV shields may need refractory metal.,voltage/current/dielectric rating; motion tolerance/load/lubrication,assembled_cable_harness,accuracy_risk,"Length, shield, insulation, and rating need scaling.",,kb/items/parts/ebf3_positioning_motor_cable_shield_set.yaml
route_batch_04,ebf3_positioning_motor_power_conductor_set,ebf3_vacuum_compatible_motor_cabling,existing_route_as_leaf,0.32,0.1056,0.96,unit,discrete,metal,aluminum,copper,Use copper only when conductivity/size penalty matters.,voltage/current/dielectric rating; motion tolerance/load/lubrication,electrical_wire_and_connectors,accuracy_risk,"Length, conductor, insulation, and termination need scaling.",,kb/items/parts/ebf3_positioning_motor_power_conductor_set.yaml
route_batch_01,ebf3_positioning_signal_cable_insulation_set,ebf3_vacuum_compatible_signal_cabling,existing_route_as_leaf,0.2,0.066,0.6,unit,discrete,polymer,aluminum_conductor,copper_conductor,"Voltage, vacuum, and temperature decide insulation.",voltage/current/dielectric rating,assembled_cable_harness,accuracy_risk,"Length, shield, insulation, and rating need scaling.",,kb/items/parts/ebf3_positioning_signal_cable_insulation_set.yaml
route_batch_02,ebf3_positioning_signal_cable_shield_set,ebf3_vacuum_compatible_signal_cabling,existing_route_as_leaf,0.18,0.0594,0.54,unit,discrete,metal,steel,aluminum; refractory_foil,Radiation/HV shields may need refractory metal.,voltage/current/dielectric rating,assembled_cable_harness,accuracy_risk,"Length, shield, insulation, and rating need scaling.",,kb/items/parts/ebf3_positioning_signal_cable_shield_set.yaml
route_batch_03,ebf3_positioning_signal_conductor_set,ebf3_vacuum_compatible_signal_cabling,existing_route_as_leaf,0.24,0.0792,0.72,unit,discrete,metal,aluminum,copper,Use copper only when conductivity/size penalty matters.,voltage/current/dielectric rating,electrical_wire_and_connectors,accuracy_risk,"Length, conductor, insulation, and termination need scaling.",,kb/items/parts/ebf3_positioning_signal_conductor_set.yaml
route_batch_04,ebf3_visible_camera_housing,ebf3_visible_camera,existing_route_as_leaf,0.3,0.15,0.6,unit,discrete,metal,steel,aluminum,Default to steel for structural closure; switch to aluminum if mass/thermal benefit matters.,basic function/material/scale,machine_vision_camera_v0,accuracy_risk,"Sensor, lens, thermal/vacuum environment need review.",,kb/items/parts/ebf3_visible_camera_housing.yaml
route_batch_01,ebf3_wire_feed_control_shield,ebf3_wire_feed_control_module,existing_route_as_leaf,0.1,0.05,0.2,unit,discrete,metal,steel,aluminum; refractory_foil,Radiation/HV shields may need refractory metal.,basic function/material/scale,,none,No same-level existing KB candidate found by rule.,,kb/items/parts/ebf3_wire_feed_control_shield.yaml
route_batch_02,ebf3_wire_feed_drive_roll_body,ebf3_wire_feed_drive_roll,existing_route_as_leaf,0.22,0.11,0.44,unit,discrete,metal,steel,aluminum,Default to steel for structural closure; switch to aluminum if mass/thermal benefit matters.,basic function/material/scale,,none,No same-level existing KB candidate found by rule.,,kb/items/parts/ebf3_wire_feed_drive_roll_body.yaml
route_batch_03,ebf3_wire_feed_drive_roll_groove_profile,ebf3_wire_feed_drive_roll,existing_route_as_leaf,0.05,0.025,0.1,unit,discrete,metal,steel,aluminum,Default to steel for structural closure; switch to aluminum if mass/thermal benefit matters.,basic function/material/scale,,none,No same-level existing KB candidate found by rule.,,kb/items/parts/ebf3_wire_feed_drive_roll_groove_profile.yaml
route_batch_04,ebf3_wire_feed_encoder_target,ebf3_wire_feed_encoder_sensor,existing_route_as_leaf,0.08,0.032,0.2,unit,discrete,metal,steel,aluminum,Default to steel for structural closure; switch to aluminum if mass/thermal benefit matters.,motion tolerance/load/lubrication,encoder_rotary_incremental,accuracy_risk,"Resolution, vacuum, and mounting assumptions are hidden.",,kb/items/parts/ebf3_wire_feed_encoder_target.yaml
route_batch_01,ebf3_wire_feed_motor_housing,ebf3_wire_feed_gearmotor,existing_route_as_leaf,0.2,0.08,0.5,unit,discrete,metal,steel,aluminum,Default to steel for structural closure; switch to aluminum if mass/thermal benefit matters.,motion tolerance/load/lubrication,stepper_motor_precision,accuracy_risk,"Torque, vacuum compatibility, encoder, and insulation need review.",,kb/items/parts/ebf3_wire_feed_motor_housing.yaml
route_batch_02,ebf3_wire_feed_motor_mount_clamp_alignment_pin_set,ebf3_wire_feed_motor_mount_clamp,existing_route_as_leaf,0.04,0.016,0.1,unit,discrete,metal,steel,aluminum; alumina_ceramic,Simple machined/bent/welded hardware unless insulating.,motion tolerance/load/lubrication; stiffness/tolerance/interface fit,stepper_motor_precision,accuracy_risk,"Torque, vacuum compatibility, encoder, and insulation need review.",,kb/items/parts/ebf3_wire_feed_motor_mount_clamp_alignment_pin_set.yaml
route_batch_03,ebf3_wire_feed_motor_mount_clamp_fastener_set,ebf3_wire_feed_motor_mount_clamp,existing_route_as_leaf,0.08,0.032,0.2,unit,discrete,metal,steel,aluminum; alumina_ceramic,Simple machined/bent/welded hardware unless insulating.,motion tolerance/load/lubrication; stiffness/tolerance/interface fit,stepper_motor_precision,accuracy_risk,"Torque, vacuum compatibility, encoder, and insulation need review.",,kb/items/parts/ebf3_wire_feed_motor_mount_clamp_fastener_set.yaml
route_batch_04,ebf3_wire_feed_motor_mount_clamp_half_set,ebf3_wire_feed_motor_mount_clamp,existing_route_as_leaf,0.28,0.112,0.7,unit,discrete,metal,steel,aluminum; alumina_ceramic,Simple machined/bent/welded hardware unless insulating.,motion tolerance/load/lubrication; stiffness/tolerance/interface fit,stepper_motor_precision,accuracy_risk,"Torque, vacuum compatibility, encoder, and insulation need review.",,kb/items/parts/ebf3_wire_feed_motor_mount_clamp_half_set.yaml
route_batch_01,ebf3_wire_feed_idler_arm,ebf3_wire_feed_pressure_arm,existing_route_as_leaf,0.4,0.2,0.8,unit,discrete,metal,steel,aluminum,Default to steel for structural closure; switch to aluminum if mass/thermal benefit matters.,basic function/material/scale,,none,No same-level existing KB candidate found by rule.,,kb/items/parts/ebf3_wire_feed_idler_arm.yaml
route_batch_02,ebf3_wire_feed_pressure_arm_pivot_pin,ebf3_wire_feed_pressure_arm,existing_route_as_leaf,0.04,0.02,0.08,unit,discrete,metal,steel,aluminum,Default to steel for structural closure; switch to aluminum if mass/thermal benefit matters.,basic function/material/scale,,none,No same-level existing KB candidate found by rule.,,kb/items/parts/ebf3_wire_feed_pressure_arm_pivot_pin.yaml
route_batch_03,ebf3_wire_feed_pressure_roll,ebf3_wire_feed_pressure_arm,existing_route_as_leaf,0.25,0.125,0.5,unit,discrete,metal,steel,aluminum,Default to steel for structural closure; switch to aluminum if mass/thermal benefit matters.,basic function/material/scale,,none,No same-level existing KB candidate found by rule.,,kb/items/parts/ebf3_wire_feed_pressure_roll.yaml
route_batch_04,ebf3_drive_roll_carrier_spacer,ebf3_wire_feeder,existing_route_as_leaf,0.1,0.05,0.2,unit,discrete,metal,steel,aluminum; alumina_ceramic,Choose ceramic if electrical/thermal isolation matters.,basic function/material/scale,,none,No same-level existing KB candidate found by rule.,,kb/items/parts/ebf3_drive_roll_carrier_spacer.yaml
route_batch_01,ebf3_pressure_spring,ebf3_wire_feeder,existing_route_as_leaf,0.3,0.15,0.6,unit,discrete,metal,spring_steel,,Elastic performance dominates material selection.,basic function/material/scale,,none,No same-level existing KB candidate found by rule.,,kb/items/parts/ebf3_pressure_spring.yaml
route_batch_02,ebf3_spool_brake_washer,ebf3_wire_feeder,existing_route_as_leaf,0.08,0.04,0.16,unit,discrete,metal,steel,aluminum,Default to steel for structural closure; switch to aluminum if mass/thermal benefit matters.,basic function/material/scale,fastener_kit_medium,likely_reuse,Generic washer/fastener kit is acceptable unless material is special.,,kb/items/parts/ebf3_spool_brake_washer.yaml
route_batch_03,ebf3_spool_hub,ebf3_wire_feeder,existing_route_as_leaf,0.6,0.3,1.2,unit,discrete,metal,steel,aluminum,Default to steel for structural closure; switch to aluminum if mass/thermal benefit matters.,basic function/material/scale,,none,No same-level existing KB candidate found by rule.,,kb/items/parts/ebf3_spool_hub.yaml
route_batch_04,ebf3_spool_retaining_ring,ebf3_wire_feeder,existing_route_as_leaf,0.03,0.015,0.06,unit,discrete,metal,steel,aluminum,Default to steel for structural closure; switch to aluminum if mass/thermal benefit matters.,basic function/material/scale,,none,No same-level existing KB candidate found by rule.,,kb/items/parts/ebf3_spool_retaining_ring.yaml
route_batch_01,ebf3_spool_support_shaft,ebf3_wire_feeder,existing_route_as_leaf,0.5,0.25,1,unit,discrete,metal,steel,aluminum,Default to steel for structural closure; switch to aluminum if mass/thermal benefit matters.,stiffness/tolerance/interface fit,steel_shaft,accuracy_risk,"Length, diameter, finish, and straightness need scaling.",,kb/items/parts/ebf3_spool_support_shaft.yaml
route_batch_02,ebf3_wire_feed_motor_clamp_insulator,ebf3_wire_feeder,existing_route_as_leaf,0.2,0.066,0.6,unit,discrete,insulator,alumina_ceramic,porcelain; fused_silica,Use ceramic route; dielectric/creepage rating required.,voltage/current/dielectric rating; motion tolerance/load/lubrication; stiffness/tolerance/interface fit,stepper_motor_precision,accuracy_risk,"Torque, vacuum compatibility, encoder, and insulation need review.",,kb/items/parts/ebf3_wire_feed_motor_clamp_insulator.yaml
route_batch_03,ebf3_wire_feeder_base_stiffener,ebf3_wire_feeder,existing_route_as_leaf,0.4,0.2,0.8,unit,discrete,metal,steel,aluminum,Default to steel for structural closure; switch to aluminum if mass/thermal benefit matters.,basic function/material/scale,,none,No same-level existing KB candidate found by rule.,,kb/items/parts/ebf3_wire_feeder_base_stiffener.yaml
route_batch_04,ebf3_wire_inlet_guide,ebf3_wire_feeder,existing_route_as_leaf,0.15,0.06,0.375,unit,discrete,metal,steel,aluminum,Default to steel for structural closure; switch to aluminum if mass/thermal benefit matters.,motion tolerance/load/lubrication,,none,No same-level existing KB candidate found by rule.,,kb/items/parts/ebf3_wire_inlet_guide.yaml
route_batch_01,ebf3_wire_outlet_guide_tube,ebf3_wire_feeder,existing_route_as_leaf,0.25,0.1,0.625,unit,discrete,metal,steel,aluminum,Default to steel for structural closure; switch to aluminum if mass/thermal benefit matters.,motion tolerance/load/lubrication,,none,No same-level existing KB candidate found by rule.,,kb/items/parts/ebf3_wire_outlet_guide_tube.yaml
route_batch_02,ebf3_wire_feeder_base_mounting_slot_set,ebf3_wire_feeder_base,existing_route_as_leaf,0.36,0.18,0.72,unit,discrete,metal,steel,aluminum,Default to steel for structural closure; switch to aluminum if mass/thermal benefit matters.,basic function/material/scale,,none,No same-level existing KB candidate found by rule.,,kb/items/parts/ebf3_wire_feeder_base_mounting_slot_set.yaml
route_batch_03,ebf3_wire_feeder_base_plate,ebf3_wire_feeder_base,existing_route_as_leaf,1.8,0.9,3.6,unit,discrete,metal,steel_plate,aluminum_plate,"Select by stiffness, flatness, thermal exposure, and manufacturability.",stiffness/tolerance/interface fit,metal_sheet_or_plate,accuracy_risk,Stock is not a same-level replacement; use for material/process only.,,kb/items/parts/ebf3_wire_feeder_base_plate.yaml
route_batch_04,ebf3_wire_feeder_base_standoff_set,ebf3_wire_feeder_base,existing_route_as_leaf,0.7,0.35,1.4,unit,discrete,metal,alumina_ceramic,steel,Use ceramic when electrical/thermal isolation matters; steel only for structural standoffs.,basic function/material/scale,,none,No same-level existing KB candidate found by rule.,,kb/items/parts/ebf3_wire_feeder_base_standoff_set.yaml
route_batch_01,ebf3_wire_feeder_feedthrough_flange,ebf3_wire_feeder_feedthrough_connector,existing_route_as_leaf,0.08,0.0264,0.24,unit,discrete,metal,steel,aluminum,Default to steel for structural closure; switch to aluminum if mass/thermal benefit matters.,voltage/current/dielectric rating; vacuum leak rate/outgassing,electrical_feedthrough_vacuum,accuracy_risk,"Vacuum seal, pin, dielectric, and voltage rating are fidelity-critical.",,kb/items/parts/ebf3_wire_feeder_feedthrough_flange.yaml
route_batch_02,ebf3_wire_feeder_feedthrough_insulator_body,ebf3_wire_feeder_feedthrough_connector,existing_route_as_leaf,0.18,0.0594,0.54,unit,discrete,ceramic,alumina_ceramic,porcelain; fused_silica,Use ceramic route; dielectric/creepage rating required.,voltage/current/dielectric rating; vacuum leak rate/outgassing,electrical_feedthrough_vacuum,accuracy_risk,"Vacuum seal, pin, dielectric, and voltage rating are fidelity-critical.",,kb/items/parts/ebf3_wire_feeder_feedthrough_insulator_body.yaml
route_batch_03,ebf3_wire_feeder_feedthrough_motor_power_pin_set,ebf3_wire_feeder_feedthrough_connector,existing_route_as_leaf,0.08,0.0264,0.24,unit,discrete,conductive_metal,conductive_metal,,Current material_class is the starting point.,voltage/current/dielectric rating; vacuum leak rate/outgassing; motion tolerance/load/lubrication,electrical_feedthrough_vacuum,accuracy_risk,"Vacuum seal, pin, dielectric, and voltage rating are fidelity-critical.",,kb/items/parts/ebf3_wire_feeder_feedthrough_motor_power_pin_set.yaml
route_batch_04,ebf3_wire_feeder_feedthrough_shield_termination_interface,ebf3_wire_feeder_feedthrough_connector,existing_route_as_leaf,0.03,0.0099,0.09,unit,discrete,conductive_metal,steel,aluminum; refractory_foil,Radiation/HV shields may need refractory metal.,voltage/current/dielectric rating; vacuum leak rate/outgassing,electrical_feedthrough_vacuum,accuracy_risk,"Vacuum seal, pin, dielectric, and voltage rating are fidelity-critical.",,kb/items/parts/ebf3_wire_feeder_feedthrough_shield_termination_interface.yaml
route_batch_01,ebf3_wire_feeder_feedthrough_signal_pin_set,ebf3_wire_feeder_feedthrough_connector,existing_route_as_leaf,0.04,0.0132,0.12,unit,discrete,conductive_metal,conductive_metal,,Current material_class is the starting point.,voltage/current/dielectric rating; vacuum leak rate/outgassing,electrical_feedthrough_vacuum,accuracy_risk,"Vacuum seal, pin, dielectric, and voltage rating are fidelity-critical.",,kb/items/parts/ebf3_wire_feeder_feedthrough_signal_pin_set.yaml
route_batch_02,ebf3_wire_feeder_gun_bracket_alignment_pin_set,ebf3_wire_feeder_mount_to_gun_bracket,existing_route_as_leaf,0.2,0.066,0.6,unit,discrete,metal,steel,aluminum,Simple machined/bent/welded hardware.,electron-beam geometry/thermal stability; stiffness/tolerance/interface fit,,none,No same-level existing KB candidate found by rule.,,kb/items/parts/ebf3_wire_feeder_gun_bracket_alignment_pin_set.yaml
route_batch_03,ebf3_wire_feeder_gun_bracket_body,ebf3_wire_feeder_mount_to_gun_bracket,existing_route_as_leaf,0.8,0.264,2.4,unit,discrete,metal,steel,aluminum,Simple machined/bent/welded hardware.,electron-beam geometry/thermal stability; stiffness/tolerance/interface fit,,none,No same-level existing KB candidate found by rule.,,kb/items/parts/ebf3_wire_feeder_gun_bracket_body.yaml
route_batch_04,ebf3_wire_feeder_gun_bracket_fastener_interface_set,ebf3_wire_feeder_mount_to_gun_bracket,existing_route_as_leaf,0.2,0.066,0.6,unit,discrete,metal,steel,aluminum,Simple machined/bent/welded hardware.,electron-beam geometry/thermal stability; stiffness/tolerance/interface fit,fastener_kit_medium,likely_reuse,Generic fastener kit is acceptable for non-precision interfaces.,,kb/items/parts/ebf3_wire_feeder_gun_bracket_fastener_interface_set.yaml
route_batch_01,ebf3_wire_spool_core,ebf3_wire_spool,existing_route_as_leaf,0.35,0.175,0.7,unit,discrete,metal,steel,aluminum,Default to steel for structural closure; switch to aluminum if mass/thermal benefit matters.,basic function/material/scale,,none,No same-level existing KB candidate found by rule.,,kb/items/parts/ebf3_wire_spool_core.yaml
route_batch_02,ebf3_wire_spool_flange_set,ebf3_wire_spool,existing_route_as_leaf,0.35,0.175,0.7,unit,discrete,metal,steel,aluminum,Default to steel for structural closure; switch to aluminum if mass/thermal benefit matters.,basic function/material/scale,,none,No same-level existing KB candidate found by rule.,,kb/items/parts/ebf3_wire_spool_flange_set.yaml
route_batch_03,ebf3_wire_spool_retention_feature_set,ebf3_wire_spool,existing_route_as_leaf,0.1,0.05,0.2,unit,discrete,metal,steel,aluminum,Default to steel for structural closure; switch to aluminum if mass/thermal benefit matters.,basic function/material/scale,,none,No same-level existing KB candidate found by rule.,,kb/items/parts/ebf3_wire_spool_retention_feature_set.yaml
route_batch_04,ebf3_z_axis_brake_mount,ebf3_z_axis_brake,existing_route_as_leaf,0.2,0.08,0.5,unit,discrete,metal,steel,aluminum; alumina_ceramic,Simple machined/bent/welded hardware unless insulating.,motion tolerance/load/lubrication; stiffness/tolerance/interface fit,,none,No same-level existing KB candidate found by rule.,,kb/items/parts/ebf3_z_axis_brake_mount.yaml
route_batch_01,ebf3_z_axis_counterbalance_anchor_set,ebf3_z_axis_counterbalance,existing_route_as_leaf,0.25,0.1,0.625,unit,discrete,metal,steel,aluminum,Default to steel for structural closure; switch to aluminum if mass/thermal benefit matters.,motion tolerance/load/lubrication,,none,No same-level existing KB candidate found by rule.,,kb/items/parts/ebf3_z_axis_counterbalance_anchor_set.yaml
route_batch_02,ebf3_z_axis_counterbalance_guide_or_link,ebf3_z_axis_counterbalance,existing_route_as_leaf,0.2,0.08,0.5,unit,discrete,metal,steel,aluminum,Default to steel for structural closure; switch to aluminum if mass/thermal benefit matters.,motion tolerance/load/lubrication,,none,No same-level existing KB candidate found by rule.,,kb/items/parts/ebf3_z_axis_counterbalance_guide_or_link.yaml
route_batch_03,ebf3_z_axis_counterbalance_metal_spring_element,ebf3_z_axis_counterbalance_force_element,implemented_split_child,0.35,,,unit,discrete,metal,metal,,Child material is only a coarse hint from the implemented split; worker must choose a simulation material or import decision.,"derive from item name, parent function, and split plan; keep HV/vacuum/thermal/magnetic/motion gates explicit",,,,metal_spring_counterbalance_baseline,kb/items/parts/ebf3_z_axis_counterbalance_metal_spring_element.yaml
route_batch_04,ebf3_z_axis_counterbalance_preload_adjustment_interface,ebf3_z_axis_counterbalance_force_element,implemented_split_child,0.08,,,unit,discrete,metal,metal,,Child material is only a coarse hint from the implemented split; worker must choose a simulation material or import decision.,"derive from item name, parent function, and split plan; keep HV/vacuum/thermal/magnetic/motion gates explicit",,,,metal_spring_counterbalance_baseline,kb/items/parts/ebf3_z_axis_counterbalance_preload_adjustment_interface.yaml
route_batch_01,ebf3_z_axis_counterbalance_spring_end_seat_set,ebf3_z_axis_counterbalance_force_element,implemented_split_child,0.12,,,unit,discrete,metal,metal,,Child material is only a coarse hint from the implemented split; worker must choose a simulation material or import decision.,"derive from item name, parent function, and split plan; keep HV/vacuum/thermal/magnetic/motion gates explicit",,,,metal_spring_counterbalance_baseline,kb/items/parts/ebf3_z_axis_counterbalance_spring_end_seat_set.yaml
