priority,queue_reason,item_id,policy,route_decision,mass_nominal_kg,material,availability_class,confidence,active_recipe_id,recipe_exists,current_process_ids,process_paths,current_machine_ids,decision_machine_ids,machine_selection_statuses,machine_risk_flags,machine_evidence_sources,reasoning_brief,item_path,worker_task,worker_decision,worker_notes
110,rerouted_existing_process_still_flagged,ebf3_emi_filter_choke_bobbin_or_insulation_set,sensitivity_flag,lunar_candidate_flagged,0.12,alumina_ceramic,local_derived,medium,recipe_ebf3_emi_filter_choke_bobbin_or_insulation_set,True,ceramic_forming_basic_v0;ceramic_sintering_process_v0,kb/processes/ceramic_forming_basic_v0.yaml;kb/processes/ceramic_sintering_process_v0.yaml,pressing_mold_set;hydraulic_press;kiln_ceramic;labor_bot_general_v0,pressing_mold_set;hydraulic_press;kiln_ceramic;labor_bot_general_v0,labor_bot_general_v0:usable_unreviewed;pressing_mold_set:usable_unreviewed;hydraulic_press:usable_unreviewed;kiln_ceramic:usable_unreviewed,,labor_bot_general_v0:process_resource_use;pressing_mold_set:process_resource_use;hydraulic_press:process_resource_use;kiln_ceramic:process_resource_use,Alumina insulation has local-derived material support but choke dielectric and winding geometry need flagged validation,kb/items/parts/ebf3_emi_filter_choke_bobbin_or_insulation_set.yaml,"Review whether current process/machine route can support this EBF3 leaf. Ignore capabilities as standalone proof; use machine selection_status/evidence/risk, process inputs/outputs, item material, mass, and performance requirements. Do not rerun local_nominal/import_nominal items. Output one of: keep_flagged_local, reroute_existing_process, needs_new_process_chain, import_until_gap_resolved, import_nominal.",reroute_existing_process,"Existing ceramic forming/sintering route has concrete press/mold/kiln machines now usable_unreviewed; keep only part-specific dielectric, wear, thermal shock, dimensional, or cleanliness flags."
110,performance_or_qa_route_gap,ebf3_gun_secondary_pickup_insulator,import_until_gap_resolved,route_gap,0.05,ceramic,local_derived,medium,,False,ceramic_forming_basic_v0;ceramic_sintering_process_v0,kb/processes/ceramic_forming_basic_v0.yaml;kb/processes/ceramic_sintering_process_v0.yaml,labor_bot_general_v0;pressing_mold_set;hydraulic_press;kiln_ceramic,labor_bot_general_v0;pressing_mold_set;hydraulic_press;kiln_ceramic,pressing_mold_set:usable_unreviewed;hydraulic_press:usable_unreviewed;kiln_ceramic:usable_unreviewed;labor_bot_general_v0:usable_unreviewed,,pressing_mold_set:process_resource_use;hydraulic_press:process_resource_use;kiln_ceramic:process_resource_use;labor_bot_general_v0:process_resource_use,Small alumina pickup insulator is a local candidate but signal isolation in the gun needs flagged dielectric checks,kb/items/parts/ebf3_gun_secondary_pickup_insulator.yaml,"Review whether current process/machine route can support this EBF3 leaf. Ignore capabilities as standalone proof; use machine selection_status/evidence/risk, process inputs/outputs, item material, mass, and performance requirements. Do not rerun local_nominal/import_nominal items. Output one of: keep_flagged_local, reroute_existing_process, needs_new_process_chain, import_until_gap_resolved, import_nominal.",import_until_gap_resolved,"Material route is lunar-plausible, but this part is an HV/electron-gun/feedthrough dielectric boundary requiring creepage, leakage, partial-discharge or hermetic QA; labor-bot capability is irrelevant."
110,labor_only_route_check,ebf3_hv_cable_braided_shield,import_until_gap_resolved,route_gap,0.18,aluminum,local_derived,medium,,False,wire_forming_process_v0,kb/processes/wire_forming_process_v0.yaml,labor_bot_general_v0,labor_bot_general_v0,labor_bot_general_v0:usable_unreviewed,,labor_bot_general_v0:process_resource_use,Shield braid stays flagged local only as plain steel or aluminum braid; stainless alloy trace-element dependence is not assumed,kb/items/parts/ebf3_hv_cable_braided_shield.yaml,"Review whether current process/machine route can support this EBF3 leaf. Ignore capabilities as standalone proof; use machine selection_status/evidence/risk, process inputs/outputs, item material, mass, and performance requirements. Do not rerun local_nominal/import_nominal items. Output one of: keep_flagged_local, reroute_existing_process, needs_new_process_chain, import_until_gap_resolved, import_nominal.",needs_new_process_chain,"Existing KB has wire drawing/spool processes, but a braided/flexible shield needs explicit braid coverage, tensioning, termination continuity, flex, and vacuum cleanliness; not a labor-only operation."
110,performance_or_qa_route_gap,ebf3_hv_voltage_divider_insulating_support,import_until_gap_resolved,route_gap,0.1,alumina_ceramic,local_derived,medium,,False,ceramic_forming_basic_v0;ceramic_sintering_process_v0,kb/processes/ceramic_forming_basic_v0.yaml;kb/processes/ceramic_sintering_process_v0.yaml,labor_bot_general_v0;pressing_mold_set;hydraulic_press;kiln_ceramic,labor_bot_general_v0;pressing_mold_set;hydraulic_press;kiln_ceramic,labor_bot_general_v0:usable_unreviewed;pressing_mold_set:usable_unreviewed;hydraulic_press:usable_unreviewed;kiln_ceramic:usable_unreviewed,,labor_bot_general_v0:process_resource_use;pressing_mold_set:process_resource_use;hydraulic_press:process_resource_use;kiln_ceramic:process_resource_use,Alumina support is plausible but HV divider accuracy and leakage need a flagged route,kb/items/parts/ebf3_hv_voltage_divider_insulating_support.yaml,"Review whether current process/machine route can support this EBF3 leaf. Ignore capabilities as standalone proof; use machine selection_status/evidence/risk, process inputs/outputs, item material, mass, and performance requirements. Do not rerun local_nominal/import_nominal items. Output one of: keep_flagged_local, reroute_existing_process, needs_new_process_chain, import_until_gap_resolved, import_nominal.",import_until_gap_resolved,"Material route is lunar-plausible, but this part is an HV/electron-gun/feedthrough dielectric boundary requiring creepage, leakage, partial-discharge or hermetic QA; labor-bot capability is irrelevant."
110,rerouted_existing_process_still_flagged,ebf3_intermediate_wire_guide_wear_insert,sensitivity_flag,lunar_candidate_flagged,0.09,ceramic,local_derived,medium,recipe_ebf3_intermediate_wire_guide_wear_insert,True,ceramic_forming_basic_v0;ceramic_sintering_process_v0,kb/processes/ceramic_forming_basic_v0.yaml;kb/processes/ceramic_sintering_process_v0.yaml,pressing_mold_set;hydraulic_press;kiln_ceramic;labor_bot_general_v0,pressing_mold_set;hydraulic_press;kiln_ceramic;labor_bot_general_v0,labor_bot_general_v0:usable_unreviewed;pressing_mold_set:usable_unreviewed;hydraulic_press:usable_unreviewed;kiln_ceramic:usable_unreviewed,,labor_bot_general_v0:process_resource_use;pressing_mold_set:process_resource_use;hydraulic_press:process_resource_use;kiln_ceramic:process_resource_use,Alumina wear insert is plausible locally but wear face quality and chipping risk make it flagged,kb/items/parts/ebf3_intermediate_wire_guide_wear_insert.yaml,"Review whether current process/machine route can support this EBF3 leaf. Ignore capabilities as standalone proof; use machine selection_status/evidence/risk, process inputs/outputs, item material, mass, and performance requirements. Do not rerun local_nominal/import_nominal items. Output one of: keep_flagged_local, reroute_existing_process, needs_new_process_chain, import_until_gap_resolved, import_nominal.",reroute_existing_process,"Existing ceramic forming/sintering route has concrete press/mold/kiln machines now usable_unreviewed; keep only part-specific dielectric, wear, thermal shock, dimensional, or cleanliness flags."
110,labor_only_route_check,ebf3_positioning_signal_cable_shield_set,import_until_gap_resolved,route_gap,0.18,aluminum,local_derived,medium,,False,wire_forming_process_v0,kb/processes/wire_forming_process_v0.yaml,labor_bot_general_v0,labor_bot_general_v0,labor_bot_general_v0:usable_unreviewed,,labor_bot_general_v0:process_resource_use,Cable shield stays flagged local only as plain steel or aluminum braid; stainless alloy trace-element dependence is not assumed,kb/items/parts/ebf3_positioning_signal_cable_shield_set.yaml,"Review whether current process/machine route can support this EBF3 leaf. Ignore capabilities as standalone proof; use machine selection_status/evidence/risk, process inputs/outputs, item material, mass, and performance requirements. Do not rerun local_nominal/import_nominal items. Output one of: keep_flagged_local, reroute_existing_process, needs_new_process_chain, import_until_gap_resolved, import_nominal.",needs_new_process_chain,"Existing KB has wire drawing/spool processes, but a braided/flexible shield needs explicit braid coverage, tensioning, termination continuity, flex, and vacuum cleanliness; not a labor-only operation."
110,rerouted_existing_process_still_flagged,ebf3_substrate_clamp_insulating_pad_set,sensitivity_flag,lunar_candidate_flagged,0.2,ceramic,local_derived,medium,recipe_ebf3_substrate_clamp_insulating_pad_set,True,ceramic_forming_basic_v0;ceramic_sintering_process_v0,kb/processes/ceramic_forming_basic_v0.yaml;kb/processes/ceramic_sintering_process_v0.yaml,pressing_mold_set;hydraulic_press;kiln_ceramic;labor_bot_general_v0,pressing_mold_set;hydraulic_press;kiln_ceramic;labor_bot_general_v0,labor_bot_general_v0:usable_unreviewed;pressing_mold_set:usable_unreviewed;hydraulic_press:usable_unreviewed;kiln_ceramic:usable_unreviewed,,labor_bot_general_v0:process_resource_use;pressing_mold_set:process_resource_use;hydraulic_press:process_resource_use;kiln_ceramic:process_resource_use,Alumina pads are local candidates but clamp isolation and thermal cycling are flagged,kb/items/parts/ebf3_substrate_clamp_insulating_pad_set.yaml,"Review whether current process/machine route can support this EBF3 leaf. Ignore capabilities as standalone proof; use machine selection_status/evidence/risk, process inputs/outputs, item material, mass, and performance requirements. Do not rerun local_nominal/import_nominal items. Output one of: keep_flagged_local, reroute_existing_process, needs_new_process_chain, import_until_gap_resolved, import_nominal.",reroute_existing_process,"Existing ceramic forming/sintering route has concrete press/mold/kiln machines now usable_unreviewed; keep only part-specific dielectric, wear, thermal shock, dimensional, or cleanliness flags."
110,rerouted_existing_process_still_flagged,ebf3_thermal_isolation_standoff_body_set,sensitivity_flag,lunar_candidate_flagged,0.3,alumina_ceramic,local_derived,medium,recipe_ebf3_thermal_isolation_standoff_body_set,True,ceramic_forming_basic_v0;ceramic_sintering_process_v0,kb/processes/ceramic_forming_basic_v0.yaml;kb/processes/ceramic_sintering_process_v0.yaml,pressing_mold_set;hydraulic_press;kiln_ceramic;labor_bot_general_v0,pressing_mold_set;hydraulic_press;kiln_ceramic;labor_bot_general_v0,labor_bot_general_v0:usable_unreviewed;pressing_mold_set:usable_unreviewed;hydraulic_press:usable_unreviewed;kiln_ceramic:usable_unreviewed,,labor_bot_general_v0:process_resource_use;pressing_mold_set:process_resource_use;hydraulic_press:process_resource_use;kiln_ceramic:process_resource_use,Alumina standoffs are plausible local ceramic parts but thermal isolation performance needs a flag,kb/items/parts/ebf3_thermal_isolation_standoff_body_set.yaml,"Review whether current process/machine route can support this EBF3 leaf. Ignore capabilities as standalone proof; use machine selection_status/evidence/risk, process inputs/outputs, item material, mass, and performance requirements. Do not rerun local_nominal/import_nominal items. Output one of: keep_flagged_local, reroute_existing_process, needs_new_process_chain, import_until_gap_resolved, import_nominal.",reroute_existing_process,"Existing ceramic forming/sintering route has concrete press/mold/kiln machines now usable_unreviewed; keep only part-specific dielectric, wear, thermal shock, dimensional, or cleanliness flags."
110,rerouted_existing_process_still_flagged,ebf3_thermal_isolation_standoff_fastener_interface_set,sensitivity_flag,lunar_candidate_flagged,0.04,ceramic,local_derived,medium,recipe_ebf3_thermal_isolation_standoff_fastener_interface_set,True,ceramic_forming_basic_v0;ceramic_sintering_process_v0,kb/processes/ceramic_forming_basic_v0.yaml;kb/processes/ceramic_sintering_process_v0.yaml,pressing_mold_set;hydraulic_press;kiln_ceramic;labor_bot_general_v0,pressing_mold_set;hydraulic_press;kiln_ceramic;labor_bot_general_v0,labor_bot_general_v0:usable_unreviewed;pressing_mold_set:usable_unreviewed;hydraulic_press:usable_unreviewed;kiln_ceramic:usable_unreviewed,,labor_bot_general_v0:process_resource_use;pressing_mold_set:process_resource_use;hydraulic_press:process_resource_use;kiln_ceramic:process_resource_use,Local alumina can support this small interface but thermal and fastening behavior stay flagged,kb/items/parts/ebf3_thermal_isolation_standoff_fastener_interface_set.yaml,"Review whether current process/machine route can support this EBF3 leaf. Ignore capabilities as standalone proof; use machine selection_status/evidence/risk, process inputs/outputs, item material, mass, and performance requirements. Do not rerun local_nominal/import_nominal items. Output one of: keep_flagged_local, reroute_existing_process, needs_new_process_chain, import_until_gap_resolved, import_nominal.",reroute_existing_process,"Existing ceramic forming/sintering route has concrete press/mold/kiln machines now usable_unreviewed; keep only part-specific dielectric, wear, thermal shock, dimensional, or cleanliness flags."
110,rerouted_existing_process_still_flagged,ebf3_wire_feed_motor_clamp_insulator,sensitivity_flag,lunar_candidate_flagged,0.2,alumina_ceramic,local_derived,medium,recipe_ebf3_wire_feed_motor_clamp_insulator,True,ceramic_forming_basic_v0;ceramic_sintering_process_v0,kb/processes/ceramic_forming_basic_v0.yaml;kb/processes/ceramic_sintering_process_v0.yaml,pressing_mold_set;hydraulic_press;kiln_ceramic;labor_bot_general_v0,pressing_mold_set;hydraulic_press;kiln_ceramic;labor_bot_general_v0,labor_bot_general_v0:usable_unreviewed;pressing_mold_set:usable_unreviewed;hydraulic_press:usable_unreviewed;kiln_ceramic:usable_unreviewed,,labor_bot_general_v0:process_resource_use;pressing_mold_set:process_resource_use;hydraulic_press:process_resource_use;kiln_ceramic:process_resource_use,Alumina motor clamp insulation is locally plausible but dielectric and mechanical clamp behavior are flagged,kb/items/parts/ebf3_wire_feed_motor_clamp_insulator.yaml,"Review whether current process/machine route can support this EBF3 leaf. Ignore capabilities as standalone proof; use machine selection_status/evidence/risk, process inputs/outputs, item material, mass, and performance requirements. Do not rerun local_nominal/import_nominal items. Output one of: keep_flagged_local, reroute_existing_process, needs_new_process_chain, import_until_gap_resolved, import_nominal.",reroute_existing_process,"Existing ceramic forming/sintering route has concrete press/mold/kiln machines now usable_unreviewed; keep only part-specific dielectric, wear, thermal shock, dimensional, or cleanliness flags."
95,performance_or_qa_route_gap,ebf3_gun_beam_boundary_pickup_insulator,import_until_gap_resolved,route_gap,0.06,ceramic,local_derived,medium,,False,ceramic_forming_basic_v0;ceramic_sintering_process_v0,kb/processes/ceramic_forming_basic_v0.yaml;kb/processes/ceramic_sintering_process_v0.yaml,labor_bot_general_v0;pressing_mold_set;hydraulic_press;kiln_ceramic,labor_bot_general_v0;pressing_mold_set;hydraulic_press;kiln_ceramic,labor_bot_general_v0:usable_unreviewed;pressing_mold_set:usable_unreviewed;hydraulic_press:usable_unreviewed;kiln_ceramic:usable_unreviewed,,labor_bot_general_v0:process_resource_use;pressing_mold_set:process_resource_use;hydraulic_press:process_resource_use;kiln_ceramic:process_resource_use,"Active beam-boundary insulator material may be lunar-derived, but HV/vacuum dielectric and charging performance make this a route gap",kb/items/parts/ebf3_gun_beam_boundary_pickup_insulator.yaml,"Review whether current process/machine route can support this EBF3 leaf. Ignore capabilities as standalone proof; use machine selection_status/evidence/risk, process inputs/outputs, item material, mass, and performance requirements. Do not rerun local_nominal/import_nominal items. Output one of: keep_flagged_local, reroute_existing_process, needs_new_process_chain, import_until_gap_resolved, import_nominal.",import_until_gap_resolved,"Material route is lunar-plausible, but this part is an HV/electron-gun/feedthrough dielectric boundary requiring creepage, leakage, partial-discharge or hermetic QA; labor-bot capability is irrelevant."
95,performance_or_qa_route_gap,ebf3_gun_cathode_ceramic_standoff_set,import_until_gap_resolved,route_gap,0.05,ceramic,local_derived,medium,,False,ceramic_forming_basic_v0;ceramic_sintering_process_v0,kb/processes/ceramic_forming_basic_v0.yaml;kb/processes/ceramic_sintering_process_v0.yaml,labor_bot_general_v0;pressing_mold_set;hydraulic_press;kiln_ceramic,labor_bot_general_v0;pressing_mold_set;hydraulic_press;kiln_ceramic,pressing_mold_set:usable_unreviewed;hydraulic_press:usable_unreviewed;kiln_ceramic:usable_unreviewed;labor_bot_general_v0:usable_unreviewed,,pressing_mold_set:process_resource_use;hydraulic_press:process_resource_use;kiln_ceramic:process_resource_use;labor_bot_general_v0:process_resource_use,Cathode-region ceramic standoffs are a route gap until active-region dielectric/thermal qualification is modeled,kb/items/parts/ebf3_gun_cathode_ceramic_standoff_set.yaml,"Review whether current process/machine route can support this EBF3 leaf. Ignore capabilities as standalone proof; use machine selection_status/evidence/risk, process inputs/outputs, item material, mass, and performance requirements. Do not rerun local_nominal/import_nominal items. Output one of: keep_flagged_local, reroute_existing_process, needs_new_process_chain, import_until_gap_resolved, import_nominal.",import_until_gap_resolved,"Material route is lunar-plausible, but this part is an HV/electron-gun/feedthrough dielectric boundary requiring creepage, leakage, partial-discharge or hermetic QA; labor-bot capability is irrelevant."
95,performance_or_qa_route_gap,ebf3_gun_hv_insulator_ceramic_body,import_until_gap_resolved,route_gap,0.45,ceramic,local_derived,medium,,False,ceramic_forming_basic_v0;ceramic_sintering_process_v0,kb/processes/ceramic_forming_basic_v0.yaml;kb/processes/ceramic_sintering_process_v0.yaml,labor_bot_general_v0;pressing_mold_set;hydraulic_press;kiln_ceramic,labor_bot_general_v0;pressing_mold_set;hydraulic_press;kiln_ceramic,pressing_mold_set:usable_unreviewed;hydraulic_press:usable_unreviewed;kiln_ceramic:usable_unreviewed;labor_bot_general_v0:usable_unreviewed,,pressing_mold_set:process_resource_use;hydraulic_press:process_resource_use;kiln_ceramic:process_resource_use;labor_bot_general_v0:process_resource_use,Gun HV insulator ceramic body is route_gap despite local alumina feedstock,kb/items/parts/ebf3_gun_hv_insulator_ceramic_body.yaml,"Review whether current process/machine route can support this EBF3 leaf. Ignore capabilities as standalone proof; use machine selection_status/evidence/risk, process inputs/outputs, item material, mass, and performance requirements. Do not rerun local_nominal/import_nominal items. Output one of: keep_flagged_local, reroute_existing_process, needs_new_process_chain, import_until_gap_resolved, import_nominal.",import_until_gap_resolved,"Material route is lunar-plausible, but this part is an HV/electron-gun/feedthrough dielectric boundary requiring creepage, leakage, partial-discharge or hermetic QA; labor-bot capability is irrelevant."
95,performance_or_qa_route_gap,ebf3_gun_hv_insulator_mounting_collar_set,import_until_gap_resolved,route_gap,0.12,alumina_ceramic,local_derived,medium,,False,ceramic_forming_basic_v0;ceramic_sintering_process_v0,kb/processes/ceramic_forming_basic_v0.yaml;kb/processes/ceramic_sintering_process_v0.yaml,labor_bot_general_v0;pressing_mold_set;hydraulic_press;kiln_ceramic,labor_bot_general_v0;pressing_mold_set;hydraulic_press;kiln_ceramic,labor_bot_general_v0:usable_unreviewed;pressing_mold_set:usable_unreviewed;hydraulic_press:usable_unreviewed;kiln_ceramic:usable_unreviewed,,labor_bot_general_v0:process_resource_use;pressing_mold_set:process_resource_use;hydraulic_press:process_resource_use;kiln_ceramic:process_resource_use,"Gun HV insulator collar remains a route gap until ceramic dielectric, alignment, and cleaning/qualification routes are explicit",kb/items/parts/ebf3_gun_hv_insulator_mounting_collar_set.yaml,"Review whether current process/machine route can support this EBF3 leaf. Ignore capabilities as standalone proof; use machine selection_status/evidence/risk, process inputs/outputs, item material, mass, and performance requirements. Do not rerun local_nominal/import_nominal items. Output one of: keep_flagged_local, reroute_existing_process, needs_new_process_chain, import_until_gap_resolved, import_nominal.",import_until_gap_resolved,"Material route is lunar-plausible, but this part is an HV/electron-gun/feedthrough dielectric boundary requiring creepage, leakage, partial-discharge or hermetic QA; labor-bot capability is irrelevant."
95,labor_only_route_check,ebf3_hv_drain_valve,import_until_gap_resolved,route_gap,0.2,steel,local_derived,medium,,False,pressure_control_valve_assembly_v0,kb/processes/pressure_control_valve_assembly_v0.yaml,labor_bot_general_v0,labor_bot_general_v0,labor_bot_general_v0:usable_unreviewed,,labor_bot_general_v0:process_resource_use,Use import fallback because a drain valve includes sealing details beyond a simple machined body,kb/items/parts/ebf3_hv_drain_valve.yaml,"Review whether current process/machine route can support this EBF3 leaf. Ignore capabilities as standalone proof; use machine selection_status/evidence/risk, process inputs/outputs, item material, mass, and performance requirements. Do not rerun local_nominal/import_nominal items. Output one of: keep_flagged_local, reroute_existing_process, needs_new_process_chain, import_until_gap_resolved, import_nominal.",import_until_gap_resolved,"A drain valve includes sealing surfaces, stem/seat geometry, gasket material, oil compatibility, pressure/leak test, and cleanliness; generic labor assembly is not enough."
95,performance_or_qa_route_gap,ebf3_hv_transformer_section_support_structure,import_until_gap_resolved,route_gap,1.0,alumina_ceramic,local_derived,medium,,False,ceramic_forming_basic_v0;ceramic_sintering_process_v0,kb/processes/ceramic_forming_basic_v0.yaml;kb/processes/ceramic_sintering_process_v0.yaml,labor_bot_general_v0;pressing_mold_set;hydraulic_press;kiln_ceramic,labor_bot_general_v0;pressing_mold_set;hydraulic_press;kiln_ceramic,labor_bot_general_v0:usable_unreviewed;pressing_mold_set:usable_unreviewed;hydraulic_press:usable_unreviewed;kiln_ceramic:usable_unreviewed,,labor_bot_general_v0:process_resource_use;pressing_mold_set:process_resource_use;hydraulic_press:process_resource_use;kiln_ceramic:process_resource_use,"The section support is a qualified HV dielectric structure, not ordinary ceramic support; import until the route is explicit",kb/items/parts/ebf3_hv_transformer_section_support_structure.yaml,"Review whether current process/machine route can support this EBF3 leaf. Ignore capabilities as standalone proof; use machine selection_status/evidence/risk, process inputs/outputs, item material, mass, and performance requirements. Do not rerun local_nominal/import_nominal items. Output one of: keep_flagged_local, reroute_existing_process, needs_new_process_chain, import_until_gap_resolved, import_nominal.",import_until_gap_resolved,"Material route is lunar-plausible, but this part is an HV/electron-gun/feedthrough dielectric boundary requiring creepage, leakage, partial-discharge or hermetic QA; labor-bot capability is irrelevant."
95,performance_or_qa_route_gap,ebf3_matching_network_inductor_bobbin_or_insulation_set,import_until_gap_resolved,route_gap,0.18,alumina_ceramic,local_derived,medium,,False,ceramic_forming_basic_v0;ceramic_sintering_process_v0,kb/processes/ceramic_forming_basic_v0.yaml;kb/processes/ceramic_sintering_process_v0.yaml,labor_bot_general_v0;pressing_mold_set;hydraulic_press;kiln_ceramic,labor_bot_general_v0;pressing_mold_set;hydraulic_press;kiln_ceramic,labor_bot_general_v0:usable_unreviewed;pressing_mold_set:usable_unreviewed;hydraulic_press:usable_unreviewed;kiln_ceramic:usable_unreviewed,,labor_bot_general_v0:process_resource_use;pressing_mold_set:process_resource_use;hydraulic_press:process_resource_use;kiln_ceramic:process_resource_use,"Matching-network bobbin/insulation is route_gap: ceramic support may be local, but qualified RF/HV insulation is not closed",kb/items/parts/ebf3_matching_network_inductor_bobbin_or_insulation_set.yaml,"Review whether current process/machine route can support this EBF3 leaf. Ignore capabilities as standalone proof; use machine selection_status/evidence/risk, process inputs/outputs, item material, mass, and performance requirements. Do not rerun local_nominal/import_nominal items. Output one of: keep_flagged_local, reroute_existing_process, needs_new_process_chain, import_until_gap_resolved, import_nominal.",import_until_gap_resolved,"Material route is lunar-plausible, but this part is an HV/electron-gun/feedthrough dielectric boundary requiring creepage, leakage, partial-discharge or hermetic QA; labor-bot capability is irrelevant."
95,labor_only_route_check,ebf3_matching_network_inductor_core_set,import_until_gap_resolved,route_gap,0.45,ferrite,local_derived,low,,False,ferrite_powder_synthesis_v0,kb/processes/ferrite_powder_synthesis_v0.yaml,labor_bot_general_v0,labor_bot_general_v0,labor_bot_general_v0:usable_unreviewed,,labor_bot_general_v0:process_resource_use,Magnetic core manufacture is worth future local work but the current KB lacks a full Ready core route,kb/items/parts/ebf3_matching_network_inductor_core_set.yaml,"Review whether current process/machine route can support this EBF3 leaf. Ignore capabilities as standalone proof; use machine selection_status/evidence/risk, process inputs/outputs, item material, mass, and performance requirements. Do not rerun local_nominal/import_nominal items. Output one of: keep_flagged_local, reroute_existing_process, needs_new_process_chain, import_until_gap_resolved, import_nominal.",import_until_gap_resolved,"The issue is controlled magnetic properties, losses, lamination/air-gap geometry, insulation, and acceptance testing; existing material production is not enough and labor_bot is not core evidence."
95,labor_only_route_check,ebf3_positioning_feedthrough_insulator_body,import_until_gap_resolved,route_gap,0.4,ceramic,local_derived,medium,,False,electrical_feedthrough_vacuum_fabrication_v0,kb/processes/electrical_feedthrough_vacuum_fabrication_v0.yaml,labor_bot_general_v0,labor_bot_general_v0,labor_bot_general_v0:usable_unreviewed,,labor_bot_general_v0:process_resource_use,Positioning feedthrough insulator body is a route gap until qualified ceramic/metallized feedthrough route exists,kb/items/parts/ebf3_positioning_feedthrough_insulator_body.yaml,"Review whether current process/machine route can support this EBF3 leaf. Ignore capabilities as standalone proof; use machine selection_status/evidence/risk, process inputs/outputs, item material, mass, and performance requirements. Do not rerun local_nominal/import_nominal items. Output one of: keep_flagged_local, reroute_existing_process, needs_new_process_chain, import_until_gap_resolved, import_nominal.",import_until_gap_resolved,"Material route is lunar-plausible, but this part is an HV/electron-gun/feedthrough dielectric boundary requiring creepage, leakage, partial-discharge or hermetic QA; labor-bot capability is irrelevant."
95,labor_only_route_check,ebf3_positioning_feedthrough_motor_power_pin_set,import_until_gap_resolved,route_gap,0.18,kovar_or_copper_alloy,local_derived,low,,False,electrical_feedthrough_vacuum_fabrication_v0,kb/processes/electrical_feedthrough_vacuum_fabrication_v0.yaml,labor_bot_general_v0,labor_bot_general_v0,labor_bot_general_v0:usable_unreviewed,,labor_bot_general_v0:process_resource_use,"Positioning feedthrough motor-power pins are a route gap until conductor, ceramic/glass seal, current rating, and leak qualification are modeled",kb/items/parts/ebf3_positioning_feedthrough_motor_power_pin_set.yaml,"Review whether current process/machine route can support this EBF3 leaf. Ignore capabilities as standalone proof; use machine selection_status/evidence/risk, process inputs/outputs, item material, mass, and performance requirements. Do not rerun local_nominal/import_nominal items. Output one of: keep_flagged_local, reroute_existing_process, needs_new_process_chain, import_until_gap_resolved, import_nominal.",import_until_gap_resolved,"Material route is lunar-plausible, but this part is an HV/electron-gun/feedthrough dielectric boundary requiring creepage, leakage, partial-discharge or hermetic QA; labor-bot capability is irrelevant."
95,rerouted_existing_process_still_flagged,ebf3_power_electronics_heat_sink_set,sensitivity_flag,lunar_candidate_flagged,3.0,aluminum,local_derived,medium,recipe_ebf3_power_electronics_heat_sink_set,True,aluminum_housing_machining_v1,kb/processes/aluminum_housing_machining_v1.yaml,labor_bot_general_v0;multi_axis_cnc_machining_center,multi_axis_cnc_machining_center,labor_bot_general_v0:usable_unreviewed;pressing_mold_set:usable_unreviewed;hydraulic_press:usable_unreviewed;kiln_ceramic:usable_unreviewed,,labor_bot_general_v0:process_resource_use;pressing_mold_set:process_resource_use;hydraulic_press:process_resource_use;kiln_ceramic:process_resource_use,"Aluminum is plausible, but a qualified power-electronics heat-sink set needs explicit forming/machining geometry and thermal validation before local credit",kb/items/parts/ebf3_power_electronics_heat_sink_set.yaml,"Review whether current process/machine route can support this EBF3 leaf. Ignore capabilities as standalone proof; use machine selection_status/evidence/risk, process inputs/outputs, item material, mass, and performance requirements. Do not rerun local_nominal/import_nominal items. Output one of: keep_flagged_local, reroute_existing_process, needs_new_process_chain, import_until_gap_resolved, import_nominal.",reroute_existing_process,Power-electronics heat sink should not remain imported solely because the current extrusion route is incomplete; existing CNC aluminum heat-sink route supports a flagged first-pass local route.
95,labor_only_route_check,ebf3_power_electronics_thermal_interface_set,import_until_gap_resolved,route_gap,0.8,thermal_interface_composite,import_or_recycle,low,,False,thermal_interface_material_synthesis_v0,kb/processes/thermal_interface_material_synthesis_v0.yaml,labor_bot_general_v0,labor_bot_general_v0,labor_bot_general_v0:usable_unreviewed,,labor_bot_general_v0:process_resource_use,Thermal interface materials are critical composites so first simulation should import until the recipe is proven,kb/items/parts/ebf3_power_electronics_thermal_interface_set.yaml,"Review whether current process/machine route can support this EBF3 leaf. Ignore capabilities as standalone proof; use machine selection_status/evidence/risk, process inputs/outputs, item material, mass, and performance requirements. Do not rerun local_nominal/import_nominal items. Output one of: keep_flagged_local, reroute_existing_process, needs_new_process_chain, import_until_gap_resolved, import_nominal.",import_until_gap_resolved,"Thermal interface composite depends on scarce polymer chemistry, filler control, pump-out/outgassing, dielectric isolation, and cycling QA; not a obsolete audit issue."
95,performance_or_qa_route_gap,ebf3_tank_side_bushing_insulator_body,import_until_gap_resolved,route_gap,0.75,ceramic,local_derived,low,,False,ceramic_forming_basic_v0;ceramic_sintering_process_v0,kb/processes/ceramic_forming_basic_v0.yaml;kb/processes/ceramic_sintering_process_v0.yaml,labor_bot_general_v0;pressing_mold_set;hydraulic_press;kiln_ceramic,labor_bot_general_v0;pressing_mold_set;hydraulic_press;kiln_ceramic,pressing_mold_set:usable_unreviewed;hydraulic_press:usable_unreviewed;kiln_ceramic:usable_unreviewed;labor_bot_general_v0:usable_unreviewed,,pressing_mold_set:process_resource_use;hydraulic_press:process_resource_use;kiln_ceramic:process_resource_use;labor_bot_general_v0:process_resource_use,Tank-side bushing insulator body is a route gap until HV bushing dielectric and seal routes are explicit,kb/items/parts/ebf3_tank_side_bushing_insulator_body.yaml,"Review whether current process/machine route can support this EBF3 leaf. Ignore capabilities as standalone proof; use machine selection_status/evidence/risk, process inputs/outputs, item material, mass, and performance requirements. Do not rerun local_nominal/import_nominal items. Output one of: keep_flagged_local, reroute_existing_process, needs_new_process_chain, import_until_gap_resolved, import_nominal.",import_until_gap_resolved,"Material route is lunar-plausible, but this part is an HV/electron-gun/feedthrough dielectric boundary requiring creepage, leakage, partial-discharge or hermetic QA; labor-bot capability is irrelevant."
95,performance_or_qa_route_gap,ebf3_transformer_spacer_post_set,import_until_gap_resolved,route_gap,0.4,alumina_ceramic,local_derived,medium,,False,ceramic_forming_basic_v0;ceramic_sintering_process_v0,kb/processes/ceramic_forming_basic_v0.yaml;kb/processes/ceramic_sintering_process_v0.yaml,labor_bot_general_v0;pressing_mold_set;hydraulic_press;kiln_ceramic,labor_bot_general_v0;pressing_mold_set;hydraulic_press;kiln_ceramic,labor_bot_general_v0:usable_unreviewed;pressing_mold_set:usable_unreviewed;hydraulic_press:usable_unreviewed;kiln_ceramic:usable_unreviewed,,labor_bot_general_v0:process_resource_use;pressing_mold_set:process_resource_use;hydraulic_press:process_resource_use;kiln_ceramic:process_resource_use,Transformer spacer posts are part of an HV/oil dielectric package and should import until that local route is closed,kb/items/parts/ebf3_transformer_spacer_post_set.yaml,"Review whether current process/machine route can support this EBF3 leaf. Ignore capabilities as standalone proof; use machine selection_status/evidence/risk, process inputs/outputs, item material, mass, and performance requirements. Do not rerun local_nominal/import_nominal items. Output one of: keep_flagged_local, reroute_existing_process, needs_new_process_chain, import_until_gap_resolved, import_nominal.",import_until_gap_resolved,"Material route is lunar-plausible, but this part is an HV/electron-gun/feedthrough dielectric boundary requiring creepage, leakage, partial-discharge or hermetic QA; labor-bot capability is irrelevant."
95,performance_or_qa_route_gap,ebf3_wire_feeder_feedthrough_insulator_body,import_until_gap_resolved,route_gap,0.18,ceramic,local_derived,low,,False,ceramic_forming_basic_v0;ceramic_sintering_process_v0,kb/processes/ceramic_forming_basic_v0.yaml;kb/processes/ceramic_sintering_process_v0.yaml,labor_bot_general_v0;pressing_mold_set;hydraulic_press;kiln_ceramic,labor_bot_general_v0;pressing_mold_set;hydraulic_press;kiln_ceramic,pressing_mold_set:usable_unreviewed;hydraulic_press:usable_unreviewed;kiln_ceramic:usable_unreviewed;labor_bot_general_v0:usable_unreviewed,,pressing_mold_set:process_resource_use;hydraulic_press:process_resource_use;kiln_ceramic:process_resource_use;labor_bot_general_v0:process_resource_use,Wire-feeder feedthrough insulator body is a route gap until qualified ceramic/metallized feedthrough route exists,kb/items/parts/ebf3_wire_feeder_feedthrough_insulator_body.yaml,"Review whether current process/machine route can support this EBF3 leaf. Ignore capabilities as standalone proof; use machine selection_status/evidence/risk, process inputs/outputs, item material, mass, and performance requirements. Do not rerun local_nominal/import_nominal items. Output one of: keep_flagged_local, reroute_existing_process, needs_new_process_chain, import_until_gap_resolved, import_nominal.",import_until_gap_resolved,"Material route is lunar-plausible, but this part is an HV/electron-gun/feedthrough dielectric boundary requiring creepage, leakage, partial-discharge or hermetic QA; labor-bot capability is irrelevant."
95,labor_only_route_check,ebf3_wire_feeder_feedthrough_signal_pin_set,import_until_gap_resolved,route_gap,0.04,kovar_or_copper_alloy,local_derived,low,,False,electrical_feedthrough_vacuum_fabrication_v0,kb/processes/electrical_feedthrough_vacuum_fabrication_v0.yaml,labor_bot_general_v0,labor_bot_general_v0,labor_bot_general_v0:usable_unreviewed,,labor_bot_general_v0:process_resource_use,"Wire-feeder feedthrough signal pins are a route gap until conductor, seal, dielectric, and leak-test routes are explicit",kb/items/parts/ebf3_wire_feeder_feedthrough_signal_pin_set.yaml,"Review whether current process/machine route can support this EBF3 leaf. Ignore capabilities as standalone proof; use machine selection_status/evidence/risk, process inputs/outputs, item material, mass, and performance requirements. Do not rerun local_nominal/import_nominal items. Output one of: keep_flagged_local, reroute_existing_process, needs_new_process_chain, import_until_gap_resolved, import_nominal.",import_until_gap_resolved,"Material route is lunar-plausible, but this part is an HV/electron-gun/feedthrough dielectric boundary requiring creepage, leakage, partial-discharge or hermetic QA; labor-bot capability is irrelevant."
90,primary_machine_placeholder_or_stub,ebf3_beam_current_return_fastener_interface_set,sensitivity_flag,lunar_candidate_flagged,0.06,steel,local_derived,medium,recipe_ebf3_beam_current_return_fastener_interface_set,True,fastener_kit_small_fabrication_v0,kb/processes/fastener_kit_small_fabrication_v0.yaml,labor_bot_general_v0;multi_axis_cnc_machining_center;assembly_tools_basic,multi_axis_cnc_machining_center;assembly_tools_basic,labor_bot_general_v0:usable_unreviewed;pressing_mold_set:usable_unreviewed;hydraulic_press:usable_unreviewed;kiln_ceramic:usable_unreviewed,,labor_bot_general_v0:process_resource_use;pressing_mold_set:process_resource_use;hydraulic_press:process_resource_use;kiln_ceramic:process_resource_use,"Generic steel fastener production is Ready-machine supported, but this interface is not just mechanical fastening; current return and thermal contact need simulation flags",kb/items/parts/ebf3_beam_current_return_fastener_interface_set.yaml,"Review whether current process/machine route can support this EBF3 leaf. Ignore capabilities as standalone proof; use machine selection_status/evidence/risk, process inputs/outputs, item material, mass, and performance requirements. Do not rerun local_nominal/import_nominal items. Output one of: keep_flagged_local, reroute_existing_process, needs_new_process_chain, import_until_gap_resolved, import_nominal.",keep_flagged_local,"Existing fastener/CNC route is semantically adequate; labor_bot is only handling/kitting evidence, while preload, contact, alignment, galling, or vibration remain sensitivity flags."
90,primary_machine_placeholder_or_stub,ebf3_cabin_access_door_hinge_fastener_interface_set,sensitivity_flag,lunar_candidate_flagged,0.7,steel,local_derived,medium,recipe_ebf3_cabin_access_door_hinge_fastener_interface_set,True,fastener_kit_small_fabrication_v0,kb/processes/fastener_kit_small_fabrication_v0.yaml,labor_bot_general_v0;multi_axis_cnc_machining_center;assembly_tools_basic,multi_axis_cnc_machining_center;assembly_tools_basic,labor_bot_general_v0:usable_unreviewed;pressing_mold_set:usable_unreviewed;hydraulic_press:usable_unreviewed;kiln_ceramic:usable_unreviewed,,labor_bot_general_v0:process_resource_use;pressing_mold_set:process_resource_use;hydraulic_press:process_resource_use;kiln_ceramic:process_resource_use,"Local steel fastener/interface hardware is plausible, but vacuum door hinge load, galling, and alignment make it a sensitivity item rather than clean local",kb/items/parts/ebf3_cabin_access_door_hinge_fastener_interface_set.yaml,"Review whether current process/machine route can support this EBF3 leaf. Ignore capabilities as standalone proof; use machine selection_status/evidence/risk, process inputs/outputs, item material, mass, and performance requirements. Do not rerun local_nominal/import_nominal items. Output one of: keep_flagged_local, reroute_existing_process, needs_new_process_chain, import_until_gap_resolved, import_nominal.",keep_flagged_local,"Existing fastener/CNC route is semantically adequate; labor_bot is only handling/kitting evidence, while preload, contact, alignment, galling, or vibration remain sensitivity flags."
90,primary_machine_placeholder_or_stub,ebf3_cabin_sacrificial_liner_panel_set,sensitivity_flag,lunar_candidate_flagged,10.0,steel,local_derived,medium,recipe_ebf3_cabin_sacrificial_liner_panel_set,True,sheet_metal_cutting_v0,kb/processes/sheet_metal_cutting_v0.yaml,labor_bot_general_v0;assembly_tools_basic,assembly_tools_basic,labor_bot_general_v0:usable_unreviewed;pressing_mold_set:usable_unreviewed;hydraulic_press:usable_unreviewed;kiln_ceramic:usable_unreviewed,,labor_bot_general_v0:process_resource_use;pressing_mold_set:process_resource_use;hydraulic_press:process_resource_use;kiln_ceramic:process_resource_use,"Sacrificial liner panels are plausibly sheet-metal local parts, but material and process-zone exposure should remain sensitivity flags",kb/items/parts/ebf3_cabin_sacrificial_liner_panel_set.yaml,"Review whether current process/machine route can support this EBF3 leaf. Ignore capabilities as standalone proof; use machine selection_status/evidence/risk, process inputs/outputs, item material, mass, and performance requirements. Do not rerun local_nominal/import_nominal items. Output one of: keep_flagged_local, reroute_existing_process, needs_new_process_chain, import_until_gap_resolved, import_nominal.",keep_flagged_local,"Existing sheet-metal route is adequate for first-pass local fabrication, with labor_bot limited to handling/fixturing; exposure, stiffness, fit, EMI, or grounding remain flags."
90,primary_machine_placeholder_or_stub,ebf3_cabin_wall_stiffener_set,sensitivity_flag,lunar_candidate_flagged,8.0,steel,local_derived,medium,recipe_ebf3_cabin_wall_stiffener_set,True,sheet_metal_cutting_v0,kb/processes/sheet_metal_cutting_v0.yaml,labor_bot_general_v0;assembly_tools_basic,assembly_tools_basic,labor_bot_general_v0:usable_unreviewed;pressing_mold_set:usable_unreviewed;hydraulic_press:usable_unreviewed;kiln_ceramic:usable_unreviewed,,labor_bot_general_v0:process_resource_use;pressing_mold_set:process_resource_use;hydraulic_press:process_resource_use;kiln_ceramic:process_resource_use,Cabin wall stiffeners are better represented as sheet/plate cut stiffeners; cabin stiffness and vacuum-boundary distortion remain sensitivity flags,kb/items/parts/ebf3_cabin_wall_stiffener_set.yaml,"Review whether current process/machine route can support this EBF3 leaf. Ignore capabilities as standalone proof; use machine selection_status/evidence/risk, process inputs/outputs, item material, mass, and performance requirements. Do not rerun local_nominal/import_nominal items. Output one of: keep_flagged_local, reroute_existing_process, needs_new_process_chain, import_until_gap_resolved, import_nominal.",keep_flagged_local,"Existing sheet-metal route is adequate for first-pass local fabrication, with labor_bot limited to handling/fixturing; exposure, stiffness, fit, EMI, or grounding remain flags."
90,primary_machine_placeholder_or_stub,ebf3_controls_cabinet_door_and_latch,sensitivity_flag,lunar_candidate_flagged,0.69,steel,local_derived,medium,recipe_ebf3_controls_cabinet_door_and_latch,True,sheet_metal_cutting_v0,kb/processes/sheet_metal_cutting_v0.yaml,labor_bot_general_v0;assembly_tools_basic,assembly_tools_basic,labor_bot_general_v0:usable_unreviewed;pressing_mold_set:usable_unreviewed;hydraulic_press:usable_unreviewed;kiln_ceramic:usable_unreviewed,,labor_bot_general_v0:process_resource_use;pressing_mold_set:process_resource_use;hydraulic_press:process_resource_use;kiln_ceramic:process_resource_use,"Controls cabinet door/latch is locally fabricable sheet/metal hardware, but cabinet EMI and service-fit details remain flagged",kb/items/parts/ebf3_controls_cabinet_door_and_latch.yaml,"Review whether current process/machine route can support this EBF3 leaf. Ignore capabilities as standalone proof; use machine selection_status/evidence/risk, process inputs/outputs, item material, mass, and performance requirements. Do not rerun local_nominal/import_nominal items. Output one of: keep_flagged_local, reroute_existing_process, needs_new_process_chain, import_until_gap_resolved, import_nominal.",keep_flagged_local,"Existing sheet-metal route is adequate for first-pass local fabrication, with labor_bot limited to handling/fixturing; exposure, stiffness, fit, EMI, or grounding remain flags."
90,primary_machine_placeholder_or_stub,ebf3_gun_column_internal_support_frame,sensitivity_flag,lunar_candidate_flagged,0.75,steel,local_derived,medium,recipe_ebf3_gun_column_internal_support_frame,True,machining_basic_v0,kb/processes/machining_basic_v0.yaml,multi_axis_cnc_machining_center,multi_axis_cnc_machining_center,labor_bot_general_v0:usable_unreviewed;pressing_mold_set:usable_unreviewed;hydraulic_press:usable_unreviewed;kiln_ceramic:usable_unreviewed,,labor_bot_general_v0:process_resource_use;pressing_mold_set:process_resource_use;hydraulic_press:process_resource_use;kiln_ceramic:process_resource_use,Local metal fabrication is plausible but this frame locates beamline hardware,kb/items/parts/ebf3_gun_column_internal_support_frame.yaml,"Review whether current process/machine route can support this EBF3 leaf. Ignore capabilities as standalone proof; use machine selection_status/evidence/risk, process inputs/outputs, item material, mass, and performance requirements. Do not rerun local_nominal/import_nominal items. Output one of: keep_flagged_local, reroute_existing_process, needs_new_process_chain, import_until_gap_resolved, import_nominal.",reroute_existing_process,Beamline support frame needs CNC-backed fabrication and inspection; generic metal_fabrication_basic hides core geometry work behind labor/assembly tools.
90,primary_machine_placeholder_or_stub,ebf3_hv_tank_lid,sensitivity_flag,lunar_candidate_flagged,2.0,steel,local_derived,medium,recipe_ebf3_hv_tank_lid,True,sheet_metal_cutting_v0;machining_finish_basic_v0;inspection_basic_v0,kb/processes/sheet_metal_cutting_v0.yaml;kb/processes/machining_finish_basic_v0.yaml;kb/processes/inspection_basic_v0.yaml,labor_bot_general_v0;assembly_tools_basic;multi_axis_cnc_machining_center;cutting_tools_general,assembly_tools_basic;multi_axis_cnc_machining_center;cutting_tools_general,labor_bot_general_v0:usable_unreviewed;pressing_mold_set:usable_unreviewed;hydraulic_press:usable_unreviewed;kiln_ceramic:usable_unreviewed,,labor_bot_general_v0:process_resource_use;pressing_mold_set:process_resource_use;hydraulic_press:process_resource_use;kiln_ceramic:process_resource_use,HV tank lid is local steel fabrication but seal and HV clearance gates keep it flagged,kb/items/parts/ebf3_hv_tank_lid.yaml,"Review whether current process/machine route can support this EBF3 leaf. Ignore capabilities as standalone proof; use machine selection_status/evidence/risk, process inputs/outputs, item material, mass, and performance requirements. Do not rerun local_nominal/import_nominal items. Output one of: keep_flagged_local, reroute_existing_process, needs_new_process_chain, import_until_gap_resolved, import_nominal.",reroute_existing_process,"Steel lid blank is locally fabricable, but oil-tight seal face and HV clearance need machining and inspection beyond sheet cutting/labor handling."
90,primary_machine_placeholder_or_stub,ebf3_motor_coupling_clamp_screw_set,sensitivity_flag,lunar_candidate_flagged,0.08,steel,local_derived,medium,recipe_ebf3_motor_coupling_clamp_screw_set,True,fastener_kit_small_fabrication_v0,kb/processes/fastener_kit_small_fabrication_v0.yaml,labor_bot_general_v0;multi_axis_cnc_machining_center;assembly_tools_basic,multi_axis_cnc_machining_center;assembly_tools_basic,labor_bot_general_v0:usable_unreviewed;pressing_mold_set:usable_unreviewed;hydraulic_press:usable_unreviewed;kiln_ceramic:usable_unreviewed,,labor_bot_general_v0:process_resource_use;pressing_mold_set:process_resource_use;hydraulic_press:process_resource_use;kiln_ceramic:process_resource_use,"Ready fastener/CNC route is adequate as a candidate, but motion coupling preload and alignment require flags",kb/items/parts/ebf3_motor_coupling_clamp_screw_set.yaml,"Review whether current process/machine route can support this EBF3 leaf. Ignore capabilities as standalone proof; use machine selection_status/evidence/risk, process inputs/outputs, item material, mass, and performance requirements. Do not rerun local_nominal/import_nominal items. Output one of: keep_flagged_local, reroute_existing_process, needs_new_process_chain, import_until_gap_resolved, import_nominal.",keep_flagged_local,"Existing fastener/CNC route is semantically adequate; labor_bot is only handling/kitting evidence, while preload, contact, alignment, galling, or vibration remain sensitivity flags."
90,primary_machine_placeholder_or_stub,ebf3_motor_mount_bracket_fastener_interface_set,sensitivity_flag,lunar_candidate_flagged,0.15,steel,local_derived,medium,recipe_ebf3_motor_mount_bracket_fastener_interface_set,True,fastener_kit_small_fabrication_v0,kb/processes/fastener_kit_small_fabrication_v0.yaml,labor_bot_general_v0;multi_axis_cnc_machining_center;assembly_tools_basic,multi_axis_cnc_machining_center;assembly_tools_basic,labor_bot_general_v0:usable_unreviewed;pressing_mold_set:usable_unreviewed;hydraulic_press:usable_unreviewed;kiln_ceramic:usable_unreviewed,,labor_bot_general_v0:process_resource_use;pressing_mold_set:process_resource_use;hydraulic_press:process_resource_use;kiln_ceramic:process_resource_use,The fastener interface is locally fabricable but motor alignment sensitivity remains,kb/items/parts/ebf3_motor_mount_bracket_fastener_interface_set.yaml,"Review whether current process/machine route can support this EBF3 leaf. Ignore capabilities as standalone proof; use machine selection_status/evidence/risk, process inputs/outputs, item material, mass, and performance requirements. Do not rerun local_nominal/import_nominal items. Output one of: keep_flagged_local, reroute_existing_process, needs_new_process_chain, import_until_gap_resolved, import_nominal.",keep_flagged_local,"Existing fastener/CNC route is semantically adequate; labor_bot is only handling/kitting evidence, while preload, contact, alignment, galling, or vibration remain sensitivity flags."
90,primary_machine_placeholder_or_stub,ebf3_positioning_motor_cable_shield_set,import_until_gap_resolved,route_gap,0.16,aluminum,local_derived,medium,,False,sheet_metal_cutting_v0,kb/processes/sheet_metal_cutting_v0.yaml,labor_bot_general_v0;assembly_tools_basic,assembly_tools_basic,labor_bot_general_v0:usable_unreviewed;pressing_mold_set:usable_unreviewed;hydraulic_press:usable_unreviewed;kiln_ceramic:usable_unreviewed,,labor_bot_general_v0:process_resource_use;pressing_mold_set:process_resource_use;hydraulic_press:process_resource_use;kiln_ceramic:process_resource_use,Sheet-metal cutting proxy for a metal cable shield set; not forced to CNC because flexible cable shields are not solid machined parts,kb/items/parts/ebf3_positioning_motor_cable_shield_set.yaml,"Review whether current process/machine route can support this EBF3 leaf. Ignore capabilities as standalone proof; use machine selection_status/evidence/risk, process inputs/outputs, item material, mass, and performance requirements. Do not rerun local_nominal/import_nominal items. Output one of: keep_flagged_local, reroute_existing_process, needs_new_process_chain, import_until_gap_resolved, import_nominal.",needs_new_process_chain,"Existing KB has wire drawing/spool processes, but a braided/flexible shield needs explicit braid coverage, tensioning, termination continuity, flex, and vacuum cleanliness; not a labor-only operation."
90,primary_machine_placeholder_or_stub,ebf3_spool_brake_washer,sensitivity_flag,lunar_candidate_flagged,0.08,steel,local_derived,medium,recipe_ebf3_spool_brake_washer,True,sheet_metal_cutting_v0,kb/processes/sheet_metal_cutting_v0.yaml,labor_bot_general_v0;assembly_tools_basic,assembly_tools_basic,labor_bot_general_v0:usable_unreviewed;pressing_mold_set:usable_unreviewed;hydraulic_press:usable_unreviewed;kiln_ceramic:usable_unreviewed,,labor_bot_general_v0:process_resource_use;pressing_mold_set:process_resource_use;hydraulic_press:process_resource_use;kiln_ceramic:process_resource_use,Washer is locally stampable steel but its brake friction behavior is a flagged assumption,kb/items/parts/ebf3_spool_brake_washer.yaml,"Review whether current process/machine route can support this EBF3 leaf. Ignore capabilities as standalone proof; use machine selection_status/evidence/risk, process inputs/outputs, item material, mass, and performance requirements. Do not rerun local_nominal/import_nominal items. Output one of: keep_flagged_local, reroute_existing_process, needs_new_process_chain, import_until_gap_resolved, import_nominal.",reroute_existing_process,A flat washer can be cut or machined from sheet/plate with existing routes; it does not need to remain on a stamping/labor placeholder.
90,primary_machine_placeholder_or_stub,ebf3_substrate_clamp_screw_set,sensitivity_flag,lunar_candidate_flagged,0.25,steel,local_derived,medium,recipe_ebf3_substrate_clamp_screw_set,True,fastener_kit_small_fabrication_v0,kb/processes/fastener_kit_small_fabrication_v0.yaml,labor_bot_general_v0;multi_axis_cnc_machining_center;assembly_tools_basic,multi_axis_cnc_machining_center;assembly_tools_basic,labor_bot_general_v0:usable_unreviewed;pressing_mold_set:usable_unreviewed;hydraulic_press:usable_unreviewed;kiln_ceramic:usable_unreviewed,,labor_bot_general_v0:process_resource_use;pressing_mold_set:process_resource_use;hydraulic_press:process_resource_use;kiln_ceramic:process_resource_use,Clamp screws are small metal fasteners; local route is plausible but thread quality and thermal service need flags,kb/items/parts/ebf3_substrate_clamp_screw_set.yaml,"Review whether current process/machine route can support this EBF3 leaf. Ignore capabilities as standalone proof; use machine selection_status/evidence/risk, process inputs/outputs, item material, mass, and performance requirements. Do not rerun local_nominal/import_nominal items. Output one of: keep_flagged_local, reroute_existing_process, needs_new_process_chain, import_until_gap_resolved, import_nominal.",keep_flagged_local,"Existing fastener/CNC route is semantically adequate; labor_bot is only handling/kitting evidence, while preload, contact, alignment, galling, or vibration remain sensitivity flags."
90,primary_machine_placeholder_or_stub,ebf3_wire_feed_drive_roll_set_screw_or_key,sensitivity_flag,lunar_candidate_flagged,0.03,steel,local_derived,medium,recipe_ebf3_wire_feed_drive_roll_set_screw_or_key,True,fastener_kit_small_fabrication_v0,kb/processes/fastener_kit_small_fabrication_v0.yaml,labor_bot_general_v0;multi_axis_cnc_machining_center;assembly_tools_basic,multi_axis_cnc_machining_center;assembly_tools_basic,labor_bot_general_v0:usable_unreviewed;pressing_mold_set:usable_unreviewed;hydraulic_press:usable_unreviewed;kiln_ceramic:usable_unreviewed,,labor_bot_general_v0:process_resource_use;pressing_mold_set:process_resource_use;hydraulic_press:process_resource_use;kiln_ceramic:process_resource_use,Small drive-roll key/set-screw hardware is plausible locally but torque retention and fit stay flagged,kb/items/parts/ebf3_wire_feed_drive_roll_set_screw_or_key.yaml,"Review whether current process/machine route can support this EBF3 leaf. Ignore capabilities as standalone proof; use machine selection_status/evidence/risk, process inputs/outputs, item material, mass, and performance requirements. Do not rerun local_nominal/import_nominal items. Output one of: keep_flagged_local, reroute_existing_process, needs_new_process_chain, import_until_gap_resolved, import_nominal.",keep_flagged_local,"Existing fastener/CNC route is semantically adequate; labor_bot is only handling/kitting evidence, while preload, contact, alignment, galling, or vibration remain sensitivity flags."
90,primary_machine_placeholder_or_stub,ebf3_wire_feed_motor_mount_clamp_fastener_set,sensitivity_flag,lunar_candidate_flagged,0.08,steel,local_derived,medium,recipe_ebf3_wire_feed_motor_mount_clamp_fastener_set,True,fastener_kit_small_fabrication_v0,kb/processes/fastener_kit_small_fabrication_v0.yaml,labor_bot_general_v0;multi_axis_cnc_machining_center;assembly_tools_basic,multi_axis_cnc_machining_center;assembly_tools_basic,labor_bot_general_v0:usable_unreviewed;pressing_mold_set:usable_unreviewed;hydraulic_press:usable_unreviewed;kiln_ceramic:usable_unreviewed,,labor_bot_general_v0:process_resource_use;pressing_mold_set:process_resource_use;hydraulic_press:process_resource_use;kiln_ceramic:process_resource_use,"Ready fastener route is available, but motor mount alignment/preload is a motion- system sensitivity",kb/items/parts/ebf3_wire_feed_motor_mount_clamp_fastener_set.yaml,"Review whether current process/machine route can support this EBF3 leaf. Ignore capabilities as standalone proof; use machine selection_status/evidence/risk, process inputs/outputs, item material, mass, and performance requirements. Do not rerun local_nominal/import_nominal items. Output one of: keep_flagged_local, reroute_existing_process, needs_new_process_chain, import_until_gap_resolved, import_nominal.",keep_flagged_local,"Existing fastener/CNC route is semantically adequate; labor_bot is only handling/kitting evidence, while preload, contact, alignment, galling, or vibration remain sensitivity flags."
90,primary_machine_placeholder_or_stub,ebf3_wire_feeder_gun_bracket_fastener_interface_set,sensitivity_flag,lunar_candidate_flagged,0.2,steel,local_derived,medium,recipe_ebf3_wire_feeder_gun_bracket_fastener_interface_set,True,fastener_kit_small_fabrication_v0,kb/processes/fastener_kit_small_fabrication_v0.yaml,labor_bot_general_v0;multi_axis_cnc_machining_center;assembly_tools_basic,multi_axis_cnc_machining_center;assembly_tools_basic,labor_bot_general_v0:usable_unreviewed;pressing_mold_set:usable_unreviewed;hydraulic_press:usable_unreviewed;kiln_ceramic:usable_unreviewed,,labor_bot_general_v0:process_resource_use;pressing_mold_set:process_resource_use;hydraulic_press:process_resource_use;kiln_ceramic:process_resource_use,"Generic steel fastener interface is locally plausible, but wire-feeder-to-gun preload, vibration retention, and alignment should be sensitivity flagged",kb/items/parts/ebf3_wire_feeder_gun_bracket_fastener_interface_set.yaml,"Review whether current process/machine route can support this EBF3 leaf. Ignore capabilities as standalone proof; use machine selection_status/evidence/risk, process inputs/outputs, item material, mass, and performance requirements. Do not rerun local_nominal/import_nominal items. Output one of: keep_flagged_local, reroute_existing_process, needs_new_process_chain, import_until_gap_resolved, import_nominal.",reroute_existing_process,Generic assembly_basic hides the fabrication route; this steel interface should use existing fastener/machining route and keep preload/alignment sensitivity.
60,usable_unreviewed_needs_leaf_check,ebf3_beam_current_return_lug_set,sensitivity_flag,lunar_candidate_flagged,0.12,aluminum,local_derived,medium,recipe_ebf3_beam_current_return_lug_set,True,machining_basic_v0,kb/processes/machining_basic_v0.yaml,multi_axis_cnc_machining_center,multi_axis_cnc_machining_center,multi_axis_cnc_machining_center:usable_unreviewed,,multi_axis_cnc_machining_center:capabilities;processes_supported;process_resource_use;functional_notes;bom;recipe;machine_file,"Beam-current return lug material changed from steel to aluminum conductor stock; local machining is plausible, but contact resistance and heating remain sensitivity flags",kb/items/parts/ebf3_beam_current_return_lug_set.yaml,"Review whether current process/machine route can support this EBF3 leaf. Ignore capabilities as standalone proof; use machine selection_status/evidence/risk, process inputs/outputs, item material, mass, and performance requirements. Do not rerun local_nominal/import_nominal items. Output one of: keep_flagged_local, reroute_existing_process, needs_new_process_chain, import_until_gap_resolved, import_nominal.",keep_flagged_local,Machining the aluminum lug is local but contact resistance and beam-current heating are electrical performance risks.
60,usable_unreviewed_needs_leaf_check,ebf3_cabin_access_door_hinge_bushing_or_bearing_set,import_until_gap_resolved,route_gap,0.5,bearing_steel,local_derived,medium,recipe_ebf3_cabin_access_door_hinge_bushing_or_bearing_set,True,machining_basic_v0,kb/processes/machining_basic_v0.yaml,multi_axis_cnc_machining_center,multi_axis_cnc_machining_center,multi_axis_cnc_machining_center:usable_unreviewed,,multi_axis_cnc_machining_center:capabilities;processes_supported;process_resource_use;functional_notes;bom;recipe;machine_file,Can be modeled as locally machined steel bushing hardware if plain-bearing performance is acceptable; ball or sealed bearing interpretation remains a risk,kb/items/parts/ebf3_cabin_access_door_hinge_bushing_or_bearing_set.yaml,"Review whether current process/machine route can support this EBF3 leaf. Ignore capabilities as standalone proof; use machine selection_status/evidence/risk, process inputs/outputs, item material, mass, and performance requirements. Do not rerun local_nominal/import_nominal items. Output one of: keep_flagged_local, reroute_existing_process, needs_new_process_chain, import_until_gap_resolved, import_nominal.",needs_new_process_chain,Part definition mixes a plain bushing that CNC can make with a rolling or sealed bearing that CNC does not close.
60,usable_unreviewed_needs_leaf_check,ebf3_cabin_access_door_latch_pivot_axle_set,sensitivity_flag,lunar_candidate_flagged,0.4,steel,local_derived,medium,recipe_ebf3_cabin_access_door_latch_pivot_axle_set,True,steel_shaft_machining_v0,kb/processes/steel_shaft_machining_v0.yaml,labor_bot_general_v0;multi_axis_cnc_machining_center,multi_axis_cnc_machining_center,labor_bot_general_v0:usable_unreviewed;pressing_mold_set:usable_unreviewed;hydraulic_press:usable_unreviewed;kiln_ceramic:usable_unreviewed,,labor_bot_general_v0:process_resource_use;pressing_mold_set:process_resource_use;hydraulic_press:process_resource_use;kiln_ceramic:process_resource_use,Pivot and axle hardware can use steel machining but latch preload and dry wear should stay flagged,kb/items/parts/ebf3_cabin_access_door_latch_pivot_axle_set.yaml,"Review whether current process/machine route can support this EBF3 leaf. Ignore capabilities as standalone proof; use machine selection_status/evidence/risk, process inputs/outputs, item material, mass, and performance requirements. Do not rerun local_nominal/import_nominal items. Output one of: keep_flagged_local, reroute_existing_process, needs_new_process_chain, import_until_gap_resolved, import_nominal.",keep_flagged_local,"Steel machining route already has a concrete CNC/lathe-style machine; labor_bot is handling only. Keep performance flags for alignment, seal, preload, wear, fatigue, or cleanliness as applicable."
60,usable_unreviewed_needs_leaf_check,ebf3_cabin_frame_member_set,sensitivity_flag,lunar_candidate_flagged,24.0,steel,local_derived,medium,recipe_ebf3_cabin_frame_member_set,True,steel_bar_stock_rolling_shop_v0,kb/processes/steel_bar_stock_rolling_shop_v0.yaml,rolling_mill_v0,rolling_mill_v0,rolling_mill_v0:usable_unreviewed,,rolling_mill_v0:capabilities;process_resource_use;functional_notes;bom;recipe;machine_file,Steel frame members are supported by Ready rolling and machining but cabin boundary interfaces require flagged stiffness and joint assumptions,kb/items/parts/ebf3_cabin_frame_member_set.yaml,"Review whether current process/machine route can support this EBF3 leaf. Ignore capabilities as standalone proof; use machine selection_status/evidence/risk, process inputs/outputs, item material, mass, and performance requirements. Do not rerun local_nominal/import_nominal items. Output one of: keep_flagged_local, reroute_existing_process, needs_new_process_chain, import_until_gap_resolved, import_nominal.",keep_flagged_local,Rolled steel members are plausible; frame straightness and joint assumptions stay flagged.
60,usable_unreviewed_needs_leaf_check,ebf3_cabin_gun_port_flange_ring,sensitivity_flag,lunar_candidate_flagged,5.0,steel,local_derived,medium,recipe_ebf3_cabin_gun_port_flange_ring,True,machining_basic_v0,kb/processes/machining_basic_v0.yaml,multi_axis_cnc_machining_center,multi_axis_cnc_machining_center,multi_axis_cnc_machining_center:usable_unreviewed,,multi_axis_cnc_machining_center:capabilities;processes_supported;process_resource_use;functional_notes;bom;recipe;machine_file,Steel flange stock can be machined locally with Ready CNC but vacuum leak performance and gun alignment need simulation flags,kb/items/parts/ebf3_cabin_gun_port_flange_ring.yaml,"Review whether current process/machine route can support this EBF3 leaf. Ignore capabilities as standalone proof; use machine selection_status/evidence/risk, process inputs/outputs, item material, mass, and performance requirements. Do not rerun local_nominal/import_nominal items. Output one of: keep_flagged_local, reroute_existing_process, needs_new_process_chain, import_until_gap_resolved, import_nominal.",keep_flagged_local,The ring can be machined locally but it is a vacuum and electron-gun alignment boundary.
60,usable_unreviewed_needs_leaf_check,ebf3_cabin_wire_feeder_port_flange_ring,sensitivity_flag,lunar_candidate_flagged,6.0,steel,local_derived,medium,recipe_ebf3_cabin_wire_feeder_port_flange_ring,True,machining_basic_v0,kb/processes/machining_basic_v0.yaml,multi_axis_cnc_machining_center,multi_axis_cnc_machining_center,multi_axis_cnc_machining_center:usable_unreviewed,,multi_axis_cnc_machining_center:capabilities;processes_supported;process_resource_use;functional_notes;bom;recipe;machine_file,Local steel machining is plausible but the vacuum port interface should carry a leak-rate flag,kb/items/parts/ebf3_cabin_wire_feeder_port_flange_ring.yaml,"Review whether current process/machine route can support this EBF3 leaf. Ignore capabilities as standalone proof; use machine selection_status/evidence/risk, process inputs/outputs, item material, mass, and performance requirements. Do not rerun local_nominal/import_nominal items. Output one of: keep_flagged_local, reroute_existing_process, needs_new_process_chain, import_until_gap_resolved, import_nominal.",keep_flagged_local,Machined ring geometry is local but this is a feedthrough port vacuum seal interface.
60,usable_unreviewed_needs_leaf_check,ebf3_dc_link_busbar_set,sensitivity_flag,lunar_candidate_flagged,0.9,aluminum,local_derived,medium,recipe_ebf3_dc_link_busbar_set,True,machining_basic_v0,kb/processes/machining_basic_v0.yaml,multi_axis_cnc_machining_center,multi_axis_cnc_machining_center,multi_axis_cnc_machining_center:usable_unreviewed,,multi_axis_cnc_machining_center:capabilities;processes_supported;process_resource_use;functional_notes;bom;recipe;machine_file,CNC proxy for busbar blanking/drilling from metal stock; keep current-density and clearance sensitivity flag,kb/items/parts/ebf3_dc_link_busbar_set.yaml,"Review whether current process/machine route can support this EBF3 leaf. Ignore capabilities as standalone proof; use machine selection_status/evidence/risk, process inputs/outputs, item material, mass, and performance requirements. Do not rerun local_nominal/import_nominal items. Output one of: keep_flagged_local, reroute_existing_process, needs_new_process_chain, import_until_gap_resolved, import_nominal.",keep_flagged_local,Blanking drilling and edge finishing are CNC-local but current density clearance and heating affect power output.
60,usable_unreviewed_needs_leaf_check,ebf3_ebf_wire_guide_tip_body,import_until_gap_resolved,route_gap,0.12,hardened_steel,local_derived,medium,,False,steel_shaft_machining_v0,kb/processes/steel_shaft_machining_v0.yaml,labor_bot_general_v0;multi_axis_cnc_machining_center,multi_axis_cnc_machining_center,labor_bot_general_v0:usable_unreviewed;pressing_mold_set:usable_unreviewed;hydraulic_press:usable_unreviewed;kiln_ceramic:usable_unreviewed,,labor_bot_general_v0:process_resource_use;pressing_mold_set:process_resource_use;hydraulic_press:process_resource_use;kiln_ceramic:process_resource_use,Guide tip body is locally machinable but the wear surface and wire path tolerance are not ordinary structural requirements,kb/items/parts/ebf3_ebf_wire_guide_tip_body.yaml,"Review whether current process/machine route can support this EBF3 leaf. Ignore capabilities as standalone proof; use machine selection_status/evidence/risk, process inputs/outputs, item material, mass, and performance requirements. Do not rerun local_nominal/import_nominal items. Output one of: keep_flagged_local, reroute_existing_process, needs_new_process_chain, import_until_gap_resolved, import_nominal.",needs_new_process_chain,"Base CNC machining is available, but the working surface needs hardness, groove/orifice geometry, wear finish, and vacuum cleanliness that are not closed by shaft machining alone."
60,usable_unreviewed_needs_leaf_check,ebf3_emi_filter_choke_terminal_set,sensitivity_flag,lunar_candidate_flagged,0.06,aluminum,local_derived,medium,recipe_ebf3_emi_filter_choke_terminal_set,True,machining_basic_v0,kb/processes/machining_basic_v0.yaml,multi_axis_cnc_machining_center,multi_axis_cnc_machining_center,multi_axis_cnc_machining_center:usable_unreviewed,,multi_axis_cnc_machining_center:capabilities;processes_supported;process_resource_use;functional_notes;bom;recipe;machine_file,"Aluminum terminal hardware can use local machining/assembly, but current rating, contact heating, and EMI spacing keep it as a flagged local route",kb/items/parts/ebf3_emi_filter_choke_terminal_set.yaml,"Review whether current process/machine route can support this EBF3 leaf. Ignore capabilities as standalone proof; use machine selection_status/evidence/risk, process inputs/outputs, item material, mass, and performance requirements. Do not rerun local_nominal/import_nominal items. Output one of: keep_flagged_local, reroute_existing_process, needs_new_process_chain, import_until_gap_resolved, import_nominal.",keep_flagged_local,Aluminum terminal machining is local but current heating and insulation clearance are functional electrical risks.
60,usable_unreviewed_needs_leaf_check,ebf3_full_bridge_dc_busbar_set,sensitivity_flag,lunar_candidate_flagged,0.9,aluminum,local_derived,medium,recipe_ebf3_full_bridge_dc_busbar_set,True,machining_basic_v0,kb/processes/machining_basic_v0.yaml,multi_axis_cnc_machining_center,multi_axis_cnc_machining_center,multi_axis_cnc_machining_center:usable_unreviewed,,multi_axis_cnc_machining_center:capabilities;processes_supported;process_resource_use;functional_notes;bom;recipe;machine_file,CNC proxy for busbar blanking/drilling from metal stock; keep inverter current/insulation sensitivity flag,kb/items/parts/ebf3_full_bridge_dc_busbar_set.yaml,"Review whether current process/machine route can support this EBF3 leaf. Ignore capabilities as standalone proof; use machine selection_status/evidence/risk, process inputs/outputs, item material, mass, and performance requirements. Do not rerun local_nominal/import_nominal items. Output one of: keep_flagged_local, reroute_existing_process, needs_new_process_chain, import_until_gap_resolved, import_nominal.",keep_flagged_local,Busbar machining is local but inverter current clearance and insulation performance affect electrical feasibility.
60,usable_unreviewed_needs_leaf_check,ebf3_full_bridge_heat_sink,sensitivity_flag,lunar_candidate_flagged,1.5,aluminum,local_derived,medium,recipe_ebf3_full_bridge_heat_sink,True,aluminum_housing_machining_v1,kb/processes/aluminum_housing_machining_v1.yaml,labor_bot_general_v0;multi_axis_cnc_machining_center,multi_axis_cnc_machining_center,labor_bot_general_v0:usable_unreviewed;pressing_mold_set:usable_unreviewed;hydraulic_press:usable_unreviewed;kiln_ceramic:usable_unreviewed,,labor_bot_general_v0:process_resource_use;pressing_mold_set:process_resource_use;hydraulic_press:process_resource_use;kiln_ceramic:process_resource_use,"Aluminum is lunar-derivable and Ready CNC machining can proxy a heat sink, but thermal margin must be carried as a simulation flag",kb/items/parts/ebf3_full_bridge_heat_sink.yaml,"Review whether current process/machine route can support this EBF3 leaf. Ignore capabilities as standalone proof; use machine selection_status/evidence/risk, process inputs/outputs, item material, mass, and performance requirements. Do not rerun local_nominal/import_nominal items. Output one of: keep_flagged_local, reroute_existing_process, needs_new_process_chain, import_until_gap_resolved, import_nominal.",keep_flagged_local,"Aluminum thermal/contact part can use existing CNC aluminum route; labor_bot only supports loading. Keep thermal resistance, flatness, isolation, or contact-heating flags."
60,usable_unreviewed_needs_leaf_check,ebf3_gun_cathode_radiation_shield_clip_set,import_until_gap_resolved,route_gap,0.01,refractory_metal,local_derived,medium,recipe_ebf3_gun_cathode_radiation_shield_clip_set,True,machining_basic_v0,kb/processes/machining_basic_v0.yaml,multi_axis_cnc_machining_center,multi_axis_cnc_machining_center,multi_axis_cnc_machining_center:usable_unreviewed,,multi_axis_cnc_machining_center:capabilities;processes_supported;process_resource_use;functional_notes;bom;recipe;machine_file,If simple steel clips survive the thermal environment they are local; if true refractory foil clips are required this becomes an import fallback,kb/items/parts/ebf3_gun_cathode_radiation_shield_clip_set.yaml,"Review whether current process/machine route can support this EBF3 leaf. Ignore capabilities as standalone proof; use machine selection_status/evidence/risk, process inputs/outputs, item material, mass, and performance requirements. Do not rerun local_nominal/import_nominal items. Output one of: keep_flagged_local, reroute_existing_process, needs_new_process_chain, import_until_gap_resolved, import_nominal.",import_until_gap_resolved,If refractory foil is required the material route is not local; CNC only covers a possible steel-clip variant.
60,usable_unreviewed_needs_leaf_check,ebf3_gun_column_body_shell,sensitivity_flag,lunar_candidate_flagged,2.2,steel,local_derived,medium,recipe_ebf3_gun_column_body_shell,True,machining_basic_v0,kb/processes/machining_basic_v0.yaml,multi_axis_cnc_machining_center,multi_axis_cnc_machining_center,multi_axis_cnc_machining_center:usable_unreviewed,,multi_axis_cnc_machining_center:capabilities;processes_supported;process_resource_use;functional_notes;bom;recipe;machine_file,"Steel shell fabrication is plausible locally, but electron-gun geometry and vacuum cleanliness keep it flagged",kb/items/parts/ebf3_gun_column_body_shell.yaml,"Review whether current process/machine route can support this EBF3 leaf. Ignore capabilities as standalone proof; use machine selection_status/evidence/risk, process inputs/outputs, item material, mass, and performance requirements. Do not rerun local_nominal/import_nominal items. Output one of: keep_flagged_local, reroute_existing_process, needs_new_process_chain, import_until_gap_resolved, import_nominal.",keep_flagged_local,Machining the steel shell is plausible but electron-gun vacuum cleanliness and column geometry are core risks.
60,usable_unreviewed_needs_leaf_check,ebf3_gun_column_gun_side_mating_flange,sensitivity_flag,lunar_candidate_flagged,0.55,steel,local_derived,medium,recipe_ebf3_gun_column_gun_side_mating_flange,True,machining_basic_v0,kb/processes/machining_basic_v0.yaml,multi_axis_cnc_machining_center,multi_axis_cnc_machining_center,multi_axis_cnc_machining_center:usable_unreviewed,,multi_axis_cnc_machining_center:capabilities;processes_supported;process_resource_use;functional_notes;bom;recipe;machine_file,Small flange is locally machinable but it is part of the electron-gun alignment and vacuum boundary,kb/items/parts/ebf3_gun_column_gun_side_mating_flange.yaml,"Review whether current process/machine route can support this EBF3 leaf. Ignore capabilities as standalone proof; use machine selection_status/evidence/risk, process inputs/outputs, item material, mass, and performance requirements. Do not rerun local_nominal/import_nominal items. Output one of: keep_flagged_local, reroute_existing_process, needs_new_process_chain, import_until_gap_resolved, import_nominal.",keep_flagged_local,Local CNC covers the flange geometry but this is an electron-gun vacuum and HV alignment interface.
60,usable_unreviewed_needs_leaf_check,ebf3_gun_dynamic_lens_pole_pieces,import_until_gap_resolved,route_gap,0.3,electrical_steel_or_soft_iron,local_derived,medium,,False,import_receiving_basic_v0,kb/processes/machining_basic_v0.yaml,,,,,,Iron based pole pieces can be local but magnetic grade and annealed pole geometry are performance-sensitive,kb/items/parts/ebf3_gun_dynamic_lens_pole_pieces.yaml,"Review whether current process/machine route can support this EBF3 leaf. Ignore capabilities as standalone proof; use machine selection_status/evidence/risk, process inputs/outputs, item material, mass, and performance requirements. Do not rerun local_nominal/import_nominal items. Output one of: keep_flagged_local, reroute_existing_process, needs_new_process_chain, import_until_gap_resolved, import_nominal.",import_until_gap_resolved,"Three-layer review: geometry yes by CNC; material treatment and magnetic-property QA are not closed. CNC geometry is not the blocker. First simulation should import until soft-magnetic alloy, post-machining anneal/stress relief, and magnetic-property QA are locally closed."
60,usable_unreviewed_needs_leaf_check,ebf3_gun_feeder_adapter_body,sensitivity_flag,lunar_candidate_flagged,0.42,steel,local_derived,medium,recipe_ebf3_gun_feeder_adapter_body,True,steel_shaft_machining_v0,kb/processes/steel_shaft_machining_v0.yaml,labor_bot_general_v0;multi_axis_cnc_machining_center,multi_axis_cnc_machining_center,labor_bot_general_v0:usable_unreviewed;pressing_mold_set:usable_unreviewed;hydraulic_press:usable_unreviewed;kiln_ceramic:usable_unreviewed,,labor_bot_general_v0:process_resource_use;pressing_mold_set:process_resource_use;hydraulic_press:process_resource_use;kiln_ceramic:process_resource_use,Adapter body is locally machinable but vacuum and wire-path alignment keep it flagged,kb/items/parts/ebf3_gun_feeder_adapter_body.yaml,"Review whether current process/machine route can support this EBF3 leaf. Ignore capabilities as standalone proof; use machine selection_status/evidence/risk, process inputs/outputs, item material, mass, and performance requirements. Do not rerun local_nominal/import_nominal items. Output one of: keep_flagged_local, reroute_existing_process, needs_new_process_chain, import_until_gap_resolved, import_nominal.",keep_flagged_local,"Steel machining route already has a concrete CNC/lathe-style machine; labor_bot is handling only. Keep performance flags for alignment, seal, preload, wear, fatigue, or cleanliness as applicable."
60,usable_unreviewed_needs_leaf_check,ebf3_gun_hv_input_central_conductor,sensitivity_flag,lunar_candidate_flagged,0.18,aluminum,local_derived,medium,recipe_ebf3_gun_hv_input_central_conductor,True,machining_basic_v0,kb/processes/machining_basic_v0.yaml,multi_axis_cnc_machining_center,multi_axis_cnc_machining_center,multi_axis_cnc_machining_center:usable_unreviewed,,multi_axis_cnc_machining_center:capabilities;processes_supported;process_resource_use;functional_notes;bom;recipe;machine_file,Aluminum conductor can be machined locally but HV geometry and surface finish need flags,kb/items/parts/ebf3_gun_hv_input_central_conductor.yaml,"Review whether current process/machine route can support this EBF3 leaf. Ignore capabilities as standalone proof; use machine selection_status/evidence/risk, process inputs/outputs, item material, mass, and performance requirements. Do not rerun local_nominal/import_nominal items. Output one of: keep_flagged_local, reroute_existing_process, needs_new_process_chain, import_until_gap_resolved, import_nominal.",keep_flagged_local,Field radii and smooth conductor geometry are CNC scope but HV withstand and cleanliness remain core acceptance gaps.
60,usable_unreviewed_needs_leaf_check,ebf3_gun_hv_input_flange_housing,sensitivity_flag,lunar_candidate_flagged,0.28,steel,local_derived,medium,recipe_ebf3_gun_hv_input_flange_housing,True,machining_basic_v0,kb/processes/machining_basic_v0.yaml,multi_axis_cnc_machining_center,multi_axis_cnc_machining_center,multi_axis_cnc_machining_center:usable_unreviewed,,multi_axis_cnc_machining_center:capabilities;processes_supported;process_resource_use;functional_notes;bom;recipe;machine_file,The flange housing is machinable but serves a high-voltage vacuum input,kb/items/parts/ebf3_gun_hv_input_flange_housing.yaml,"Review whether current process/machine route can support this EBF3 leaf. Ignore capabilities as standalone proof; use machine selection_status/evidence/risk, process inputs/outputs, item material, mass, and performance requirements. Do not rerun local_nominal/import_nominal items. Output one of: keep_flagged_local, reroute_existing_process, needs_new_process_chain, import_until_gap_resolved, import_nominal.",keep_flagged_local,The housing is machinable but serves a high-voltage vacuum input and seal interface.
60,usable_unreviewed_needs_leaf_check,ebf3_gun_main_lens_yoke,import_until_gap_resolved,route_gap,0.6,electrical_steel_or_soft_iron,local_derived,medium,,False,import_receiving_basic_v0,kb/processes/machining_basic_v0.yaml,,,,,,Soft iron yoke is a plausible local route but magnetic properties and beam optics make it flagged,kb/items/parts/ebf3_gun_main_lens_yoke.yaml,"Review whether current process/machine route can support this EBF3 leaf. Ignore capabilities as standalone proof; use machine selection_status/evidence/risk, process inputs/outputs, item material, mass, and performance requirements. Do not rerun local_nominal/import_nominal items. Output one of: keep_flagged_local, reroute_existing_process, needs_new_process_chain, import_until_gap_resolved, import_nominal.",import_until_gap_resolved,"Three-layer review: geometry yes by CNC; material treatment and magnetic-property QA are not closed. CNC geometry is not the blocker. First simulation should import until soft-magnetic material control, anneal/stress relief, and magnetic QA are locally closed."
60,usable_unreviewed_needs_leaf_check,ebf3_gun_secondary_electron_ring_collector,sensitivity_flag,lunar_candidate_flagged,0.1,steel,local_derived,medium,recipe_ebf3_gun_secondary_electron_ring_collector,True,machining_basic_v0,kb/processes/machining_basic_v0.yaml,multi_axis_cnc_machining_center,multi_axis_cnc_machining_center,multi_axis_cnc_machining_center:usable_unreviewed,,multi_axis_cnc_machining_center:capabilities;processes_supported;process_resource_use;functional_notes;bom;recipe;machine_file,The ring is simple conductive metal but its placement and biasing affect beam diagnostics,kb/items/parts/ebf3_gun_secondary_electron_ring_collector.yaml,"Review whether current process/machine route can support this EBF3 leaf. Ignore capabilities as standalone proof; use machine selection_status/evidence/risk, process inputs/outputs, item material, mass, and performance requirements. Do not rerun local_nominal/import_nominal items. Output one of: keep_flagged_local, reroute_existing_process, needs_new_process_chain, import_until_gap_resolved, import_nominal.",keep_flagged_local,Conductive ring machining is local but bias placement outgassing and thermal load affect beam diagnostics.
60,usable_unreviewed_needs_leaf_check,ebf3_gun_signal_shield_termination_interface,sensitivity_flag,lunar_candidate_flagged,0.05,aluminum,local_derived,medium,recipe_ebf3_gun_signal_shield_termination_interface,True,machining_basic_v0,kb/processes/machining_basic_v0.yaml,multi_axis_cnc_machining_center,multi_axis_cnc_machining_center,multi_axis_cnc_machining_center:usable_unreviewed,,multi_axis_cnc_machining_center:capabilities;processes_supported;process_resource_use;functional_notes;bom;recipe;machine_file,CNC proxy for metal shield termination interface; keep gun-side EMI/vacuum sensitivity flag,kb/items/parts/ebf3_gun_signal_shield_termination_interface.yaml,"Review whether current process/machine route can support this EBF3 leaf. Ignore capabilities as standalone proof; use machine selection_status/evidence/risk, process inputs/outputs, item material, mass, and performance requirements. Do not rerun local_nominal/import_nominal items. Output one of: keep_flagged_local, reroute_existing_process, needs_new_process_chain, import_until_gap_resolved, import_nominal.",keep_flagged_local,The shield termination is machinable but gun-side EMI continuity and vacuum cleanliness are core acceptance risks.
60,usable_unreviewed_needs_leaf_check,ebf3_gun_trajectory_corrector_mount,sensitivity_flag,lunar_candidate_flagged,0.04,steel,local_derived,medium,recipe_ebf3_gun_trajectory_corrector_mount,True,machining_basic_v0,kb/processes/machining_basic_v0.yaml,multi_axis_cnc_machining_center,multi_axis_cnc_machining_center,multi_axis_cnc_machining_center:usable_unreviewed,,multi_axis_cnc_machining_center:capabilities;processes_supported;process_resource_use;functional_notes;bom;recipe;machine_file,The mount is tiny but sets trajectory-corrector alignment,kb/items/parts/ebf3_gun_trajectory_corrector_mount.yaml,"Review whether current process/machine route can support this EBF3 leaf. Ignore capabilities as standalone proof; use machine selection_status/evidence/risk, process inputs/outputs, item material, mass, and performance requirements. Do not rerun local_nominal/import_nominal items. Output one of: keep_flagged_local, reroute_existing_process, needs_new_process_chain, import_until_gap_resolved, import_nominal.",keep_flagged_local,CNC can make the mount but trajectory-corrector alignment and magnetic cleanliness affect beam control.
60,usable_unreviewed_needs_leaf_check,ebf3_heater_supply_heat_sink,sensitivity_flag,lunar_candidate_flagged,1.2,aluminum,local_derived,medium,recipe_ebf3_heater_supply_heat_sink,True,aluminum_housing_machining_v1,kb/processes/aluminum_housing_machining_v1.yaml,labor_bot_general_v0;multi_axis_cnc_machining_center,multi_axis_cnc_machining_center,labor_bot_general_v0:usable_unreviewed;pressing_mold_set:usable_unreviewed;hydraulic_press:usable_unreviewed;kiln_ceramic:usable_unreviewed,,labor_bot_general_v0:process_resource_use;pressing_mold_set:process_resource_use;hydraulic_press:process_resource_use;kiln_ceramic:process_resource_use,CNC aluminum heat-sink proxy consistent with other EBF3 heat-sink routes; thermal margin remains flagged,kb/items/parts/ebf3_heater_supply_heat_sink.yaml,"Review whether current process/machine route can support this EBF3 leaf. Ignore capabilities as standalone proof; use machine selection_status/evidence/risk, process inputs/outputs, item material, mass, and performance requirements. Do not rerun local_nominal/import_nominal items. Output one of: keep_flagged_local, reroute_existing_process, needs_new_process_chain, import_until_gap_resolved, import_nominal.",keep_flagged_local,"Aluminum thermal/contact part can use existing CNC aluminum route; labor_bot only supports loading. Keep thermal resistance, flatness, isolation, or contact-heating flags."
60,usable_unreviewed_needs_leaf_check,ebf3_hv_fill_port,sensitivity_flag,lunar_candidate_flagged,0.12,steel,local_derived,medium,recipe_ebf3_hv_fill_port,True,steel_shaft_machining_v0,kb/processes/steel_shaft_machining_v0.yaml,labor_bot_general_v0;multi_axis_cnc_machining_center,multi_axis_cnc_machining_center,labor_bot_general_v0:usable_unreviewed;pressing_mold_set:usable_unreviewed;hydraulic_press:usable_unreviewed;kiln_ceramic:usable_unreviewed,,labor_bot_general_v0:process_resource_use;pressing_mold_set:process_resource_use;hydraulic_press:process_resource_use;kiln_ceramic:process_resource_use,Fill port is machinable steel but oil sealing and cleanliness require flagged simulation treatment,kb/items/parts/ebf3_hv_fill_port.yaml,"Review whether current process/machine route can support this EBF3 leaf. Ignore capabilities as standalone proof; use machine selection_status/evidence/risk, process inputs/outputs, item material, mass, and performance requirements. Do not rerun local_nominal/import_nominal items. Output one of: keep_flagged_local, reroute_existing_process, needs_new_process_chain, import_until_gap_resolved, import_nominal.",keep_flagged_local,"Steel machining route already has a concrete CNC/lathe-style machine; labor_bot is handling only. Keep performance flags for alignment, seal, preload, wear, fatigue, or cleanliness as applicable."
60,usable_unreviewed_needs_leaf_check,ebf3_hv_pressure_relief_valve_body,sensitivity_flag,lunar_candidate_flagged,0.22,steel,local_derived,medium,recipe_ebf3_hv_pressure_relief_valve_body,True,machining_basic_v0,kb/processes/machining_basic_v0.yaml,multi_axis_cnc_machining_center,multi_axis_cnc_machining_center,multi_axis_cnc_machining_center:usable_unreviewed,,multi_axis_cnc_machining_center:capabilities;processes_supported;process_resource_use;functional_notes;bom;recipe;machine_file,CNC proxy for valve body fabrication; pressure and seal qualification remain sensitivity items,kb/items/parts/ebf3_hv_pressure_relief_valve_body.yaml,"Review whether current process/machine route can support this EBF3 leaf. Ignore capabilities as standalone proof; use machine selection_status/evidence/risk, process inputs/outputs, item material, mass, and performance requirements. Do not rerun local_nominal/import_nominal items. Output one of: keep_flagged_local, reroute_existing_process, needs_new_process_chain, import_until_gap_resolved, import_nominal.",keep_flagged_local,Valve-body machining is local but setpoint seal and pressure/oil qualification are not closed by CNC.
60,usable_unreviewed_needs_leaf_check,ebf3_input_rectifier_busbar_set,sensitivity_flag,lunar_candidate_flagged,0.7,aluminum,local_derived,medium,recipe_ebf3_input_rectifier_busbar_set,True,machining_basic_v0,kb/processes/machining_basic_v0.yaml,multi_axis_cnc_machining_center,multi_axis_cnc_machining_center,multi_axis_cnc_machining_center:usable_unreviewed,,multi_axis_cnc_machining_center:capabilities;processes_supported;process_resource_use;functional_notes;bom;recipe;machine_file,"Aluminum busbar fabrication can be proxied locally, but electrical and thermal ratings must be flagged",kb/items/parts/ebf3_input_rectifier_busbar_set.yaml,"Review whether current process/machine route can support this EBF3 leaf. Ignore capabilities as standalone proof; use machine selection_status/evidence/risk, process inputs/outputs, item material, mass, and performance requirements. Do not rerun local_nominal/import_nominal items. Output one of: keep_flagged_local, reroute_existing_process, needs_new_process_chain, import_until_gap_resolved, import_nominal.",keep_flagged_local,Busbar fabrication is local but rectifier current density clearance and thermal rise affect power feasibility.
60,usable_unreviewed_needs_leaf_check,ebf3_input_rectifier_heat_sink,sensitivity_flag,lunar_candidate_flagged,0.8,aluminum,local_derived,medium,recipe_ebf3_input_rectifier_heat_sink,True,aluminum_housing_machining_v1,kb/processes/aluminum_housing_machining_v1.yaml,labor_bot_general_v0;multi_axis_cnc_machining_center,multi_axis_cnc_machining_center,labor_bot_general_v0:usable_unreviewed;pressing_mold_set:usable_unreviewed;hydraulic_press:usable_unreviewed;kiln_ceramic:usable_unreviewed,,labor_bot_general_v0:process_resource_use;pressing_mold_set:process_resource_use;hydraulic_press:process_resource_use;kiln_ceramic:process_resource_use,CNC aluminum heat-sink proxy consistent with other EBF3 heat-sink routes; thermal rating remains flagged,kb/items/parts/ebf3_input_rectifier_heat_sink.yaml,"Review whether current process/machine route can support this EBF3 leaf. Ignore capabilities as standalone proof; use machine selection_status/evidence/risk, process inputs/outputs, item material, mass, and performance requirements. Do not rerun local_nominal/import_nominal items. Output one of: keep_flagged_local, reroute_existing_process, needs_new_process_chain, import_until_gap_resolved, import_nominal.",keep_flagged_local,"Aluminum thermal/contact part can use existing CNC aluminum route; labor_bot only supports loading. Keep thermal resistance, flatness, isolation, or contact-heating flags."
60,usable_unreviewed_needs_leaf_check,ebf3_matching_network_busbar_set,sensitivity_flag,lunar_candidate_flagged,0.6,aluminum,local_derived,medium,recipe_ebf3_matching_network_busbar_set,True,machining_basic_v0,kb/processes/machining_basic_v0.yaml,multi_axis_cnc_machining_center,multi_axis_cnc_machining_center,multi_axis_cnc_machining_center:usable_unreviewed,,multi_axis_cnc_machining_center:capabilities;processes_supported;process_resource_use;functional_notes;bom;recipe;machine_file,Aluminum busbars are locally plausible but matching-network electrical and thermal limits need flags,kb/items/parts/ebf3_matching_network_busbar_set.yaml,"Review whether current process/machine route can support this EBF3 leaf. Ignore capabilities as standalone proof; use machine selection_status/evidence/risk, process inputs/outputs, item material, mass, and performance requirements. Do not rerun local_nominal/import_nominal items. Output one of: keep_flagged_local, reroute_existing_process, needs_new_process_chain, import_until_gap_resolved, import_nominal.",keep_flagged_local,Machined aluminum busbar is local but RF layout HV clearance and heating affect matching-network behavior.
60,usable_unreviewed_needs_leaf_check,ebf3_matching_network_inductor_terminal_set,sensitivity_flag,lunar_candidate_flagged,0.08,aluminum,local_derived,medium,recipe_ebf3_matching_network_inductor_terminal_set,True,machining_basic_v0,kb/processes/machining_basic_v0.yaml,multi_axis_cnc_machining_center,multi_axis_cnc_machining_center,multi_axis_cnc_machining_center:usable_unreviewed,,multi_axis_cnc_machining_center:capabilities;processes_supported;process_resource_use;functional_notes;bom;recipe;machine_file,Aluminum terminal is locally machinable but matching network electrical and thermal ratings require a flagged route,kb/items/parts/ebf3_matching_network_inductor_terminal_set.yaml,"Review whether current process/machine route can support this EBF3 leaf. Ignore capabilities as standalone proof; use machine selection_status/evidence/risk, process inputs/outputs, item material, mass, and performance requirements. Do not rerun local_nominal/import_nominal items. Output one of: keep_flagged_local, reroute_existing_process, needs_new_process_chain, import_until_gap_resolved, import_nominal.",keep_flagged_local,Terminal machining is local but RF contact heating and clearance are functional electrical risks.
60,usable_unreviewed_needs_leaf_check,ebf3_motion_drive_heat_spreader,sensitivity_flag,lunar_candidate_flagged,0.5,aluminum,local_derived,medium,recipe_ebf3_motion_drive_heat_spreader,True,aluminum_housing_machining_v1,kb/processes/aluminum_housing_machining_v1.yaml,labor_bot_general_v0;multi_axis_cnc_machining_center,multi_axis_cnc_machining_center,labor_bot_general_v0:usable_unreviewed;pressing_mold_set:usable_unreviewed;hydraulic_press:usable_unreviewed;kiln_ceramic:usable_unreviewed,,labor_bot_general_v0:process_resource_use;pressing_mold_set:process_resource_use;hydraulic_press:process_resource_use;kiln_ceramic:process_resource_use,CNC aluminum heat-spreader proxy; thermal contact and isolation remain flagged,kb/items/parts/ebf3_motion_drive_heat_spreader.yaml,"Review whether current process/machine route can support this EBF3 leaf. Ignore capabilities as standalone proof; use machine selection_status/evidence/risk, process inputs/outputs, item material, mass, and performance requirements. Do not rerun local_nominal/import_nominal items. Output one of: keep_flagged_local, reroute_existing_process, needs_new_process_chain, import_until_gap_resolved, import_nominal.",keep_flagged_local,"Aluminum thermal/contact part can use existing CNC aluminum route; labor_bot only supports loading. Keep thermal resistance, flatness, isolation, or contact-heating flags."
60,usable_unreviewed_needs_leaf_check,ebf3_moveable_build_platform_plate,sensitivity_flag,lunar_candidate_flagged,5.6,steel,local_derived,medium,recipe_ebf3_moveable_build_platform_plate,True,machining_basic_v0,kb/processes/machining_basic_v0.yaml,multi_axis_cnc_machining_center,multi_axis_cnc_machining_center,multi_axis_cnc_machining_center:usable_unreviewed,,multi_axis_cnc_machining_center:capabilities;processes_supported;process_resource_use;functional_notes;bom;recipe;machine_file,Ready machining can provide a plate but EBF3 build-surface thermal and flatness requirements are high,kb/items/parts/ebf3_moveable_build_platform_plate.yaml,"Review whether current process/machine route can support this EBF3 leaf. Ignore capabilities as standalone proof; use machine selection_status/evidence/risk, process inputs/outputs, item material, mass, and performance requirements. Do not rerun local_nominal/import_nominal items. Output one of: keep_flagged_local, reroute_existing_process, needs_new_process_chain, import_until_gap_resolved, import_nominal.",keep_flagged_local,The plate can be machined but build-surface flatness and thermal distortion directly affect EBF output.
60,usable_unreviewed_needs_leaf_check,ebf3_moveable_build_platform_return_contact_pad,sensitivity_flag,lunar_candidate_flagged,0.4,aluminum,local_derived,medium,recipe_ebf3_moveable_build_platform_return_contact_pad,True,aluminum_housing_machining_v0,kb/processes/aluminum_housing_machining_v0.yaml,labor_bot_general_v0;multi_axis_cnc_machining_center,multi_axis_cnc_machining_center,labor_bot_general_v0:usable_unreviewed;pressing_mold_set:usable_unreviewed;hydraulic_press:usable_unreviewed;kiln_ceramic:usable_unreviewed,,labor_bot_general_v0:process_resource_use;pressing_mold_set:process_resource_use;hydraulic_press:process_resource_use;kiln_ceramic:process_resource_use,Aluminum contact pad avoids copper scarcity but current-return and arcing behavior are flagged,kb/items/parts/ebf3_moveable_build_platform_return_contact_pad.yaml,"Review whether current process/machine route can support this EBF3 leaf. Ignore capabilities as standalone proof; use machine selection_status/evidence/risk, process inputs/outputs, item material, mass, and performance requirements. Do not rerun local_nominal/import_nominal items. Output one of: keep_flagged_local, reroute_existing_process, needs_new_process_chain, import_until_gap_resolved, import_nominal.",keep_flagged_local,"Aluminum thermal/contact part can use existing CNC aluminum route; labor_bot only supports loading. Keep thermal resistance, flatness, isolation, or contact-heating flags."
60,usable_unreviewed_needs_leaf_check,ebf3_multi_channel_heat_sink,sensitivity_flag,lunar_candidate_flagged,1.2,aluminum,local_derived,medium,recipe_ebf3_multi_channel_heat_sink,True,aluminum_housing_machining_v1,kb/processes/aluminum_housing_machining_v1.yaml,labor_bot_general_v0;multi_axis_cnc_machining_center,multi_axis_cnc_machining_center,labor_bot_general_v0:usable_unreviewed;pressing_mold_set:usable_unreviewed;hydraulic_press:usable_unreviewed;kiln_ceramic:usable_unreviewed,,labor_bot_general_v0:process_resource_use;pressing_mold_set:process_resource_use;hydraulic_press:process_resource_use;kiln_ceramic:process_resource_use,CNC aluminum heat-sink proxy consistent with other EBF3 heat-sink routes; thermal margin remains flagged,kb/items/parts/ebf3_multi_channel_heat_sink.yaml,"Review whether current process/machine route can support this EBF3 leaf. Ignore capabilities as standalone proof; use machine selection_status/evidence/risk, process inputs/outputs, item material, mass, and performance requirements. Do not rerun local_nominal/import_nominal items. Output one of: keep_flagged_local, reroute_existing_process, needs_new_process_chain, import_until_gap_resolved, import_nominal.",keep_flagged_local,"Aluminum thermal/contact part can use existing CNC aluminum route; labor_bot only supports loading. Keep thermal resistance, flatness, isolation, or contact-heating flags."
60,usable_unreviewed_needs_leaf_check,ebf3_positioning_base_frame_rail_set,sensitivity_flag,lunar_candidate_flagged,4.0,steel,local_derived,medium,recipe_ebf3_positioning_base_frame_rail_set,True,machining_basic_v0,kb/processes/machining_basic_v0.yaml,multi_axis_cnc_machining_center,multi_axis_cnc_machining_center,multi_axis_cnc_machining_center:usable_unreviewed,,multi_axis_cnc_machining_center:capabilities;processes_supported;process_resource_use;functional_notes;bom;recipe;machine_file,"Positioning rails are precision motion datums, so CNC machining is a better first-pass route than generic frame fabrication",kb/items/parts/ebf3_positioning_base_frame_rail_set.yaml,"Review whether current process/machine route can support this EBF3 leaf. Ignore capabilities as standalone proof; use machine selection_status/evidence/risk, process inputs/outputs, item material, mass, and performance requirements. Do not rerun local_nominal/import_nominal items. Output one of: keep_flagged_local, reroute_existing_process, needs_new_process_chain, import_until_gap_resolved, import_nominal.",keep_flagged_local,CNC can machine the rails but straightness parallelism and thermal stability are precision-motion core risks.
60,usable_unreviewed_needs_leaf_check,ebf3_positioning_feedthrough_flange,sensitivity_flag,lunar_candidate_flagged,0.2,steel,local_derived,medium,recipe_ebf3_positioning_feedthrough_flange,True,machining_basic_v0,kb/processes/machining_basic_v0.yaml,multi_axis_cnc_machining_center,multi_axis_cnc_machining_center,multi_axis_cnc_machining_center:usable_unreviewed,,multi_axis_cnc_machining_center:capabilities;processes_supported;process_resource_use;functional_notes;bom;recipe;machine_file,"The metal flange is locally machinable, but feedthrough sealing and voltage rating make it a flagged route",kb/items/parts/ebf3_positioning_feedthrough_flange.yaml,"Review whether current process/machine route can support this EBF3 leaf. Ignore capabilities as standalone proof; use machine selection_status/evidence/risk, process inputs/outputs, item material, mass, and performance requirements. Do not rerun local_nominal/import_nominal items. Output one of: keep_flagged_local, reroute_existing_process, needs_new_process_chain, import_until_gap_resolved, import_nominal.",keep_flagged_local,The flange leaf is machined locally but hermetic feedthrough seal and HV rating are separate unresolved gaps.
60,usable_unreviewed_needs_leaf_check,ebf3_positioning_feedthrough_shield_termination_interface,sensitivity_flag,lunar_candidate_flagged,0.05,aluminum,local_derived,medium,recipe_ebf3_positioning_feedthrough_shield_termination_interface,True,machining_basic_v0,kb/processes/machining_basic_v0.yaml,multi_axis_cnc_machining_center,multi_axis_cnc_machining_center,multi_axis_cnc_machining_center:usable_unreviewed,,multi_axis_cnc_machining_center:capabilities;processes_supported;process_resource_use;functional_notes;bom;recipe;machine_file,CNC proxy for metal shield termination interface; feedthrough HV/vacuum behavior remains flagged,kb/items/parts/ebf3_positioning_feedthrough_shield_termination_interface.yaml,"Review whether current process/machine route can support this EBF3 leaf. Ignore capabilities as standalone proof; use machine selection_status/evidence/risk, process inputs/outputs, item material, mass, and performance requirements. Do not rerun local_nominal/import_nominal items. Output one of: keep_flagged_local, reroute_existing_process, needs_new_process_chain, import_until_gap_resolved, import_nominal.",keep_flagged_local,Shield termination machining is local but feedthrough creepage grounding and vacuum behavior remain functional gaps.
60,usable_unreviewed_needs_leaf_check,ebf3_power_electronics_cold_plate_port_interface_set,sensitivity_flag,lunar_candidate_flagged,0.3,aluminum,local_derived,medium,recipe_ebf3_power_electronics_cold_plate_port_interface_set,True,machining_basic_v0,kb/processes/machining_basic_v0.yaml,multi_axis_cnc_machining_center,multi_axis_cnc_machining_center,multi_axis_cnc_machining_center:usable_unreviewed,,multi_axis_cnc_machining_center:capabilities;processes_supported;process_resource_use;functional_notes;bom;recipe;machine_file,Architecture assumes lunar vacuum conduction cold plate baseline; aluminum port and remote-interface proxy machining are Ready but thermal interface performance is flagged.,kb/items/parts/ebf3_power_electronics_cold_plate_port_interface_set.yaml,"Review whether current process/machine route can support this EBF3 leaf. Ignore capabilities as standalone proof; use machine selection_status/evidence/risk, process inputs/outputs, item material, mass, and performance requirements. Do not rerun local_nominal/import_nominal items. Output one of: keep_flagged_local, reroute_existing_process, needs_new_process_chain, import_until_gap_resolved, import_nominal.",keep_flagged_local,Aluminum port and folded remote-interface proxy machining is local but leak tightness and thermal contact affect electronics cooling.
60,usable_unreviewed_needs_leaf_check,ebf3_power_electronics_cooling_plate_set,sensitivity_flag,lunar_candidate_flagged,2.0,aluminum,local_derived,medium,recipe_ebf3_power_electronics_cooling_plate_set,True,machining_basic_v0,kb/processes/machining_basic_v0.yaml,multi_axis_cnc_machining_center,multi_axis_cnc_machining_center,multi_axis_cnc_machining_center:usable_unreviewed,,multi_axis_cnc_machining_center:capabilities;processes_supported;process_resource_use;functional_notes;bom;recipe;machine_file,Aluminum plate is a local candidate but electronics cooling performance should be flagged,kb/items/parts/ebf3_power_electronics_cooling_plate_set.yaml,"Review whether current process/machine route can support this EBF3 leaf. Ignore capabilities as standalone proof; use machine selection_status/evidence/risk, process inputs/outputs, item material, mass, and performance requirements. Do not rerun local_nominal/import_nominal items. Output one of: keep_flagged_local, reroute_existing_process, needs_new_process_chain, import_until_gap_resolved, import_nominal.",keep_flagged_local,Aluminum plate machining is local but spreading resistance and flatness affect electronics thermal output.
60,usable_unreviewed_needs_leaf_check,ebf3_power_input_gland_body,sensitivity_flag,lunar_candidate_flagged,0.5,steel,local_derived,medium,recipe_ebf3_power_input_gland_body,True,machining_basic_v0,kb/processes/machining_basic_v0.yaml,multi_axis_cnc_machining_center,multi_axis_cnc_machining_center,multi_axis_cnc_machining_center:usable_unreviewed,,multi_axis_cnc_machining_center:capabilities;processes_supported;process_resource_use;functional_notes;bom;recipe;machine_file,"The metal gland body is locally machinable, but cable retention, grounding, and compatibility with the separate seal make it a flagged interface item",kb/items/parts/ebf3_power_input_gland_body.yaml,"Review whether current process/machine route can support this EBF3 leaf. Ignore capabilities as standalone proof; use machine selection_status/evidence/risk, process inputs/outputs, item material, mass, and performance requirements. Do not rerun local_nominal/import_nominal items. Output one of: keep_flagged_local, reroute_existing_process, needs_new_process_chain, import_until_gap_resolved, import_nominal.",keep_flagged_local,The gland body is machinable but cable retention grounding and seal compatibility are functional interface gaps.
60,usable_unreviewed_needs_leaf_check,ebf3_rotary_axis_table_hub,sensitivity_flag,lunar_candidate_flagged,1.4,steel,local_derived,medium,recipe_ebf3_rotary_axis_table_hub,True,machining_basic_v0,kb/processes/machining_basic_v0.yaml,multi_axis_cnc_machining_center,multi_axis_cnc_machining_center,multi_axis_cnc_machining_center:usable_unreviewed,,multi_axis_cnc_machining_center:capabilities;processes_supported;process_resource_use;functional_notes;bom;recipe;machine_file,"Ready CNC can proxy the hub, but rotary accuracy remains a simulation sensitivity",kb/items/parts/ebf3_rotary_axis_table_hub.yaml,"Review whether current process/machine route can support this EBF3 leaf. Ignore capabilities as standalone proof; use machine selection_status/evidence/risk, process inputs/outputs, item material, mass, and performance requirements. Do not rerun local_nominal/import_nominal items. Output one of: keep_flagged_local, reroute_existing_process, needs_new_process_chain, import_until_gap_resolved, import_nominal.",keep_flagged_local,The hub is machinable but bearing-seat tolerance and rotary runout are precision-motion core risks.
60,usable_unreviewed_needs_leaf_check,ebf3_rotary_axis_table_plate,sensitivity_flag,lunar_candidate_flagged,3.0,steel,local_derived,medium,recipe_ebf3_rotary_axis_table_plate,True,machining_basic_v0,kb/processes/machining_basic_v0.yaml,multi_axis_cnc_machining_center,multi_axis_cnc_machining_center,multi_axis_cnc_machining_center:usable_unreviewed,,multi_axis_cnc_machining_center:capabilities;processes_supported;process_resource_use;functional_notes;bom;recipe;machine_file,Local machining is plausible but rotary build-table accuracy and heat exposure are critical,kb/items/parts/ebf3_rotary_axis_table_plate.yaml,"Review whether current process/machine route can support this EBF3 leaf. Ignore capabilities as standalone proof; use machine selection_status/evidence/risk, process inputs/outputs, item material, mass, and performance requirements. Do not rerun local_nominal/import_nominal items. Output one of: keep_flagged_local, reroute_existing_process, needs_new_process_chain, import_until_gap_resolved, import_nominal.",keep_flagged_local,The table plate is machinable but balance runout flatness and heat exposure directly affect build output.
60,usable_unreviewed_needs_leaf_check,ebf3_spool_retaining_ring,import_until_gap_resolved,route_gap,0.03,steel,local_derived,high,recipe_ebf3_spool_retaining_ring,True,machining_basic_v0,kb/processes/machining_basic_v0.yaml,multi_axis_cnc_machining_center,multi_axis_cnc_machining_center,multi_axis_cnc_machining_center:usable_unreviewed,,multi_axis_cnc_machining_center:capabilities;processes_supported;process_resource_use;functional_notes;bom;recipe;machine_file,"A small retaining ring is locally plausible, but if it relies on snap-ring spring temper or fatigue properties the route is not fully clean",kb/items/parts/ebf3_spool_retaining_ring.yaml,"Review whether current process/machine route can support this EBF3 leaf. Ignore capabilities as standalone proof; use machine selection_status/evidence/risk, process inputs/outputs, item material, mass, and performance requirements. Do not rerun local_nominal/import_nominal items. Output one of: keep_flagged_local, reroute_existing_process, needs_new_process_chain, import_until_gap_resolved, import_nominal.",needs_new_process_chain,Definition is ambiguous between a rigid CNC collar and a spring snap ring needing forming heat treatment and fatigue validation.
60,usable_unreviewed_needs_leaf_check,ebf3_spool_support_shaft,sensitivity_flag,lunar_candidate_flagged,0.5,steel,local_derived,medium,recipe_ebf3_spool_support_shaft,True,steel_shaft_machining_v1,kb/processes/steel_shaft_machining_v1.yaml,labor_bot_general_v0;multi_axis_cnc_machining_center,multi_axis_cnc_machining_center,labor_bot_general_v0:usable_unreviewed;pressing_mold_set:usable_unreviewed;hydraulic_press:usable_unreviewed;kiln_ceramic:usable_unreviewed,,labor_bot_general_v0:process_resource_use;pressing_mold_set:process_resource_use;hydraulic_press:process_resource_use;kiln_ceramic:process_resource_use,Steel shaft machining is Ready but spool bearing seats and runout should be flagged,kb/items/parts/ebf3_spool_support_shaft.yaml,"Review whether current process/machine route can support this EBF3 leaf. Ignore capabilities as standalone proof; use machine selection_status/evidence/risk, process inputs/outputs, item material, mass, and performance requirements. Do not rerun local_nominal/import_nominal items. Output one of: keep_flagged_local, reroute_existing_process, needs_new_process_chain, import_until_gap_resolved, import_nominal.",keep_flagged_local,"Steel machining route already has a concrete CNC/lathe-style machine; labor_bot is handling only. Keep performance flags for alignment, seal, preload, wear, fatigue, or cleanliness as applicable."
60,usable_unreviewed_needs_leaf_check,ebf3_substrate_clamp_jaw_set,sensitivity_flag,lunar_candidate_flagged,0.55,steel,local_derived,medium,recipe_ebf3_substrate_clamp_jaw_set,True,machining_basic_v0,kb/processes/machining_basic_v0.yaml,multi_axis_cnc_machining_center,multi_axis_cnc_machining_center,multi_axis_cnc_machining_center:usable_unreviewed,,multi_axis_cnc_machining_center:capabilities;processes_supported;process_resource_use;functional_notes;bom;recipe;machine_file,"Local steel machining is plausible, but clamp contact and thermal behavior affect build quality",kb/items/parts/ebf3_substrate_clamp_jaw_set.yaml,"Review whether current process/machine route can support this EBF3 leaf. Ignore capabilities as standalone proof; use machine selection_status/evidence/risk, process inputs/outputs, item material, mass, and performance requirements. Do not rerun local_nominal/import_nominal items. Output one of: keep_flagged_local, reroute_existing_process, needs_new_process_chain, import_until_gap_resolved, import_nominal.",keep_flagged_local,Jaw machining is local but grip force flatness thermal behavior and substrate protection affect EBF build quality.
60,usable_unreviewed_needs_leaf_check,ebf3_tank_side_bushing_central_conductor,sensitivity_flag,lunar_candidate_flagged,0.25,aluminum,local_derived,medium,recipe_ebf3_tank_side_bushing_central_conductor,True,machining_basic_v0,kb/processes/machining_basic_v0.yaml,multi_axis_cnc_machining_center,multi_axis_cnc_machining_center,multi_axis_cnc_machining_center:usable_unreviewed,,multi_axis_cnc_machining_center:capabilities;processes_supported;process_resource_use;functional_notes;bom;recipe;machine_file,Aluminum conductor can be local but bushing HV field control and sealing interface require flags,kb/items/parts/ebf3_tank_side_bushing_central_conductor.yaml,"Review whether current process/machine route can support this EBF3 leaf. Ignore capabilities as standalone proof; use machine selection_status/evidence/risk, process inputs/outputs, item material, mass, and performance requirements. Do not rerun local_nominal/import_nominal items. Output one of: keep_flagged_local, reroute_existing_process, needs_new_process_chain, import_until_gap_resolved, import_nominal.",keep_flagged_local,Field-radius conductor geometry is CNC scope but HV withstand cleanliness and seal-interface behavior remain core gaps.
60,usable_unreviewed_needs_leaf_check,ebf3_tank_side_bushing_field_grading_shield,sensitivity_flag,lunar_candidate_flagged,0.12,aluminum,local_derived,medium,recipe_ebf3_tank_side_bushing_field_grading_shield,True,machining_basic_v0,kb/processes/machining_basic_v0.yaml,multi_axis_cnc_machining_center,multi_axis_cnc_machining_center,multi_axis_cnc_machining_center:usable_unreviewed,,multi_axis_cnc_machining_center:capabilities;processes_supported;process_resource_use;functional_notes;bom;recipe;machine_file,The shield is manufacturable metal but field grading performance is the central risk,kb/items/parts/ebf3_tank_side_bushing_field_grading_shield.yaml,"Review whether current process/machine route can support this EBF3 leaf. Ignore capabilities as standalone proof; use machine selection_status/evidence/risk, process inputs/outputs, item material, mass, and performance requirements. Do not rerun local_nominal/import_nominal items. Output one of: keep_flagged_local, reroute_existing_process, needs_new_process_chain, import_until_gap_resolved, import_nominal.",keep_flagged_local,Shield geometry and polishing are CNC scope but corona control and HV oil or vacuum qualification remain core gaps.
60,usable_unreviewed_needs_leaf_check,ebf3_tank_side_bushing_mounting_flange,sensitivity_flag,lunar_candidate_flagged,0.3,steel,local_derived,medium,recipe_ebf3_tank_side_bushing_mounting_flange,True,machining_basic_v0,kb/processes/machining_basic_v0.yaml,multi_axis_cnc_machining_center,multi_axis_cnc_machining_center,multi_axis_cnc_machining_center:usable_unreviewed,,multi_axis_cnc_machining_center:capabilities;processes_supported;process_resource_use;functional_notes;bom;recipe;machine_file,"The flange body can be local, but bushing sealing and HV geometry make it flagged",kb/items/parts/ebf3_tank_side_bushing_mounting_flange.yaml,"Review whether current process/machine route can support this EBF3 leaf. Ignore capabilities as standalone proof; use machine selection_status/evidence/risk, process inputs/outputs, item material, mass, and performance requirements. Do not rerun local_nominal/import_nominal items. Output one of: keep_flagged_local, reroute_existing_process, needs_new_process_chain, import_until_gap_resolved, import_nominal.",keep_flagged_local,The flange body is machinable but bushing sealing HV clearance and oil compatibility are functional gaps.
60,usable_unreviewed_needs_leaf_check,ebf3_wire_feed_drive_roll_body,import_until_gap_resolved,route_gap,0.22,hardened_steel,local_derived,medium,,False,steel_shaft_machining_v0,kb/processes/steel_shaft_machining_v0.yaml,labor_bot_general_v0;multi_axis_cnc_machining_center,multi_axis_cnc_machining_center,labor_bot_general_v0:usable_unreviewed;pressing_mold_set:usable_unreviewed;hydraulic_press:usable_unreviewed;kiln_ceramic:usable_unreviewed,,labor_bot_general_v0:process_resource_use;pressing_mold_set:process_resource_use;hydraulic_press:process_resource_use;kiln_ceramic:process_resource_use,Drive roll body is locally machinable steel but surface hardness and wire grip are flagged,kb/items/parts/ebf3_wire_feed_drive_roll_body.yaml,"Review whether current process/machine route can support this EBF3 leaf. Ignore capabilities as standalone proof; use machine selection_status/evidence/risk, process inputs/outputs, item material, mass, and performance requirements. Do not rerun local_nominal/import_nominal items. Output one of: keep_flagged_local, reroute_existing_process, needs_new_process_chain, import_until_gap_resolved, import_nominal.",needs_new_process_chain,"Base CNC machining is available, but the working surface needs hardness, groove/orifice geometry, wear finish, and vacuum cleanliness that are not closed by shaft machining alone."
60,usable_unreviewed_needs_leaf_check,ebf3_wire_feed_encoder_target,import_until_gap_resolved,route_gap,0.08,steel,local_derived,medium,recipe_ebf3_wire_feed_encoder_target,True,machining_basic_v0,kb/processes/machining_basic_v0.yaml,multi_axis_cnc_machining_center,multi_axis_cnc_machining_center,multi_axis_cnc_machining_center:usable_unreviewed,,multi_axis_cnc_machining_center:capabilities;processes_supported;process_resource_use;functional_notes;bom;recipe;machine_file,Small target is local machinable but encoder resolution and mounting assumptions are flagged,kb/items/parts/ebf3_wire_feed_encoder_target.yaml,"Review whether current process/machine route can support this EBF3 leaf. Ignore capabilities as standalone proof; use machine selection_status/evidence/risk, process inputs/outputs, item material, mass, and performance requirements. Do not rerun local_nominal/import_nominal items. Output one of: keep_flagged_local, reroute_existing_process, needs_new_process_chain, import_until_gap_resolved, import_nominal.",needs_new_process_chain,Definition is ambiguous between a simple CNC index target and an optical magnetic or encoded target needing another process route.
60,usable_unreviewed_needs_leaf_check,ebf3_wire_feed_motor_mount_clamp_alignment_pin_set,sensitivity_flag,lunar_candidate_flagged,0.04,steel,local_derived,medium,recipe_ebf3_wire_feed_motor_mount_clamp_alignment_pin_set,True,steel_shaft_machining_v0,kb/processes/steel_shaft_machining_v0.yaml,labor_bot_general_v0;multi_axis_cnc_machining_center,multi_axis_cnc_machining_center,labor_bot_general_v0:usable_unreviewed;pressing_mold_set:usable_unreviewed;hydraulic_press:usable_unreviewed;kiln_ceramic:usable_unreviewed,,labor_bot_general_v0:process_resource_use;pressing_mold_set:process_resource_use;hydraulic_press:process_resource_use;kiln_ceramic:process_resource_use,Alignment pins are simple steel parts but motor positioning tolerance keeps the route flagged,kb/items/parts/ebf3_wire_feed_motor_mount_clamp_alignment_pin_set.yaml,"Review whether current process/machine route can support this EBF3 leaf. Ignore capabilities as standalone proof; use machine selection_status/evidence/risk, process inputs/outputs, item material, mass, and performance requirements. Do not rerun local_nominal/import_nominal items. Output one of: keep_flagged_local, reroute_existing_process, needs_new_process_chain, import_until_gap_resolved, import_nominal.",keep_flagged_local,"Steel machining route already has a concrete CNC/lathe-style machine; labor_bot is handling only. Keep performance flags for alignment, seal, preload, wear, fatigue, or cleanliness as applicable."
60,usable_unreviewed_needs_leaf_check,ebf3_wire_feed_pressure_arm_pivot_pin,sensitivity_flag,lunar_candidate_flagged,0.04,steel,local_derived,medium,recipe_ebf3_wire_feed_pressure_arm_pivot_pin,True,steel_shaft_machining_v0,kb/processes/steel_shaft_machining_v0.yaml,labor_bot_general_v0;multi_axis_cnc_machining_center,multi_axis_cnc_machining_center,labor_bot_general_v0:usable_unreviewed;pressing_mold_set:usable_unreviewed;hydraulic_press:usable_unreviewed;kiln_ceramic:usable_unreviewed,,labor_bot_general_v0:process_resource_use;pressing_mold_set:process_resource_use;hydraulic_press:process_resource_use;kiln_ceramic:process_resource_use,Small pivot pin is locally machinable but wire-feed wear and retention are flagged,kb/items/parts/ebf3_wire_feed_pressure_arm_pivot_pin.yaml,"Review whether current process/machine route can support this EBF3 leaf. Ignore capabilities as standalone proof; use machine selection_status/evidence/risk, process inputs/outputs, item material, mass, and performance requirements. Do not rerun local_nominal/import_nominal items. Output one of: keep_flagged_local, reroute_existing_process, needs_new_process_chain, import_until_gap_resolved, import_nominal.",keep_flagged_local,"Steel machining route already has a concrete CNC/lathe-style machine; labor_bot is handling only. Keep performance flags for alignment, seal, preload, wear, fatigue, or cleanliness as applicable."
60,usable_unreviewed_needs_leaf_check,ebf3_wire_feeder_feedthrough_flange,sensitivity_flag,lunar_candidate_flagged,0.08,steel,local_derived,medium,recipe_ebf3_wire_feeder_feedthrough_flange,True,machining_basic_v0,kb/processes/machining_basic_v0.yaml,multi_axis_cnc_machining_center,multi_axis_cnc_machining_center,multi_axis_cnc_machining_center:usable_unreviewed,,multi_axis_cnc_machining_center:capabilities;processes_supported;process_resource_use;functional_notes;bom;recipe;machine_file,"The flange body is locally machinable steel, but hermetic feedthrough closure is not claimed by this leaf route and remains a separate gap",kb/items/parts/ebf3_wire_feeder_feedthrough_flange.yaml,"Review whether current process/machine route can support this EBF3 leaf. Ignore capabilities as standalone proof; use machine selection_status/evidence/risk, process inputs/outputs, item material, mass, and performance requirements. Do not rerun local_nominal/import_nominal items. Output one of: keep_flagged_local, reroute_existing_process, needs_new_process_chain, import_until_gap_resolved, import_nominal.",keep_flagged_local,The flange is machinable but hermetic feedthrough closure is not closed by CNC.
60,usable_unreviewed_needs_leaf_check,ebf3_wire_feeder_feedthrough_shield_termination_interface,sensitivity_flag,lunar_candidate_flagged,0.03,aluminum,local_derived,medium,recipe_ebf3_wire_feeder_feedthrough_shield_termination_interface,True,machining_basic_v0,kb/processes/machining_basic_v0.yaml,multi_axis_cnc_machining_center,multi_axis_cnc_machining_center,multi_axis_cnc_machining_center:usable_unreviewed,,multi_axis_cnc_machining_center:capabilities;processes_supported;process_resource_use;functional_notes;bom;recipe;machine_file,Small shield termination is locally machinable but the feedthrough interface performance is flagged,kb/items/parts/ebf3_wire_feeder_feedthrough_shield_termination_interface.yaml,"Review whether current process/machine route can support this EBF3 leaf. Ignore capabilities as standalone proof; use machine selection_status/evidence/risk, process inputs/outputs, item material, mass, and performance requirements. Do not rerun local_nominal/import_nominal items. Output one of: keep_flagged_local, reroute_existing_process, needs_new_process_chain, import_until_gap_resolved, import_nominal.",keep_flagged_local,Shield termination is simple machining but feedthrough HV/vacuum compatibility remains a functional gap.
60,usable_unreviewed_needs_leaf_check,ebf3_wire_feeder_gun_bracket_alignment_pin_set,sensitivity_flag,lunar_candidate_flagged,0.2,steel,local_derived,medium,recipe_ebf3_wire_feeder_gun_bracket_alignment_pin_set,True,steel_shaft_machining_v0,kb/processes/steel_shaft_machining_v0.yaml,labor_bot_general_v0;multi_axis_cnc_machining_center,multi_axis_cnc_machining_center,labor_bot_general_v0:usable_unreviewed;pressing_mold_set:usable_unreviewed;hydraulic_press:usable_unreviewed;kiln_ceramic:usable_unreviewed,,labor_bot_general_v0:process_resource_use;pressing_mold_set:process_resource_use;hydraulic_press:process_resource_use;kiln_ceramic:process_resource_use,Precision steel pins are locally machinable but gun-to-feeder alignment is performance critical,kb/items/parts/ebf3_wire_feeder_gun_bracket_alignment_pin_set.yaml,"Review whether current process/machine route can support this EBF3 leaf. Ignore capabilities as standalone proof; use machine selection_status/evidence/risk, process inputs/outputs, item material, mass, and performance requirements. Do not rerun local_nominal/import_nominal items. Output one of: keep_flagged_local, reroute_existing_process, needs_new_process_chain, import_until_gap_resolved, import_nominal.",keep_flagged_local,"Steel machining route already has a concrete CNC/lathe-style machine; labor_bot is handling only. Keep performance flags for alignment, seal, preload, wear, fatigue, or cleanliness as applicable."
60,usable_unreviewed_needs_leaf_check,ebf3_wire_feeder_gun_bracket_body,sensitivity_flag,lunar_candidate_flagged,0.8,steel,local_derived,medium,recipe_ebf3_wire_feeder_gun_bracket_body,True,machining_basic_v0,kb/processes/machining_basic_v0.yaml,multi_axis_cnc_machining_center,multi_axis_cnc_machining_center,multi_axis_cnc_machining_center:usable_unreviewed,,multi_axis_cnc_machining_center:capabilities;processes_supported;process_resource_use;functional_notes;bom;recipe;machine_file,"Local steel machining is plausible, but beam/wire alignment requirements make it flagged",kb/items/parts/ebf3_wire_feeder_gun_bracket_body.yaml,"Review whether current process/machine route can support this EBF3 leaf. Ignore capabilities as standalone proof; use machine selection_status/evidence/risk, process inputs/outputs, item material, mass, and performance requirements. Do not rerun local_nominal/import_nominal items. Output one of: keep_flagged_local, reroute_existing_process, needs_new_process_chain, import_until_gap_resolved, import_nominal.",keep_flagged_local,The bracket is machinable but wire-to-gun alignment and thermal stability affect beam delivery.
60,usable_unreviewed_needs_leaf_check,ebf3_wire_outlet_guide_tube,sensitivity_flag,lunar_candidate_flagged,0.25,steel,local_derived,medium,recipe_ebf3_wire_outlet_guide_tube,True,tube_bending_and_cutting_v0;machining_finish_basic_v0;inspection_basic_v0;cleaning_basic_v0,kb/processes/tube_bending_and_cutting_v0.yaml;kb/processes/machining_finish_basic_v0.yaml;kb/processes/inspection_basic_v0.yaml;kb/processes/cleaning_basic_v0.yaml,labor_bot_general_v0;tube_bender;metal_shear_or_saw;multi_axis_cnc_machining_center;cutting_tools_general;cleaning_station_basic_v0,tube_bender;metal_shear_or_saw;multi_axis_cnc_machining_center;cutting_tools_general;cleaning_station_basic_v0,labor_bot_general_v0:usable_unreviewed;pressing_mold_set:usable_unreviewed;hydraulic_press:usable_unreviewed;kiln_ceramic:usable_unreviewed,,recipe;process_resource_use;machine_file,The guide tube is locally machinable but bore wear controls feed reliability,kb/items/parts/ebf3_wire_outlet_guide_tube.yaml,"Review whether current process/machine route can support this EBF3 leaf. Ignore capabilities as standalone proof; use machine selection_status/evidence/risk, process inputs/outputs, item material, mass, and performance requirements. Do not rerun local_nominal/import_nominal items. Output one of: keep_flagged_local, reroute_existing_process, needs_new_process_chain, import_until_gap_resolved, import_nominal.",reroute_existing_process,"The current multi-step route is semantically close, but it should emphasize tube stock, end-facing, reaming/polishing, inspection, and cleaning rather than solid-block labor/CNC proxy."
20,no_active_recipe_reaudit_metadata_candidate,ebf3_anti_wear_guide_insert,sensitivity_flag,lunar_candidate_flagged,0.07,ceramic,local_derived,medium,recipe_ebf3_anti_wear_guide_insert,True,ceramic_forming_basic_v0;ceramic_sintering_process_v0,kb/processes/ceramic_forming_basic_v0.yaml;kb/processes/ceramic_sintering_process_v0.yaml,pressing_mold_set;hydraulic_press;kiln_ceramic;labor_bot_general_v0,pressing_mold_set;hydraulic_press;kiln_ceramic;labor_bot_general_v0,labor_bot_general_v0:usable_unreviewed;pressing_mold_set:usable_unreviewed;hydraulic_press:usable_unreviewed;kiln_ceramic:usable_unreviewed,,labor_bot_general_v0:process_resource_use;pressing_mold_set:process_resource_use;hydraulic_press:process_resource_use;kiln_ceramic:process_resource_use,"Alumina is a preferred lunar-derived ceramic, but this leaf needs a fired wear- grade insert; KB has material/process direction but the sintering machine is not Ready",kb/items/parts/ebf3_anti_wear_guide_insert.yaml,"Review whether current process/machine route can support this EBF3 leaf. Ignore capabilities as standalone proof; use machine selection_status/evidence/risk, process inputs/outputs, item material, mass, and performance requirements. Do not rerun local_nominal/import_nominal items. Output one of: keep_flagged_local, reroute_existing_process, needs_new_process_chain, import_until_gap_resolved, import_nominal.",keep_flagged_local,"The old kiln/press audit rationale is obsolete: press/mold/kiln machines are usable_unreviewed and semantically match. Keep only wear, thermal, chipping, and dimensional flags."
20,no_active_recipe_reaudit_metadata_candidate,ebf3_ball_nut_body_set,import_until_gap_resolved,route_gap,1.1,bearing_steel,local_derived,medium,,False,ball_screw_fabrication_v0,kb/processes/ball_screw_fabrication_v0.yaml,precision_lathe;labor_bot_general_v0,precision_lathe,labor_bot_general_v0:usable_unreviewed;pressing_mold_set:usable_unreviewed;hydraulic_press:usable_unreviewed;kiln_ceramic:usable_unreviewed,,labor_bot_general_v0:process_resource_use;pressing_mold_set:process_resource_use;hydraulic_press:process_resource_use;kiln_ceramic:process_resource_use,Ball-nut body is a reusable precision motion route gap rather than a deferred fallback,kb/items/parts/ebf3_ball_nut_body_set.yaml,"Review whether current process/machine route can support this EBF3 leaf. Ignore capabilities as standalone proof; use machine selection_status/evidence/risk, process inputs/outputs, item material, mass, and performance requirements. Do not rerun local_nominal/import_nominal items. Output one of: keep_flagged_local, reroute_existing_process, needs_new_process_chain, import_until_gap_resolved, import_nominal.",import_until_gap_resolved,"Material and some machines exist, but bearing/ball-screw/linear-guide geometry needs hardened races, precision grinding/lapping, preload/runout control, lubrication, metrology, and life QA; this is a performance chain gap."
20,no_active_recipe_reaudit_metadata_candidate,ebf3_ball_nut_recirculation_insert_set,import_until_gap_resolved,route_gap,0.3,steel,local_derived,low,,False,ball_screw_fabrication_v0,kb/processes/ball_screw_fabrication_v0.yaml,precision_lathe;labor_bot_general_v0,precision_lathe,labor_bot_general_v0:usable_unreviewed;pressing_mold_set:usable_unreviewed;hydraulic_press:usable_unreviewed;kiln_ceramic:usable_unreviewed,,labor_bot_general_v0:process_resource_use;pressing_mold_set:process_resource_use;hydraulic_press:process_resource_use;kiln_ceramic:process_resource_use,This is a precision ball-nut function rather than an ordinary machined insert so first simulation should import until the precision route exists,kb/items/parts/ebf3_ball_nut_recirculation_insert_set.yaml,"Review whether current process/machine route can support this EBF3 leaf. Ignore capabilities as standalone proof; use machine selection_status/evidence/risk, process inputs/outputs, item material, mass, and performance requirements. Do not rerun local_nominal/import_nominal items. Output one of: keep_flagged_local, reroute_existing_process, needs_new_process_chain, import_until_gap_resolved, import_nominal.",import_until_gap_resolved,"Material and some machines exist, but bearing/ball-screw/linear-guide geometry needs hardened races, precision grinding/lapping, preload/runout control, lubrication, metrology, and life QA; this is a performance chain gap."
20,no_active_recipe_reaudit_metadata_candidate,ebf3_ball_nut_rolling_ball_set,import_until_gap_resolved,route_gap,0.45,bearing_steel,local_derived,low,,False,bearing_set_heavy_production_v0,kb/processes/bearing_set_heavy_production_v0.yaml,labor_bot_general_v0;lathe_engine_v0;heat_treatment_furnace_v0;bearing_grinding_machine_v0;induction_forge_v0,lathe_engine_v0;heat_treatment_furnace_v0;bearing_grinding_machine_v0;induction_forge_v0,labor_bot_general_v0:usable_unreviewed;pressing_mold_set:usable_unreviewed;hydraulic_press:usable_unreviewed;kiln_ceramic:usable_unreviewed,,labor_bot_general_v0:process_resource_use;pressing_mold_set:process_resource_use;hydraulic_press:process_resource_use;kiln_ceramic:process_resource_use,"Rolling balls expose a reusable precision bearing route gap, so first simulation should import until bearing-grade production closes",kb/items/parts/ebf3_ball_nut_rolling_ball_set.yaml,"Review whether current process/machine route can support this EBF3 leaf. Ignore capabilities as standalone proof; use machine selection_status/evidence/risk, process inputs/outputs, item material, mass, and performance requirements. Do not rerun local_nominal/import_nominal items. Output one of: keep_flagged_local, reroute_existing_process, needs_new_process_chain, import_until_gap_resolved, import_nominal.",import_until_gap_resolved,"Material and some machines exist, but bearing/ball-screw/linear-guide geometry needs hardened races, precision grinding/lapping, preload/runout control, lubrication, metrology, and life QA; this is a performance chain gap."
20,no_active_recipe_reaudit_metadata_candidate,ebf3_beam_current_return_flexible_conductor,import_until_gap_resolved,route_gap,0.32,aluminum,local_derived,medium,,False,metal_wire_drawing_process_v0,kb/processes/metal_wire_drawing_process_v0.yaml,labor_bot_general_v0;drawing_die_set_basic,drawing_die_set_basic,labor_bot_general_v0:usable_unreviewed;pressing_mold_set:usable_unreviewed;hydraulic_press:usable_unreviewed;kiln_ceramic:usable_unreviewed,,labor_bot_general_v0:process_resource_use;pressing_mold_set:process_resource_use;hydraulic_press:process_resource_use;kiln_ceramic:process_resource_use,"Beam-current return flexible conductor is a repeated conductor/termination route gap, not merely deferred fallback",kb/items/parts/ebf3_beam_current_return_flexible_conductor.yaml,"Review whether current process/machine route can support this EBF3 leaf. Ignore capabilities as standalone proof; use machine selection_status/evidence/risk, process inputs/outputs, item material, mass, and performance requirements. Do not rerun local_nominal/import_nominal items. Output one of: keep_flagged_local, reroute_existing_process, needs_new_process_chain, import_until_gap_resolved, import_nominal.",needs_new_process_chain,"Aluminum conductor stock is plausible and drawing equipment exists, but vacuum cable insulation, termination, flex, and continuity QA are not modeled by the current labor-heavy route."
20,no_active_recipe_reaudit_metadata_candidate,ebf3_cabin_access_door_latch_return_spring_set,import_until_gap_resolved,route_gap,0.2,spring_steel,local_derived,medium,,False,heat_treat_basic_v0,kb/processes/heat_treat_basic_v0.yaml,labor_bot_general_v0;heat_treatment_furnace_v0,heat_treatment_furnace_v0,labor_bot_general_v0:usable_unreviewed;pressing_mold_set:usable_unreviewed;hydraulic_press:usable_unreviewed;kiln_ceramic:usable_unreviewed,,labor_bot_general_v0:process_resource_use;pressing_mold_set:process_resource_use;hydraulic_press:process_resource_use;kiln_ceramic:process_resource_use,"The mass is modest and steel is lunar-plausible, but spring temper/fatigue capability is not Ready; keep as a manufacturing gap",kb/items/parts/ebf3_cabin_access_door_latch_return_spring_set.yaml,"Review whether current process/machine route can support this EBF3 leaf. Ignore capabilities as standalone proof; use machine selection_status/evidence/risk, process inputs/outputs, item material, mass, and performance requirements. Do not rerun local_nominal/import_nominal items. Output one of: keep_flagged_local, reroute_existing_process, needs_new_process_chain, import_until_gap_resolved, import_nominal.",import_until_gap_resolved,"Steel is lunar-plausible and heat-treatment furnace exists, but spring geometry, temper, fatigue life, relaxation, and load acceptance are not closed."
20,no_active_recipe_reaudit_metadata_candidate,ebf3_cabin_access_door_panel,import_until_gap_resolved,route_gap,13.0,steel,local_derived,medium,,False,sheet_metal_cutting_v0,kb/processes/sheet_metal_cutting_v0.yaml,labor_bot_general_v0;assembly_tools_basic,assembly_tools_basic,labor_bot_general_v0:usable_unreviewed;pressing_mold_set:usable_unreviewed;hydraulic_press:usable_unreviewed;kiln_ceramic:usable_unreviewed,,labor_bot_general_v0:process_resource_use;pressing_mold_set:process_resource_use;hydraulic_press:process_resource_use;kiln_ceramic:process_resource_use,"The door panel is not just a sheet-metal part; it carries vacuum seal-face and stiffness requirements, so first simulation should import until the route is closed",kb/items/parts/ebf3_cabin_access_door_panel.yaml,"Review whether current process/machine route can support this EBF3 leaf. Ignore capabilities as standalone proof; use machine selection_status/evidence/risk, process inputs/outputs, item material, mass, and performance requirements. Do not rerun local_nominal/import_nominal items. Output one of: keep_flagged_local, reroute_existing_process, needs_new_process_chain, import_until_gap_resolved, import_nominal.",import_until_gap_resolved,"Door panel is a vacuum boundary, not just a cut sheet; local sheet work exists but forming, stiffness, seal-face, and leak qualification are not closed."
20,no_active_recipe_reaudit_metadata_candidate,ebf3_cabin_access_door_vacuum_seal,import_until_gap_resolved,route_gap,2.0,vacuum_elastomer_or_metal_gasket,import_or_recycle,medium,,False,vacuum_seal_assembly_fabrication_v0,kb/processes/vacuum_seal_assembly_fabrication_v0.yaml,labor_bot_general_v0;assembly_tools_basic,assembly_tools_basic,labor_bot_general_v0:usable_unreviewed;pressing_mold_set:usable_unreviewed;hydraulic_press:usable_unreviewed;kiln_ceramic:usable_unreviewed,,labor_bot_general_v0:process_resource_use;pressing_mold_set:process_resource_use;hydraulic_press:process_resource_use;kiln_ceramic:process_resource_use,Cabin access-door vacuum seal is a reusable leak-critical route gap,kb/items/parts/ebf3_cabin_access_door_vacuum_seal.yaml,"Review whether current process/machine route can support this EBF3 leaf. Ignore capabilities as standalone proof; use machine selection_status/evidence/risk, process inputs/outputs, item material, mass, and performance requirements. Do not rerun local_nominal/import_nominal items. Output one of: keep_flagged_local, reroute_existing_process, needs_new_process_chain, import_until_gap_resolved, import_nominal.",import_until_gap_resolved,"Reusable cabin seal is leak-critical and depends on metal gasket or imported elastomer material, surface finish, compression set, and leak QA; not a labor-bot gap."
20,no_active_recipe_reaudit_metadata_candidate,ebf3_cabin_lighting_port_frame,import_until_gap_resolved,route_gap,30.0,steel,local_derived,medium,,False,steel_bar_stock_rolling_shop_v0,kb/processes/steel_bar_stock_rolling_shop_v0.yaml,rolling_mill_v0,rolling_mill_v0,rolling_mill_v0:usable_unreviewed,,rolling_mill_v0:capabilities;process_resource_use;functional_notes;bom;recipe;machine_file,The port frame is a large vacuum-boundary item; local material is plausible but the qualified fabrication route is still a gap,kb/items/parts/ebf3_cabin_lighting_port_frame.yaml,"Review whether current process/machine route can support this EBF3 leaf. Ignore capabilities as standalone proof; use machine selection_status/evidence/risk, process inputs/outputs, item material, mass, and performance requirements. Do not rerun local_nominal/import_nominal items. Output one of: keep_flagged_local, reroute_existing_process, needs_new_process_chain, import_until_gap_resolved, import_nominal.",import_until_gap_resolved,Reviewed as no-active-recipe vacuum boundary / seal / panel qualification gap; do not count local in first EBF simulation. Add/repair process chain only if import mass or function sensitivity dominates.
20,no_active_recipe_reaudit_metadata_candidate,ebf3_cabin_wall_panel_set,import_until_gap_resolved,route_gap,34.0,steel,local_derived,medium,,False,sheet_metal_cutting_v0,kb/processes/sheet_metal_cutting_v0.yaml,labor_bot_general_v0;assembly_tools_basic,assembly_tools_basic,labor_bot_general_v0:usable_unreviewed;pressing_mold_set:usable_unreviewed;hydraulic_press:usable_unreviewed;kiln_ceramic:usable_unreviewed,,labor_bot_general_v0:process_resource_use;pressing_mold_set:process_resource_use;hydraulic_press:process_resource_use;kiln_ceramic:process_resource_use,"The wall panel mass is lunar-material plausible, but a vacuum-boundary panel cannot be counted local until forming, joining, and leak qualification are explicit",kb/items/parts/ebf3_cabin_wall_panel_set.yaml,"Review whether current process/machine route can support this EBF3 leaf. Ignore capabilities as standalone proof; use machine selection_status/evidence/risk, process inputs/outputs, item material, mass, and performance requirements. Do not rerun local_nominal/import_nominal items. Output one of: keep_flagged_local, reroute_existing_process, needs_new_process_chain, import_until_gap_resolved, import_nominal.",import_until_gap_resolved,"Wall panel mass is lunar-material plausible, but vacuum-boundary joining, distortion control, and leak qualification remain a process/QA gap."
20,no_active_recipe_reaudit_metadata_candidate,ebf3_ebf_wire_guide_tip_wear_orifice,import_until_gap_resolved,route_gap,0.05,ceramic,local_derived,medium,,False,ceramic_forming_basic_v0,kb/processes/ceramic_forming_basic_v0.yaml,pressing_mold_set;hydraulic_press;labor_bot_general_v0;kiln_ceramic,pressing_mold_set;hydraulic_press;labor_bot_general_v0;kiln_ceramic,labor_bot_general_v0:usable_unreviewed;pressing_mold_set:usable_unreviewed;hydraulic_press:usable_unreviewed;kiln_ceramic:usable_unreviewed,,labor_bot_general_v0:process_resource_use;pressing_mold_set:process_resource_use;hydraulic_press:process_resource_use;kiln_ceramic:process_resource_use,Alumina is a good lunar-derived material but the Ready machine audit does not support shaped and sintered precision ceramic parts yet,kb/items/parts/ebf3_ebf_wire_guide_tip_wear_orifice.yaml,"Review whether current process/machine route can support this EBF3 leaf. Ignore capabilities as standalone proof; use machine selection_status/evidence/risk, process inputs/outputs, item material, mass, and performance requirements. Do not rerun local_nominal/import_nominal items. Output one of: keep_flagged_local, reroute_existing_process, needs_new_process_chain, import_until_gap_resolved, import_nominal.",needs_new_process_chain,"Existing ceramic press/kiln route removes the old obsolete audit blocker, but a precision wear orifice needs bore finishing, chipping control, dimensional inspection, and cleanliness."
20,no_active_recipe_reaudit_metadata_candidate,ebf3_emi_filter_choke_core_set,import_until_gap_resolved,route_gap,0.25,ferrite,local_derived,low,,False,ferrite_sintering_process_v0,kb/processes/ferrite_sintering_process_v0.yaml,labor_bot_general_v0;sintering_furnace_v0;pressing_mold_set,sintering_furnace_v0;pressing_mold_set,labor_bot_general_v0:usable_unreviewed;pressing_mold_set:usable_unreviewed;hydraulic_press:usable_unreviewed;kiln_ceramic:usable_unreviewed,,labor_bot_general_v0:process_resource_use;pressing_mold_set:process_resource_use;hydraulic_press:process_resource_use;kiln_ceramic:process_resource_use,"Iron-based magnetic materials are plausible, but the KB does not yet prove a Ready high-frequency choke core route",kb/items/parts/ebf3_emi_filter_choke_core_set.yaml,"Review whether current process/machine route can support this EBF3 leaf. Ignore capabilities as standalone proof; use machine selection_status/evidence/risk, process inputs/outputs, item material, mass, and performance requirements. Do not rerun local_nominal/import_nominal items. Output one of: keep_flagged_local, reroute_existing_process, needs_new_process_chain, import_until_gap_resolved, import_nominal.",import_until_gap_resolved,"The issue is controlled magnetic properties, losses, lamination/air-gap geometry, insulation, and acceptance testing; existing material production is not enough and labor_bot is not core evidence."
20,rerouted_existing_process_still_flagged,ebf3_feed_liner_tube,sensitivity_flag,lunar_candidate_flagged,0.28,steel,local_derived,medium,recipe_ebf3_feed_liner_tube,True,tube_bending_and_cutting_v0;machining_finish_basic_v0;inspection_basic_v0;cleaning_basic_v0,kb/processes/tube_bending_and_cutting_v0.yaml;kb/processes/machining_finish_basic_v0.yaml;kb/processes/inspection_basic_v0.yaml;kb/processes/cleaning_basic_v0.yaml,labor_bot_general_v0;tube_bender;metal_shear_or_saw;multi_axis_cnc_machining_center;cutting_tools_general;inspection_tools_basic;measurement_equipment;cleaning_station_basic_v0,tube_bender;metal_shear_or_saw;multi_axis_cnc_machining_center;inspection_tools_basic;measurement_equipment;cleaning_station_basic_v0,tube_bender:usable_unreviewed;metal_shear_or_saw:usable_unreviewed;multi_axis_cnc_machining_center:usable_unreviewed;inspection_tools_basic:usable_unreviewed;measurement_equipment:usable_unreviewed;cleaning_station_basic_v0:usable_unreviewed,,tube_bender:process_resource_use;metal_shear_or_saw:process_resource_use;multi_axis_cnc_machining_center:process_resource_use;inspection_tools_basic:process_resource_use;measurement_equipment:process_resource_use;cleaning_station_basic_v0:process_resource_use,"Source-first decomposition selected a replaceable metallic guide tube; tube stock, CNC bore/end finishing, inspection, and cleaning are local-plausible, while wire-feed wear and vacuum cleanliness remain sensitivity flags.",kb/items/parts/ebf3_feed_liner_tube.yaml,"Review whether current process/machine route can support this EBF3 leaf. Ignore capabilities as standalone proof; use machine selection_status/evidence/risk, process inputs/outputs, item material, mass, and performance requirements. Do not rerun local_nominal/import_nominal items. Output one of: keep_flagged_local, reroute_existing_process, needs_new_process_chain, import_until_gap_resolved, import_nominal.",keep_flagged_local,"Rerouted from stale composite placeholder to metallic tube-stock route; keep flagged for bore finish, wear, and vacuum cleanliness."
20,no_active_recipe_reaudit_metadata_candidate,ebf3_gun_column_optical_axis_datum_set,import_until_gap_resolved,route_gap,0.25,precision_steel,local_derived,medium,,False,steel_shaft_machining_v0,kb/processes/steel_shaft_machining_v0.yaml,labor_bot_general_v0;multi_axis_cnc_machining_center,multi_axis_cnc_machining_center,labor_bot_general_v0:usable_unreviewed;pressing_mold_set:usable_unreviewed;hydraulic_press:usable_unreviewed;kiln_ceramic:usable_unreviewed,,labor_bot_general_v0:process_resource_use;pressing_mold_set:process_resource_use;hydraulic_press:process_resource_use;kiln_ceramic:process_resource_use,Gun-column datum is route_gap until metrology and beam-axis acceptance route exists,kb/items/parts/ebf3_gun_column_optical_axis_datum_set.yaml,"Review whether current process/machine route can support this EBF3 leaf. Ignore capabilities as standalone proof; use machine selection_status/evidence/risk, process inputs/outputs, item material, mass, and performance requirements. Do not rerun local_nominal/import_nominal items. Output one of: keep_flagged_local, reroute_existing_process, needs_new_process_chain, import_until_gap_resolved, import_nominal.",import_until_gap_resolved,"CNC steel machining alone does not close a beam-axis datum; metrology, stability, alignment transfer, and acceptance route are missing."
20,no_active_recipe_reaudit_metadata_candidate,ebf3_gun_deflection_x_coil_pair,sensitivity_flag,lunar_candidate_flagged,0.3,copper,local_derived,medium,,False,coil_winding_basic_v0,kb/processes/coil_winding_basic_v0.yaml,labor_bot_general_v0;coil_winding_machine,coil_winding_machine,labor_bot_general_v0:usable_unreviewed;pressing_mold_set:usable_unreviewed;hydraulic_press:usable_unreviewed;kiln_ceramic:usable_unreviewed,,labor_bot_general_v0:process_resource_use;pressing_mold_set:process_resource_use;hydraulic_press:process_resource_use;kiln_ceramic:process_resource_use,"Deflection coil winding geometry is within coil_winding_machine scope for first-pass simulation; keep flags for vacuum insulation, heat, conductor import/recycle, field mapping, and beam steering acceptance.",kb/items/parts/ebf3_gun_deflection_x_coil_pair.yaml,"Review whether current process/machine route can support this EBF3 leaf. Ignore capabilities as standalone proof; use machine selection_status/evidence/risk, process inputs/outputs, item material, mass, and performance requirements. Do not rerun local_nominal/import_nominal items. Output one of: keep_flagged_local, reroute_existing_process, needs_new_process_chain, import_until_gap_resolved, import_nominal.",keep_flagged_local,"Deflection coil winding geometry is within coil_winding_machine scope for first-pass simulation; keep flags for vacuum insulation, heat, conductor import/recycle, field mapping, and beam steering acceptance."
20,no_active_recipe_reaudit_metadata_candidate,ebf3_gun_deflection_y_coil_pair,sensitivity_flag,lunar_candidate_flagged,0.3,copper,local_derived,medium,,False,coil_winding_basic_v0,kb/processes/coil_winding_basic_v0.yaml,labor_bot_general_v0;coil_winding_machine,coil_winding_machine,labor_bot_general_v0:usable_unreviewed;pressing_mold_set:usable_unreviewed;hydraulic_press:usable_unreviewed;kiln_ceramic:usable_unreviewed,,labor_bot_general_v0:process_resource_use;pressing_mold_set:process_resource_use;hydraulic_press:process_resource_use;kiln_ceramic:process_resource_use,"Deflection coil winding geometry is within coil_winding_machine scope for first-pass simulation; keep flags for vacuum insulation, heat, conductor import/recycle, field mapping, and beam steering acceptance.",kb/items/parts/ebf3_gun_deflection_y_coil_pair.yaml,"Review whether current process/machine route can support this EBF3 leaf. Ignore capabilities as standalone proof; use machine selection_status/evidence/risk, process inputs/outputs, item material, mass, and performance requirements. Do not rerun local_nominal/import_nominal items. Output one of: keep_flagged_local, reroute_existing_process, needs_new_process_chain, import_until_gap_resolved, import_nominal.",keep_flagged_local,"Deflection coil winding geometry is within coil_winding_machine scope for first-pass simulation; keep flags for vacuum insulation, heat, conductor import/recycle, field mapping, and beam steering acceptance."
20,no_active_recipe_reaudit_metadata_candidate,ebf3_gun_dynamic_lens_coil_assembly,sensitivity_flag,lunar_candidate_flagged,0.5,copper,local_derived,medium,,False,coil_winding_basic_v0,kb/processes/coil_winding_basic_v0.yaml,labor_bot_general_v0;coil_winding_machine,coil_winding_machine,labor_bot_general_v0:usable_unreviewed;pressing_mold_set:usable_unreviewed;hydraulic_press:usable_unreviewed;kiln_ceramic:usable_unreviewed,,labor_bot_general_v0:process_resource_use;pressing_mold_set:process_resource_use;hydraulic_press:process_resource_use;kiln_ceramic:process_resource_use,"Dynamic lens coil winding geometry is within coil_winding_machine scope for first-pass simulation; keep flags for vacuum insulation, heat, conductor import/recycle, field mapping, and focus-field acceptance.",kb/items/parts/ebf3_gun_dynamic_lens_coil_assembly.yaml,"Review whether current process/machine route can support this EBF3 leaf. Ignore capabilities as standalone proof; use machine selection_status/evidence/risk, process inputs/outputs, item material, mass, and performance requirements. Do not rerun local_nominal/import_nominal items. Output one of: keep_flagged_local, reroute_existing_process, needs_new_process_chain, import_until_gap_resolved, import_nominal.",keep_flagged_local,"Dynamic lens coil winding geometry is within coil_winding_machine scope for first-pass simulation; keep flags for vacuum insulation, heat, conductor import/recycle, field mapping, and focus-field acceptance."
20,no_active_recipe_reaudit_metadata_candidate,ebf3_gun_dynamic_lens_yoke,import_until_gap_resolved,route_gap,0.4,electrical_steel_or_soft_iron,local_derived,medium,,False,electrical_steel_production_v0,kb/processes/electrical_steel_production_v0.yaml,labor_bot_general_v0;induction_forge_v0;rolling_mill_v0,induction_forge_v0;rolling_mill_v0,labor_bot_general_v0:usable_unreviewed;pressing_mold_set:usable_unreviewed;hydraulic_press:usable_unreviewed;kiln_ceramic:usable_unreviewed,,labor_bot_general_v0:process_resource_use;pressing_mold_set:process_resource_use;hydraulic_press:process_resource_use;kiln_ceramic:process_resource_use,Magnetic lens yoke is a core beam-control component; material and CNC shape are not enough for local route closure,kb/items/parts/ebf3_gun_dynamic_lens_yoke.yaml,"Review whether current process/machine route can support this EBF3 leaf. Ignore capabilities as standalone proof; use machine selection_status/evidence/risk, process inputs/outputs, item material, mass, and performance requirements. Do not rerun local_nominal/import_nominal items. Output one of: keep_flagged_local, reroute_existing_process, needs_new_process_chain, import_until_gap_resolved, import_nominal.",import_until_gap_resolved,"The issue is controlled magnetic properties, losses, lamination/air-gap geometry, insulation, and acceptance testing; existing material production is not enough and labor_bot is not core evidence."
20,no_active_recipe_reaudit_metadata_candidate,ebf3_gun_hv_insulator_metallized_end_interface_set,import_until_gap_resolved,route_gap,0.08,metal_ceramic_interface,local_derived,low,,False,ceramic_forming_basic_v0,kb/processes/ceramic_forming_basic_v0.yaml,pressing_mold_set;hydraulic_press;labor_bot_general_v0;kiln_ceramic,pressing_mold_set;hydraulic_press;labor_bot_general_v0;kiln_ceramic,labor_bot_general_v0:usable_unreviewed;pressing_mold_set:usable_unreviewed;hydraulic_press:usable_unreviewed;kiln_ceramic:usable_unreviewed,,labor_bot_general_v0:process_resource_use;pressing_mold_set:process_resource_use;hydraulic_press:process_resource_use;kiln_ceramic:process_resource_use,Gun HV insulator metallized interface is a route gap until ceramic/metallization/braze qualification closes,kb/items/parts/ebf3_gun_hv_insulator_metallized_end_interface_set.yaml,"Review whether current process/machine route can support this EBF3 leaf. Ignore capabilities as standalone proof; use machine selection_status/evidence/risk, process inputs/outputs, item material, mass, and performance requirements. Do not rerun local_nominal/import_nominal items. Output one of: keep_flagged_local, reroute_existing_process, needs_new_process_chain, import_until_gap_resolved, import_nominal.",import_until_gap_resolved,"Material route is lunar-plausible, but this part is an HV/electron-gun/feedthrough dielectric boundary requiring creepage, leakage, partial-discharge or hermetic QA; labor-bot capability is irrelevant."
20,no_active_recipe_reaudit_metadata_candidate,ebf3_gun_main_lens_pole_pieces,import_until_gap_resolved,route_gap,0.7,electrical_steel_or_soft_iron,local_derived,medium,,False,machining_basic_v0,kb/processes/machining_basic_v0.yaml,multi_axis_cnc_machining_center,multi_axis_cnc_machining_center,multi_axis_cnc_machining_center:usable_unreviewed,,multi_axis_cnc_machining_center:capabilities;processes_supported;process_resource_use;functional_notes;bom;recipe;machine_file,Main lens pole pieces are route_gap until magnetic property control and lens field validation are represented,kb/items/parts/ebf3_gun_main_lens_pole_pieces.yaml,"Review whether current process/machine route can support this EBF3 leaf. Ignore capabilities as standalone proof; use machine selection_status/evidence/risk, process inputs/outputs, item material, mass, and performance requirements. Do not rerun local_nominal/import_nominal items. Output one of: keep_flagged_local, reroute_existing_process, needs_new_process_chain, import_until_gap_resolved, import_nominal.",import_until_gap_resolved,CNC covers pole-piece geometry but not magnetic material control anneal or lens field validation.
20,no_active_recipe_reaudit_metadata_candidate,ebf3_gun_trajectory_corrector_insulator_set,import_until_gap_resolved,route_gap,0.08,alumina_ceramic,local_derived,medium,,False,ceramic_forming_basic_v0,kb/processes/ceramic_forming_basic_v0.yaml,pressing_mold_set;hydraulic_press;labor_bot_general_v0;kiln_ceramic,pressing_mold_set;hydraulic_press;labor_bot_general_v0;kiln_ceramic,labor_bot_general_v0:usable_unreviewed;pressing_mold_set:usable_unreviewed;hydraulic_press:usable_unreviewed;kiln_ceramic:usable_unreviewed,,labor_bot_general_v0:process_resource_use;pressing_mold_set:process_resource_use;hydraulic_press:process_resource_use;kiln_ceramic:process_resource_use,Trajectory-corrector insulator set is a route gap until Ready ceramic and HV insulation tests exist,kb/items/parts/ebf3_gun_trajectory_corrector_insulator_set.yaml,"Review whether current process/machine route can support this EBF3 leaf. Ignore capabilities as standalone proof; use machine selection_status/evidence/risk, process inputs/outputs, item material, mass, and performance requirements. Do not rerun local_nominal/import_nominal items. Output one of: keep_flagged_local, reroute_existing_process, needs_new_process_chain, import_until_gap_resolved, import_nominal.",import_until_gap_resolved,"Material route is lunar-plausible, but this part is an HV/electron-gun/feedthrough dielectric boundary requiring creepage, leakage, partial-discharge or hermetic QA; labor-bot capability is irrelevant."
20,no_active_recipe_reaudit_metadata_candidate,ebf3_gun_trajectory_corrector_pole_piece_set,import_until_gap_resolved,route_gap,0.18,electrical_steel_or_soft_iron,local_derived,medium,,False,electrical_steel_production_v0,kb/processes/electrical_steel_production_v0.yaml,labor_bot_general_v0;induction_forge_v0;rolling_mill_v0,induction_forge_v0;rolling_mill_v0,labor_bot_general_v0:usable_unreviewed;pressing_mold_set:usable_unreviewed;hydraulic_press:usable_unreviewed;kiln_ceramic:usable_unreviewed,,labor_bot_general_v0:process_resource_use;pressing_mold_set:process_resource_use;hydraulic_press:process_resource_use;kiln_ceramic:process_resource_use,Trajectory-corrector pole pieces are route_gap until magnetic material property and field acceptance routes exist,kb/items/parts/ebf3_gun_trajectory_corrector_pole_piece_set.yaml,"Review whether current process/machine route can support this EBF3 leaf. Ignore capabilities as standalone proof; use machine selection_status/evidence/risk, process inputs/outputs, item material, mass, and performance requirements. Do not rerun local_nominal/import_nominal items. Output one of: keep_flagged_local, reroute_existing_process, needs_new_process_chain, import_until_gap_resolved, import_nominal.",import_until_gap_resolved,"The issue is controlled magnetic properties, losses, lamination/air-gap geometry, insulation, and acceptance testing; existing material production is not enough and labor_bot is not core evidence."
20,no_active_recipe_reaudit_metadata_candidate,ebf3_hv_bleeder_chain_insulating_support,import_until_gap_resolved,route_gap,0.16,alumina_ceramic,local_derived,medium,,False,ceramic_sintering_process_v0,kb/processes/ceramic_sintering_process_v0.yaml,kiln_ceramic;labor_bot_general_v0;pressing_mold_set;hydraulic_press,kiln_ceramic;labor_bot_general_v0;pressing_mold_set;hydraulic_press,labor_bot_general_v0:usable_unreviewed;pressing_mold_set:usable_unreviewed;hydraulic_press:usable_unreviewed;kiln_ceramic:usable_unreviewed,,labor_bot_general_v0:process_resource_use;pressing_mold_set:process_resource_use;hydraulic_press:process_resource_use;kiln_ceramic:process_resource_use,HV bleeder-chain insulating support is a route gap until ceramic/glass forming and dielectric acceptance are closed,kb/items/parts/ebf3_hv_bleeder_chain_insulating_support.yaml,"Review whether current process/machine route can support this EBF3 leaf. Ignore capabilities as standalone proof; use machine selection_status/evidence/risk, process inputs/outputs, item material, mass, and performance requirements. Do not rerun local_nominal/import_nominal items. Output one of: keep_flagged_local, reroute_existing_process, needs_new_process_chain, import_until_gap_resolved, import_nominal.",import_until_gap_resolved,"Material route is lunar-plausible, but this part is an HV/electron-gun/feedthrough dielectric boundary requiring creepage, leakage, partial-discharge or hermetic QA; labor-bot capability is irrelevant."
20,no_active_recipe_reaudit_metadata_candidate,ebf3_hv_cable_central_conductor,import_until_gap_resolved,route_gap,0.22,aluminum,local_derived,medium,,False,wire_drawing_aluminum_v0,kb/processes/wire_drawing_aluminum_v0.yaml,labor_bot_general_v0;wire_drawing_die_set,wire_drawing_die_set,labor_bot_general_v0:usable_unreviewed;pressing_mold_set:usable_unreviewed;hydraulic_press:usable_unreviewed;kiln_ceramic:usable_unreviewed,,labor_bot_general_v0:process_resource_use;pressing_mold_set:process_resource_use;hydraulic_press:process_resource_use;kiln_ceramic:process_resource_use,"Aluminum is a good lunar conductor candidate, but the Ready machine audit blocks the wire-drawing route",kb/items/parts/ebf3_hv_cable_central_conductor.yaml,"Review whether current process/machine route can support this EBF3 leaf. Ignore capabilities as standalone proof; use machine selection_status/evidence/risk, process inputs/outputs, item material, mass, and performance requirements. Do not rerun local_nominal/import_nominal items. Output one of: keep_flagged_local, reroute_existing_process, needs_new_process_chain, import_until_gap_resolved, import_nominal.",import_until_gap_resolved,"Wire drawing is not the only issue: HV leads require insulation class, clearances, terminations, oil/vacuum compatibility, and hipot/partial-discharge acceptance."
20,no_active_recipe_reaudit_metadata_candidate,ebf3_hv_lead_conductor_set,import_until_gap_resolved,route_gap,0.6,aluminum,local_derived,medium,,False,wire_drawing_aluminum_v0,kb/processes/wire_drawing_aluminum_v0.yaml,labor_bot_general_v0;wire_drawing_die_set,wire_drawing_die_set,labor_bot_general_v0:usable_unreviewed;pressing_mold_set:usable_unreviewed;hydraulic_press:usable_unreviewed;kiln_ceramic:usable_unreviewed,,labor_bot_general_v0:process_resource_use;pressing_mold_set:process_resource_use;hydraulic_press:process_resource_use;kiln_ceramic:process_resource_use,"Material choice can be lunar aluminum, but the process route for conductor form and HV qualification is not Ready",kb/items/parts/ebf3_hv_lead_conductor_set.yaml,"Review whether current process/machine route can support this EBF3 leaf. Ignore capabilities as standalone proof; use machine selection_status/evidence/risk, process inputs/outputs, item material, mass, and performance requirements. Do not rerun local_nominal/import_nominal items. Output one of: keep_flagged_local, reroute_existing_process, needs_new_process_chain, import_until_gap_resolved, import_nominal.",import_until_gap_resolved,"Wire drawing is not the only issue: HV leads require insulation class, clearances, terminations, oil/vacuum compatibility, and hipot/partial-discharge acceptance."
20,no_active_recipe_reaudit_metadata_candidate,ebf3_hv_lead_support_standoff_set,import_until_gap_resolved,route_gap,0.2,alumina_ceramic,local_derived,medium,,False,ceramic_forming_basic_v0,kb/processes/ceramic_forming_basic_v0.yaml,pressing_mold_set;hydraulic_press;labor_bot_general_v0;kiln_ceramic,pressing_mold_set;hydraulic_press;labor_bot_general_v0;kiln_ceramic,labor_bot_general_v0:usable_unreviewed;pressing_mold_set:usable_unreviewed;hydraulic_press:usable_unreviewed;kiln_ceramic:usable_unreviewed,,labor_bot_general_v0:process_resource_use;pressing_mold_set:process_resource_use;hydraulic_press:process_resource_use;kiln_ceramic:process_resource_use,HV lead support standoffs are a route gap until ceramic manufacturing and test coverage are Ready,kb/items/parts/ebf3_hv_lead_support_standoff_set.yaml,"Review whether current process/machine route can support this EBF3 leaf. Ignore capabilities as standalone proof; use machine selection_status/evidence/risk, process inputs/outputs, item material, mass, and performance requirements. Do not rerun local_nominal/import_nominal items. Output one of: keep_flagged_local, reroute_existing_process, needs_new_process_chain, import_until_gap_resolved, import_nominal.",import_until_gap_resolved,"Material route is lunar-plausible, but this part is an HV/electron-gun/feedthrough dielectric boundary requiring creepage, leakage, partial-discharge or hermetic QA; labor-bot capability is irrelevant."
20,no_active_recipe_reaudit_metadata_candidate,ebf3_hv_return_current_monitor_insulating_mount,import_until_gap_resolved,route_gap,0.12,alumina_ceramic,local_derived,medium,,False,ceramic_forming_basic_v0,kb/processes/ceramic_forming_basic_v0.yaml,pressing_mold_set;hydraulic_press;labor_bot_general_v0;kiln_ceramic,pressing_mold_set;hydraulic_press;labor_bot_general_v0;kiln_ceramic,labor_bot_general_v0:usable_unreviewed;pressing_mold_set:usable_unreviewed;hydraulic_press:usable_unreviewed;kiln_ceramic:usable_unreviewed,,labor_bot_general_v0:process_resource_use;pressing_mold_set:process_resource_use;hydraulic_press:process_resource_use;kiln_ceramic:process_resource_use,HV return-current monitor insulating mount is a route gap until ceramic and HV leakage validation close,kb/items/parts/ebf3_hv_return_current_monitor_insulating_mount.yaml,"Review whether current process/machine route can support this EBF3 leaf. Ignore capabilities as standalone proof; use machine selection_status/evidence/risk, process inputs/outputs, item material, mass, and performance requirements. Do not rerun local_nominal/import_nominal items. Output one of: keep_flagged_local, reroute_existing_process, needs_new_process_chain, import_until_gap_resolved, import_nominal.",import_until_gap_resolved,"Material route is lunar-plausible, but this part is an HV/electron-gun/feedthrough dielectric boundary requiring creepage, leakage, partial-discharge or hermetic QA; labor-bot capability is irrelevant."
20,no_active_recipe_reaudit_metadata_candidate,ebf3_hv_tank_lid_seal,import_until_gap_resolved,route_gap,0.5,vacuum_elastomer_or_metal_gasket,import_or_recycle,medium,,False,vacuum_seal_assembly_fabrication_v0,kb/processes/vacuum_seal_assembly_fabrication_v0.yaml,labor_bot_general_v0;assembly_tools_basic,assembly_tools_basic,labor_bot_general_v0:usable_unreviewed;pressing_mold_set:usable_unreviewed;hydraulic_press:usable_unreviewed;kiln_ceramic:usable_unreviewed,,labor_bot_general_v0:process_resource_use;pressing_mold_set:process_resource_use;hydraulic_press:process_resource_use;kiln_ceramic:process_resource_use,HV tank lid seal is a leak-critical route gap,kb/items/parts/ebf3_hv_tank_lid_seal.yaml,"Review whether current process/machine route can support this EBF3 leaf. Ignore capabilities as standalone proof; use machine selection_status/evidence/risk, process inputs/outputs, item material, mass, and performance requirements. Do not rerun local_nominal/import_nominal items. Output one of: keep_flagged_local, reroute_existing_process, needs_new_process_chain, import_until_gap_resolved, import_nominal.",import_until_gap_resolved,"HV tank seal is leak/oil/HV critical; local assembly does not prove gasket material, compression behavior, cleanliness, or leak acceptance."
20,no_active_recipe_reaudit_metadata_candidate,ebf3_hv_tank_shell,import_until_gap_resolved,route_gap,8.0,steel,local_derived,medium,,False,machining_basic_v0,kb/processes/machining_basic_v0.yaml,multi_axis_cnc_machining_center,multi_axis_cnc_machining_center,multi_axis_cnc_machining_center:usable_unreviewed,,multi_axis_cnc_machining_center:capabilities;processes_supported;process_resource_use;functional_notes;bom;recipe;machine_file,The HV tank shell should not be counted as local merely because steel is local; containment and HV service qualification remain route gaps,kb/items/parts/ebf3_hv_tank_shell.yaml,"Review whether current process/machine route can support this EBF3 leaf. Ignore capabilities as standalone proof; use machine selection_status/evidence/risk, process inputs/outputs, item material, mass, and performance requirements. Do not rerun local_nominal/import_nominal items. Output one of: keep_flagged_local, reroute_existing_process, needs_new_process_chain, import_until_gap_resolved, import_nominal.",import_until_gap_resolved,A tank shell is not closed by CNC machining because shell forming joining containment and HV service qualification are missing.
20,no_active_recipe_reaudit_metadata_candidate,ebf3_hv_transformer_internal_hv_lead_set,import_until_gap_resolved,route_gap,0.6,aluminum,local_derived,medium,,False,wire_drawing_aluminum_v0,kb/processes/wire_drawing_aluminum_v0.yaml,labor_bot_general_v0;wire_drawing_die_set,wire_drawing_die_set,labor_bot_general_v0:usable_unreviewed;pressing_mold_set:usable_unreviewed;hydraulic_press:usable_unreviewed;kiln_ceramic:usable_unreviewed,,labor_bot_general_v0:process_resource_use;pressing_mold_set:process_resource_use;hydraulic_press:process_resource_use;kiln_ceramic:process_resource_use,Internal HV transformer leads are a route gap until conductor and insulation routes close,kb/items/parts/ebf3_hv_transformer_internal_hv_lead_set.yaml,"Review whether current process/machine route can support this EBF3 leaf. Ignore capabilities as standalone proof; use machine selection_status/evidence/risk, process inputs/outputs, item material, mass, and performance requirements. Do not rerun local_nominal/import_nominal items. Output one of: keep_flagged_local, reroute_existing_process, needs_new_process_chain, import_until_gap_resolved, import_nominal.",import_until_gap_resolved,"Wire drawing is not the only issue: HV leads require insulation class, clearances, terminations, oil/vacuum compatibility, and hipot/partial-discharge acceptance."
20,no_active_recipe_reaudit_metadata_candidate,ebf3_hv_transformer_magnetic_core_set,import_until_gap_resolved,route_gap,3.0,electrical_steel_or_soft_iron,local_derived,medium,,False,electrical_steel_production_v0,kb/processes/electrical_steel_production_v0.yaml,labor_bot_general_v0;induction_forge_v0;rolling_mill_v0,induction_forge_v0;rolling_mill_v0,labor_bot_general_v0:usable_unreviewed;pressing_mold_set:usable_unreviewed;hydraulic_press:usable_unreviewed;kiln_ceramic:usable_unreviewed,,labor_bot_general_v0:process_resource_use;pressing_mold_set:process_resource_use;hydraulic_press:process_resource_use;kiln_ceramic:process_resource_use,"This should match the conservative treatment of transformer cores: material route is plausible, but qualified HV transformer core fabrication remains a gap",kb/items/parts/ebf3_hv_transformer_magnetic_core_set.yaml,"Review whether current process/machine route can support this EBF3 leaf. Ignore capabilities as standalone proof; use machine selection_status/evidence/risk, process inputs/outputs, item material, mass, and performance requirements. Do not rerun local_nominal/import_nominal items. Output one of: keep_flagged_local, reroute_existing_process, needs_new_process_chain, import_until_gap_resolved, import_nominal.",import_until_gap_resolved,"The issue is controlled magnetic properties, losses, lamination/air-gap geometry, insulation, and acceptance testing; existing material production is not enough and labor_bot is not core evidence."
20,no_active_recipe_reaudit_metadata_candidate,ebf3_linear_guide_carriage_block_set,import_until_gap_resolved,route_gap,1.1,bearing_steel,local_derived,low,,False,machining_basic_v0,kb/processes/machining_basic_v0.yaml,multi_axis_cnc_machining_center,multi_axis_cnc_machining_center,multi_axis_cnc_machining_center:usable_unreviewed,,multi_axis_cnc_machining_center:capabilities;processes_supported;process_resource_use;functional_notes;bom;recipe;machine_file,Carriage blocks are precision motion components and should import until guideway finishing route is explicit,kb/items/parts/ebf3_linear_guide_carriage_block_set.yaml,"Review whether current process/machine route can support this EBF3 leaf. Ignore capabilities as standalone proof; use machine selection_status/evidence/risk, process inputs/outputs, item material, mass, and performance requirements. Do not rerun local_nominal/import_nominal items. Output one of: keep_flagged_local, reroute_existing_process, needs_new_process_chain, import_until_gap_resolved, import_nominal.",import_until_gap_resolved,Carriage blocks need precision guideway surfaces hardening grinding preload and bearing/lubrication acceptance beyond CNC.
20,no_active_recipe_reaudit_metadata_candidate,ebf3_linear_guide_carriage_rolling_element_set,import_until_gap_resolved,route_gap,0.55,bearing_steel,local_derived,high,,False,precision_grinding_basic_v0,kb/processes/precision_grinding_basic_v0.yaml,labor_bot_general_v0;surface_grinder;grinding_wheels,surface_grinder;grinding_wheels,labor_bot_general_v0:usable_unreviewed;pressing_mold_set:usable_unreviewed;hydraulic_press:usable_unreviewed;kiln_ceramic:usable_unreviewed,,labor_bot_general_v0:process_resource_use;pressing_mold_set:process_resource_use;hydraulic_press:process_resource_use;kiln_ceramic:process_resource_use,This is a classic precision bearing gap: steel is plausible but Ready machines do not support bearing-grade rolling elements,kb/items/parts/ebf3_linear_guide_carriage_rolling_element_set.yaml,"Review whether current process/machine route can support this EBF3 leaf. Ignore capabilities as standalone proof; use machine selection_status/evidence/risk, process inputs/outputs, item material, mass, and performance requirements. Do not rerun local_nominal/import_nominal items. Output one of: keep_flagged_local, reroute_existing_process, needs_new_process_chain, import_until_gap_resolved, import_nominal.",import_until_gap_resolved,"Material and some machines exist, but bearing/ball-screw/linear-guide geometry needs hardened races, precision grinding/lapping, preload/runout control, lubrication, metrology, and life QA; this is a performance chain gap."
20,no_active_recipe_reaudit_metadata_candidate,ebf3_linear_guide_rail_body_set,import_until_gap_resolved,route_gap,2.4,hardened_steel,local_derived,medium,,False,steel_shaft_machining_v1,kb/processes/steel_shaft_machining_v1.yaml,labor_bot_general_v0;multi_axis_cnc_machining_center,multi_axis_cnc_machining_center,labor_bot_general_v0:usable_unreviewed;pressing_mold_set:usable_unreviewed;hydraulic_press:usable_unreviewed;kiln_ceramic:usable_unreviewed,,labor_bot_general_v0:process_resource_use;pressing_mold_set:process_resource_use;hydraulic_press:process_resource_use;kiln_ceramic:process_resource_use,Linear guide rail body is a foundational precision motion route gap,kb/items/parts/ebf3_linear_guide_rail_body_set.yaml,"Review whether current process/machine route can support this EBF3 leaf. Ignore capabilities as standalone proof; use machine selection_status/evidence/risk, process inputs/outputs, item material, mass, and performance requirements. Do not rerun local_nominal/import_nominal items. Output one of: keep_flagged_local, reroute_existing_process, needs_new_process_chain, import_until_gap_resolved, import_nominal.",import_until_gap_resolved,"Material and some machines exist, but bearing/ball-screw/linear-guide geometry needs hardened races, precision grinding/lapping, preload/runout control, lubrication, metrology, and life QA; this is a performance chain gap."
20,no_active_recipe_reaudit_metadata_candidate,ebf3_positioning_bellows_folded_cover,import_until_gap_resolved,route_gap,0.55,steel,local_derived,low,,False,metal_spinning_process_v0,kb/processes/metal_spinning_process_v0.yaml,spinning_machine_v0,spinning_machine_v0,spinning_machine_v0:review_semantic_mismatch,,spinning_machine_v0:capabilities;process_resource_use;functional_notes;bom;recipe;machine_file,A folded bellows cover is not ordinary sheet metal because flex life and vacuum debris risk dominate,kb/items/parts/ebf3_positioning_bellows_folded_cover.yaml,"Review whether current process/machine route can support this EBF3 leaf. Ignore capabilities as standalone proof; use machine selection_status/evidence/risk, process inputs/outputs, item material, mass, and performance requirements. Do not rerun local_nominal/import_nominal items. Output one of: keep_flagged_local, reroute_existing_process, needs_new_process_chain, import_until_gap_resolved, import_nominal.",import_until_gap_resolved,Reviewed as no-active-recipe vacuum boundary / seal / panel qualification gap; do not count local in first EBF simulation. Add/repair process chain only if import mass or function sensitivity dominates.
20,no_active_recipe_reaudit_metadata_candidate,ebf3_positioning_motor_power_conductor_set,import_until_gap_resolved,route_gap,0.32,aluminum,local_derived,medium,,False,metal_wire_drawing_process_v0,kb/processes/metal_wire_drawing_process_v0.yaml,labor_bot_general_v0;drawing_die_set_basic,drawing_die_set_basic,labor_bot_general_v0:usable_unreviewed;pressing_mold_set:usable_unreviewed;hydraulic_press:usable_unreviewed;kiln_ceramic:usable_unreviewed,,labor_bot_general_v0:process_resource_use;pressing_mold_set:process_resource_use;hydraulic_press:process_resource_use;kiln_ceramic:process_resource_use,Positioning motor power conductor set is a repeated vacuum cable route gap,kb/items/parts/ebf3_positioning_motor_power_conductor_set.yaml,"Review whether current process/machine route can support this EBF3 leaf. Ignore capabilities as standalone proof; use machine selection_status/evidence/risk, process inputs/outputs, item material, mass, and performance requirements. Do not rerun local_nominal/import_nominal items. Output one of: keep_flagged_local, reroute_existing_process, needs_new_process_chain, import_until_gap_resolved, import_nominal.",needs_new_process_chain,"Aluminum conductor stock is plausible and drawing equipment exists, but vacuum cable insulation, termination, flex, and continuity QA are not modeled by the current labor-heavy route."
20,no_active_recipe_reaudit_metadata_candidate,ebf3_positioning_signal_conductor_set,import_until_gap_resolved,route_gap,0.24,aluminum,local_derived,medium,,False,wire_drawing_aluminum_v0,kb/processes/wire_drawing_aluminum_v0.yaml,labor_bot_general_v0;wire_drawing_die_set,wire_drawing_die_set,labor_bot_general_v0:usable_unreviewed;pressing_mold_set:usable_unreviewed;hydraulic_press:usable_unreviewed;kiln_ceramic:usable_unreviewed,,labor_bot_general_v0:process_resource_use;pressing_mold_set:process_resource_use;hydraulic_press:process_resource_use;kiln_ceramic:process_resource_use,Aluminum conductor is lunar-plausible but wire drawing and vacuum cable qualification are unresolved,kb/items/parts/ebf3_positioning_signal_conductor_set.yaml,"Review whether current process/machine route can support this EBF3 leaf. Ignore capabilities as standalone proof; use machine selection_status/evidence/risk, process inputs/outputs, item material, mass, and performance requirements. Do not rerun local_nominal/import_nominal items. Output one of: keep_flagged_local, reroute_existing_process, needs_new_process_chain, import_until_gap_resolved, import_nominal.",needs_new_process_chain,"Aluminum conductor stock is plausible and drawing equipment exists, but vacuum cable insulation, termination, flex, and continuity QA are not modeled by the current labor-heavy route."
20,no_active_recipe_reaudit_metadata_candidate,ebf3_power_input_cable_conductor_set,import_until_gap_resolved,route_gap,0.7,aluminum,local_derived,medium,,False,wire_drawing_aluminum_v0,kb/processes/wire_drawing_aluminum_v0.yaml,labor_bot_general_v0;wire_drawing_die_set,wire_drawing_die_set,labor_bot_general_v0:usable_unreviewed;pressing_mold_set:usable_unreviewed;hydraulic_press:usable_unreviewed;kiln_ceramic:usable_unreviewed,,labor_bot_general_v0:process_resource_use;pressing_mold_set:process_resource_use;hydraulic_press:process_resource_use;kiln_ceramic:process_resource_use,"Metal conductor is lunar-derivable in principle, but cable conductor manufacturing/qualification is a route gap in the current KB",kb/items/parts/ebf3_power_input_cable_conductor_set.yaml,"Review whether current process/machine route can support this EBF3 leaf. Ignore capabilities as standalone proof; use machine selection_status/evidence/risk, process inputs/outputs, item material, mass, and performance requirements. Do not rerun local_nominal/import_nominal items. Output one of: keep_flagged_local, reroute_existing_process, needs_new_process_chain, import_until_gap_resolved, import_nominal.",needs_new_process_chain,"Aluminum conductor stock is plausible and drawing equipment exists, but vacuum cable insulation, termination, flex, and continuity QA are not modeled by the current labor-heavy route."
20,no_active_recipe_reaudit_metadata_candidate,ebf3_pressure_spring,import_until_gap_resolved,route_gap,0.3,steel,local_derived,low,,False,metal_forming_basic_v0,kb/processes/metal_forming_basic_v0.yaml,labor_bot_general_v0;hydraulic_press;plate_rolling_mill,hydraulic_press;plate_rolling_mill,labor_bot_general_v0:usable_unreviewed;pressing_mold_set:usable_unreviewed;hydraulic_press:usable_unreviewed;kiln_ceramic:usable_unreviewed,,labor_bot_general_v0:process_resource_use;pressing_mold_set:process_resource_use;hydraulic_press:process_resource_use;kiln_ceramic:process_resource_use,The item is worth local manufacture later but current KB does not close spring performance,kb/items/parts/ebf3_pressure_spring.yaml,"Review whether current process/machine route can support this EBF3 leaf. Ignore capabilities as standalone proof; use machine selection_status/evidence/risk, process inputs/outputs, item material, mass, and performance requirements. Do not rerun local_nominal/import_nominal items. Output one of: keep_flagged_local, reroute_existing_process, needs_new_process_chain, import_until_gap_resolved, import_nominal.",import_until_gap_resolved,"Steel is lunar-plausible and heat-treatment furnace exists, but spring geometry, temper, fatigue life, relaxation, and load acceptance are not closed."
20,no_active_recipe_reaudit_metadata_candidate,ebf3_primary_transformer_core,import_until_gap_resolved,route_gap,1.5,electrical_steel_or_soft_iron,local_derived,medium,,False,electrical_steel_production_v0,kb/processes/electrical_steel_production_v0.yaml,labor_bot_general_v0;induction_forge_v0;rolling_mill_v0,induction_forge_v0;rolling_mill_v0,labor_bot_general_v0:usable_unreviewed;pressing_mold_set:usable_unreviewed;hydraulic_press:usable_unreviewed;kiln_ceramic:usable_unreviewed,,labor_bot_general_v0:process_resource_use;pressing_mold_set:process_resource_use;hydraulic_press:process_resource_use;kiln_ceramic:process_resource_use,"This is worth local development, but current KB does not prove a Ready transformer-core fabrication route",kb/items/parts/ebf3_primary_transformer_core.yaml,"Review whether current process/machine route can support this EBF3 leaf. Ignore capabilities as standalone proof; use machine selection_status/evidence/risk, process inputs/outputs, item material, mass, and performance requirements. Do not rerun local_nominal/import_nominal items. Output one of: keep_flagged_local, reroute_existing_process, needs_new_process_chain, import_until_gap_resolved, import_nominal.",import_until_gap_resolved,"The issue is controlled magnetic properties, losses, lamination/air-gap geometry, insulation, and acceptance testing; existing material production is not enough and labor_bot is not core evidence."
20,no_active_recipe_reaudit_metadata_candidate,ebf3_primary_transformer_winding_set,import_until_gap_resolved,route_gap,1.3,aluminum,local_derived,low,,False,spool_winding_basic_v0,kb/processes/spool_winding_basic_v0.yaml,labor_bot_general_v0;winding_drums,winding_drums,labor_bot_general_v0:usable_unreviewed;pressing_mold_set:usable_unreviewed;hydraulic_press:usable_unreviewed;kiln_ceramic:usable_unreviewed,,labor_bot_general_v0:process_resource_use;pressing_mold_set:process_resource_use;hydraulic_press:process_resource_use;kiln_ceramic:process_resource_use,"Aluminum conductor substitution is plausible, but transformer winding remains a route gap",kb/items/parts/ebf3_primary_transformer_winding_set.yaml,"Review whether current process/machine route can support this EBF3 leaf. Ignore capabilities as standalone proof; use machine selection_status/evidence/risk, process inputs/outputs, item material, mass, and performance requirements. Do not rerun local_nominal/import_nominal items. Output one of: keep_flagged_local, reroute_existing_process, needs_new_process_chain, import_until_gap_resolved, import_nominal.",needs_new_process_chain,"Existing coil_winding_basic_v0 has a concrete winding machine, so this is not a labor-only gap; the missing piece is insulation, termination, impregnation/spacing policy, and electrical acceptance."
20,no_active_recipe_reaudit_metadata_candidate,ebf3_ripple_inductor_core,import_until_gap_resolved,route_gap,0.35,electrical_steel_or_soft_iron,local_derived,medium,,False,electrical_steel_production_v0,kb/processes/electrical_steel_production_v0.yaml,labor_bot_general_v0;induction_forge_v0;rolling_mill_v0,induction_forge_v0;rolling_mill_v0,labor_bot_general_v0:usable_unreviewed;pressing_mold_set:usable_unreviewed;hydraulic_press:usable_unreviewed;kiln_ceramic:usable_unreviewed,,labor_bot_general_v0:process_resource_use;pressing_mold_set:process_resource_use;hydraulic_press:process_resource_use;kiln_ceramic:process_resource_use,"Material is plausible, but a qualified inductor core needs magnetic design and non-Ready processes",kb/items/parts/ebf3_ripple_inductor_core.yaml,"Review whether current process/machine route can support this EBF3 leaf. Ignore capabilities as standalone proof; use machine selection_status/evidence/risk, process inputs/outputs, item material, mass, and performance requirements. Do not rerun local_nominal/import_nominal items. Output one of: keep_flagged_local, reroute_existing_process, needs_new_process_chain, import_until_gap_resolved, import_nominal.",import_until_gap_resolved,"The issue is controlled magnetic properties, losses, lamination/air-gap geometry, insulation, and acceptance testing; existing material production is not enough and labor_bot is not core evidence."
20,no_active_recipe_reaudit_metadata_candidate,ebf3_ripple_inductor_winding,import_until_gap_resolved,route_gap,0.45,aluminum,local_derived,low,,False,spool_winding_basic_v0,kb/processes/spool_winding_basic_v0.yaml,labor_bot_general_v0;winding_drums,winding_drums,labor_bot_general_v0:usable_unreviewed;pressing_mold_set:usable_unreviewed;hydraulic_press:usable_unreviewed;kiln_ceramic:usable_unreviewed,,labor_bot_general_v0:process_resource_use;pressing_mold_set:process_resource_use;hydraulic_press:process_resource_use;kiln_ceramic:process_resource_use,Ripple inductor winding is worth local closure later but is currently a route gap,kb/items/parts/ebf3_ripple_inductor_winding.yaml,"Review whether current process/machine route can support this EBF3 leaf. Ignore capabilities as standalone proof; use machine selection_status/evidence/risk, process inputs/outputs, item material, mass, and performance requirements. Do not rerun local_nominal/import_nominal items. Output one of: keep_flagged_local, reroute_existing_process, needs_new_process_chain, import_until_gap_resolved, import_nominal.",needs_new_process_chain,"Existing coil_winding_basic_v0 has a concrete winding machine, so this is not a labor-only gap; the missing piece is insulation, termination, impregnation/spacing policy, and electrical acceptance."
20,no_active_recipe_reaudit_metadata_candidate,ebf3_rotary_axis_bearing_inner_ring,import_until_gap_resolved,route_gap,1.1,bearing_steel,local_derived,high,,False,precision_grinding_basic_v0,kb/processes/precision_grinding_basic_v0.yaml,labor_bot_general_v0;surface_grinder;grinding_wheels,surface_grinder;grinding_wheels,labor_bot_general_v0:usable_unreviewed;pressing_mold_set:usable_unreviewed;hydraulic_press:usable_unreviewed;kiln_ceramic:usable_unreviewed,,labor_bot_general_v0:process_resource_use;pressing_mold_set:process_resource_use;hydraulic_press:process_resource_use;kiln_ceramic:process_resource_use,The steel mass is not the issue; bearing-grade geometry and heat treatment are not locally Ready,kb/items/parts/ebf3_rotary_axis_bearing_inner_ring.yaml,"Review whether current process/machine route can support this EBF3 leaf. Ignore capabilities as standalone proof; use machine selection_status/evidence/risk, process inputs/outputs, item material, mass, and performance requirements. Do not rerun local_nominal/import_nominal items. Output one of: keep_flagged_local, reroute_existing_process, needs_new_process_chain, import_until_gap_resolved, import_nominal.",import_until_gap_resolved,"Material and some machines exist, but bearing/ball-screw/linear-guide geometry needs hardened races, precision grinding/lapping, preload/runout control, lubrication, metrology, and life QA; this is a performance chain gap."
20,no_active_recipe_reaudit_metadata_candidate,ebf3_rotary_axis_bearing_outer_ring,import_until_gap_resolved,route_gap,1.3,bearing_steel,local_derived,medium,,False,bearing_set_heavy_production_v0,kb/processes/bearing_set_heavy_production_v0.yaml,labor_bot_general_v0;lathe_engine_v0;heat_treatment_furnace_v0;bearing_grinding_machine_v0;induction_forge_v0,lathe_engine_v0;heat_treatment_furnace_v0;bearing_grinding_machine_v0;induction_forge_v0,labor_bot_general_v0:usable_unreviewed;pressing_mold_set:usable_unreviewed;hydraulic_press:usable_unreviewed;kiln_ceramic:usable_unreviewed,,labor_bot_general_v0:process_resource_use;pressing_mold_set:process_resource_use;hydraulic_press:process_resource_use;kiln_ceramic:process_resource_use,Rotary bearing outer ring is route_gap until bearing ring production and QA close,kb/items/parts/ebf3_rotary_axis_bearing_outer_ring.yaml,"Review whether current process/machine route can support this EBF3 leaf. Ignore capabilities as standalone proof; use machine selection_status/evidence/risk, process inputs/outputs, item material, mass, and performance requirements. Do not rerun local_nominal/import_nominal items. Output one of: keep_flagged_local, reroute_existing_process, needs_new_process_chain, import_until_gap_resolved, import_nominal.",import_until_gap_resolved,"Material and some machines exist, but bearing/ball-screw/linear-guide geometry needs hardened races, precision grinding/lapping, preload/runout control, lubrication, metrology, and life QA; this is a performance chain gap."
20,no_active_recipe_reaudit_metadata_candidate,ebf3_rotary_axis_bearing_rolling_element_set,import_until_gap_resolved,route_gap,1.2,bearing_steel,local_derived,low,,False,bearing_set_heavy_production_v0,kb/processes/bearing_set_heavy_production_v0.yaml,labor_bot_general_v0;lathe_engine_v0;heat_treatment_furnace_v0;bearing_grinding_machine_v0;induction_forge_v0,lathe_engine_v0;heat_treatment_furnace_v0;bearing_grinding_machine_v0;induction_forge_v0,labor_bot_general_v0:usable_unreviewed;pressing_mold_set:usable_unreviewed;hydraulic_press:usable_unreviewed;kiln_ceramic:usable_unreviewed,,labor_bot_general_v0:process_resource_use;pressing_mold_set:process_resource_use;hydraulic_press:process_resource_use;kiln_ceramic:process_resource_use,Rotary bearing rolling elements are route_gap rather than deferred convenience import,kb/items/parts/ebf3_rotary_axis_bearing_rolling_element_set.yaml,"Review whether current process/machine route can support this EBF3 leaf. Ignore capabilities as standalone proof; use machine selection_status/evidence/risk, process inputs/outputs, item material, mass, and performance requirements. Do not rerun local_nominal/import_nominal items. Output one of: keep_flagged_local, reroute_existing_process, needs_new_process_chain, import_until_gap_resolved, import_nominal.",import_until_gap_resolved,"Material and some machines exist, but bearing/ball-screw/linear-guide geometry needs hardened races, precision grinding/lapping, preload/runout control, lubrication, metrology, and life QA; this is a performance chain gap."
20,no_active_recipe_reaudit_metadata_candidate,ebf3_thermal_isolation_standoff_washer_set,sensitivity_flag,lunar_candidate_flagged,0.06,alumina_ceramic,local_derived,medium,recipe_ebf3_thermal_isolation_standoff_washer_set,True,ceramic_forming_basic_v0;ceramic_sintering_process_v0,kb/processes/ceramic_forming_basic_v0.yaml;kb/processes/ceramic_sintering_process_v0.yaml,pressing_mold_set;hydraulic_press;kiln_ceramic;labor_bot_general_v0,pressing_mold_set;hydraulic_press;kiln_ceramic;labor_bot_general_v0,labor_bot_general_v0:usable_unreviewed;pressing_mold_set:usable_unreviewed;hydraulic_press:usable_unreviewed;kiln_ceramic:usable_unreviewed,,labor_bot_general_v0:process_resource_use;pressing_mold_set:process_resource_use;hydraulic_press:process_resource_use;kiln_ceramic:process_resource_use,Alumina washer material is plausible but the fired ceramic process route is not Ready,kb/items/parts/ebf3_thermal_isolation_standoff_washer_set.yaml,"Review whether current process/machine route can support this EBF3 leaf. Ignore capabilities as standalone proof; use machine selection_status/evidence/risk, process inputs/outputs, item material, mass, and performance requirements. Do not rerun local_nominal/import_nominal items. Output one of: keep_flagged_local, reroute_existing_process, needs_new_process_chain, import_until_gap_resolved, import_nominal.",keep_flagged_local,"The old kiln/press audit rationale is obsolete: press/mold/kiln machines are usable_unreviewed and semantically match. Keep only wear, thermal, chipping, and dimensional flags."
20,no_active_recipe_reaudit_metadata_candidate,ebf3_wire_feed_drive_roll_groove_profile,import_until_gap_resolved,route_gap,0.05,hardened_steel,local_derived,medium,,False,machining_basic_v0,kb/processes/machining_basic_v0.yaml,multi_axis_cnc_machining_center,multi_axis_cnc_machining_center,multi_axis_cnc_machining_center:usable_unreviewed,,multi_axis_cnc_machining_center:capabilities;processes_supported;process_resource_use;functional_notes;bom;recipe;machine_file,Wire-feed drive-roll groove profile is route_gap until heat treatment and wear/traction qualification close,kb/items/parts/ebf3_wire_feed_drive_roll_groove_profile.yaml,"Review whether current process/machine route can support this EBF3 leaf. Ignore capabilities as standalone proof; use machine selection_status/evidence/risk, process inputs/outputs, item material, mass, and performance requirements. Do not rerun local_nominal/import_nominal items. Output one of: keep_flagged_local, reroute_existing_process, needs_new_process_chain, import_until_gap_resolved, import_nominal.",import_until_gap_resolved,CNC can cut the groove but hardened wear surface traction and heat treatment are unresolved.
20,no_active_recipe_reaudit_metadata_candidate,ebf3_wire_feed_pressure_roll,import_until_gap_resolved,route_gap,0.25,steel,local_derived,medium,,False,machining_basic_v0,kb/processes/machining_basic_v0.yaml,multi_axis_cnc_machining_center,multi_axis_cnc_machining_center,multi_axis_cnc_machining_center:usable_unreviewed,,multi_axis_cnc_machining_center:capabilities;processes_supported;process_resource_use;functional_notes;bom;recipe;machine_file,Wire-feed pressure roll is a route gap until local heat treatment and roll wear qualification are explicit,kb/items/parts/ebf3_wire_feed_pressure_roll.yaml,"Review whether current process/machine route can support this EBF3 leaf. Ignore capabilities as standalone proof; use machine selection_status/evidence/risk, process inputs/outputs, item material, mass, and performance requirements. Do not rerun local_nominal/import_nominal items. Output one of: keep_flagged_local, reroute_existing_process, needs_new_process_chain, import_until_gap_resolved, import_nominal.",import_until_gap_resolved,The roll geometry is machinable but heat treatment wear and feed-force qualification remain route gaps.
20,no_active_recipe_reaudit_metadata_candidate,ebf3_wire_feeder_base_standoff_set,sensitivity_flag,lunar_candidate_flagged,0.7,alumina_ceramic,local_derived,medium,recipe_ebf3_wire_feeder_base_standoff_set,True,ceramic_forming_basic_v0;ceramic_sintering_process_v0,kb/processes/ceramic_forming_basic_v0.yaml;kb/processes/ceramic_sintering_process_v0.yaml,pressing_mold_set;hydraulic_press;kiln_ceramic;labor_bot_general_v0,pressing_mold_set;hydraulic_press;kiln_ceramic;labor_bot_general_v0,labor_bot_general_v0:usable_unreviewed;pressing_mold_set:usable_unreviewed;hydraulic_press:usable_unreviewed;kiln_ceramic:usable_unreviewed,,labor_bot_general_v0:process_resource_use;pressing_mold_set:process_resource_use;hydraulic_press:process_resource_use;kiln_ceramic:process_resource_use,Alumina standoff is a good local material but current Ready machine set does not close ceramic part fabrication,kb/items/parts/ebf3_wire_feeder_base_standoff_set.yaml,"Review whether current process/machine route can support this EBF3 leaf. Ignore capabilities as standalone proof; use machine selection_status/evidence/risk, process inputs/outputs, item material, mass, and performance requirements. Do not rerun local_nominal/import_nominal items. Output one of: keep_flagged_local, reroute_existing_process, needs_new_process_chain, import_until_gap_resolved, import_nominal.",keep_flagged_local,"The old kiln/press audit rationale is obsolete: press/mold/kiln machines are usable_unreviewed and semantically match. Keep only wear, thermal, chipping, and dimensional flags."
20,no_active_recipe_reaudit_metadata_candidate,ebf3_x_axis_ball_screw_shaft,import_until_gap_resolved,route_gap,1.0,hardened_steel,local_derived,medium,,False,steel_shaft_machining_v1,kb/processes/steel_shaft_machining_v1.yaml,labor_bot_general_v0;multi_axis_cnc_machining_center,multi_axis_cnc_machining_center,labor_bot_general_v0:usable_unreviewed;pressing_mold_set:usable_unreviewed;hydraulic_press:usable_unreviewed;kiln_ceramic:usable_unreviewed,,labor_bot_general_v0:process_resource_use;pressing_mold_set:process_resource_use;hydraulic_press:process_resource_use;kiln_ceramic:process_resource_use,X-axis ball-screw shaft is route_gap aligned with other precision screw shafts,kb/items/parts/ebf3_x_axis_ball_screw_shaft.yaml,"Review whether current process/machine route can support this EBF3 leaf. Ignore capabilities as standalone proof; use machine selection_status/evidence/risk, process inputs/outputs, item material, mass, and performance requirements. Do not rerun local_nominal/import_nominal items. Output one of: keep_flagged_local, reroute_existing_process, needs_new_process_chain, import_until_gap_resolved, import_nominal.",import_until_gap_resolved,"Material and some machines exist, but bearing/ball-screw/linear-guide geometry needs hardened races, precision grinding/lapping, preload/runout control, lubrication, metrology, and life QA; this is a performance chain gap."
20,no_active_recipe_reaudit_metadata_candidate,ebf3_y_axis_ball_screw_shaft,import_until_gap_resolved,route_gap,1.0,steel,local_derived,low,,False,ball_screw_fabrication_v0,kb/processes/ball_screw_fabrication_v0.yaml,precision_lathe;labor_bot_general_v0,precision_lathe,labor_bot_general_v0:usable_unreviewed;pressing_mold_set:usable_unreviewed;hydraulic_press:usable_unreviewed;kiln_ceramic:usable_unreviewed,,labor_bot_general_v0:process_resource_use;pressing_mold_set:process_resource_use;hydraulic_press:process_resource_use;kiln_ceramic:process_resource_use,Y-axis screw shaft needs precision screw geometry beyond Ready CNC shaft machining,kb/items/parts/ebf3_y_axis_ball_screw_shaft.yaml,"Review whether current process/machine route can support this EBF3 leaf. Ignore capabilities as standalone proof; use machine selection_status/evidence/risk, process inputs/outputs, item material, mass, and performance requirements. Do not rerun local_nominal/import_nominal items. Output one of: keep_flagged_local, reroute_existing_process, needs_new_process_chain, import_until_gap_resolved, import_nominal.",import_until_gap_resolved,"Material and some machines exist, but bearing/ball-screw/linear-guide geometry needs hardened races, precision grinding/lapping, preload/runout control, lubrication, metrology, and life QA; this is a performance chain gap."
20,no_active_recipe_reaudit_metadata_candidate,ebf3_z_axis_ball_screw_shaft,import_until_gap_resolved,route_gap,1.0,bearing_steel,local_derived,low,,False,ball_screw_fabrication_v0,kb/processes/ball_screw_fabrication_v0.yaml,precision_lathe;labor_bot_general_v0,precision_lathe,labor_bot_general_v0:usable_unreviewed;pressing_mold_set:usable_unreviewed;hydraulic_press:usable_unreviewed;kiln_ceramic:usable_unreviewed,,labor_bot_general_v0:process_resource_use;pressing_mold_set:process_resource_use;hydraulic_press:process_resource_use;kiln_ceramic:process_resource_use,Z-axis ball-screw shaft is a precision motion route gap,kb/items/parts/ebf3_z_axis_ball_screw_shaft.yaml,"Review whether current process/machine route can support this EBF3 leaf. Ignore capabilities as standalone proof; use machine selection_status/evidence/risk, process inputs/outputs, item material, mass, and performance requirements. Do not rerun local_nominal/import_nominal items. Output one of: keep_flagged_local, reroute_existing_process, needs_new_process_chain, import_until_gap_resolved, import_nominal.",import_until_gap_resolved,"Material and some machines exist, but bearing/ball-screw/linear-guide geometry needs hardened races, precision grinding/lapping, preload/runout control, lubrication, metrology, and life QA; this is a performance chain gap."
20,no_active_recipe_reaudit_metadata_candidate,ebf3_z_axis_counterbalance_metal_spring_element,import_until_gap_resolved,route_gap,0.35,spring_steel,local_derived,medium,,False,heat_treat_basic_v0,kb/processes/heat_treat_basic_v0.yaml,labor_bot_general_v0;heat_treatment_furnace_v0,heat_treatment_furnace_v0,labor_bot_general_v0:usable_unreviewed;pressing_mold_set:usable_unreviewed;hydraulic_press:usable_unreviewed;kiln_ceramic:usable_unreviewed,,labor_bot_general_v0:process_resource_use;pressing_mold_set:process_resource_use;hydraulic_press:process_resource_use;kiln_ceramic:process_resource_use,"Architecture assumption metal_spring_counterbalance_baseline is recorded, but spring temper and fatigue route are not Ready, so keep this as a gap",kb/items/parts/ebf3_z_axis_counterbalance_metal_spring_element.yaml,"Review whether current process/machine route can support this EBF3 leaf. Ignore capabilities as standalone proof; use machine selection_status/evidence/risk, process inputs/outputs, item material, mass, and performance requirements. Do not rerun local_nominal/import_nominal items. Output one of: keep_flagged_local, reroute_existing_process, needs_new_process_chain, import_until_gap_resolved, import_nominal.",import_until_gap_resolved,"Steel is lunar-plausible and heat-treatment furnace exists, but spring geometry, temper, fatigue life, relaxation, and load acceptance are not closed."
