item_id,name,mass_kg,policy,route_decision,material_before,material,primary_process_id,decomposition_action,process_risk_level,process_risk_type,process_risk_reason,item_path
ebf3_adc_converter_board,EBF3 adc converter board,0.4,import_nominal,import_as_leaf,electronic,electronic,import_receiving_basic_v0,keep_as_complex_import_or_defer,very_high,import_as_complex_item,"Electronics/software are not decomposed into semiconductor, PCB, passives, and packaging routes; keep import unless explicitly decomposed.",kb/items/parts/ebf3_adc_converter_board.yaml
ebf3_adc_module_connector_set,EBF3 adc module connector set,0.1,import_nominal,import_as_leaf,electronic,electronic,import_receiving_basic_v0,keep_as_complex_import_or_defer,very_high,import_as_complex_item,"Electronics/software are not decomposed into semiconductor, PCB, passives, and packaging routes; keep import unless explicitly decomposed.",kb/items/parts/ebf3_adc_module_connector_set.yaml
ebf3_adc_module_shield,EBF3 adc module shield,0.1,local_nominal,lunar_candidate,steel,steel,sheet_metal_cutting_v0,no_material_change,low,ordinary_metal_route,"Material and broad process route are plausible; remaining issues are geometry, stock form, and inspection detail.",kb/items/parts/ebf3_adc_module_shield.yaml
ebf3_analog_input_protection_front_end,EBF3 analog input protection front end,0.2,import_nominal,import_as_leaf,electronic,electronic,import_receiving_basic_v0,keep_as_complex_import_or_defer,very_high,import_as_complex_item,"Electronics/software are not decomposed into semiconductor, PCB, passives, and packaging routes; keep import unless explicitly decomposed.",kb/items/parts/ebf3_analog_input_protection_front_end.yaml
ebf3_anti_wear_guide_holder,EBF3 anti wear guide holder,0.03,sensitivity_flag,lunar_candidate_flagged,steel,steel,machining_basic_v0,no_material_change,low,ordinary_metal_route,"Material and broad process route are plausible; remaining issues are geometry, stock form, and inspection detail.",kb/items/parts/ebf3_anti_wear_guide_holder.yaml
ebf3_anti_wear_guide_insert,EBF3 anti wear guide insert,0.07,sensitivity_flag,lunar_candidate_flagged,ceramic,ceramic,ceramic_forming_basic_v0,no_material_change,medium,ceramic_forming_sintering_qa,"Ceramic feedstock and forming are plausible, but shrinkage, density, finish, and inspection remain sensitivity items.",kb/items/parts/ebf3_anti_wear_guide_insert.yaml
ebf3_aux_dc_converter_module_set,EBF3 aux dc converter module set,2.0,import_nominal,import_as_leaf,electronic,electronic,import_receiving_basic_v0,keep_as_complex_import_or_defer,very_high,import_as_complex_item,"Electronics/software are not decomposed into semiconductor, PCB, passives, and packaging routes; keep import unless explicitly decomposed.",kb/items/parts/ebf3_aux_dc_converter_module_set.yaml
ebf3_aux_dc_distribution_terminal_set,EBF3 aux dc distribution terminal set,0.7,import_nominal,earth_import,electronic,electronic,import_receiving_basic_v0,keep_as_complex_import_or_defer,very_high,import_as_complex_item,"Electronics/software are not decomposed into semiconductor, PCB, passives, and packaging routes; keep import unless explicitly decomposed.",kb/items/parts/ebf3_aux_dc_distribution_terminal_set.yaml
ebf3_aux_dc_filter_capacitor_set,EBF3 aux dc filter capacitor set,0.8,import_nominal,import_as_leaf,electronic,electronic,import_receiving_basic_v0,keep_as_complex_import_or_defer,very_high,import_as_complex_item,"Electronics/software are not decomposed into semiconductor, PCB, passives, and packaging routes; keep import unless explicitly decomposed.",kb/items/parts/ebf3_aux_dc_filter_capacitor_set.yaml
ebf3_axis_home_sensor_body_set,EBF3 axis home sensor body set,0.14,import_nominal,import_as_leaf,electronic,electronic,import_receiving_basic_v0,keep_as_complex_import_or_defer,very_high,import_as_complex_item,"Electronics/software are not decomposed into semiconductor, PCB, passives, and packaging routes; keep import unless explicitly decomposed.",kb/items/parts/ebf3_axis_home_sensor_body_set.yaml
ebf3_axis_home_sensor_lead_set,EBF3 axis home sensor lead set,0.08,import_nominal,earth_import,composite,composite,import_receiving_basic_v0,keep_as_complex_import_or_defer,high,unresolved_material_system,Composite label remains unresolved; item needs BOM decomposition or import treatment.,kb/items/parts/ebf3_axis_home_sensor_lead_set.yaml
ebf3_axis_home_sensor_target_set,EBF3 axis home sensor target set,0.08,local_nominal,lunar_candidate,steel,steel,machining_basic_v0,no_material_change,low,ordinary_metal_route,"Material and broad process route are plausible; remaining issues are geometry, stock form, and inspection detail.",kb/items/parts/ebf3_axis_home_sensor_target_set.yaml
ebf3_axis_limit_switch_actuator_set,EBF3 axis limit switch actuator set,0.05,local_nominal,lunar_candidate,steel,steel,machining_basic_v0,no_material_change,low,ordinary_metal_route,"Material and broad process route are plausible; remaining issues are geometry, stock form, and inspection detail.",kb/items/parts/ebf3_axis_limit_switch_actuator_set.yaml
ebf3_axis_limit_switch_body_set,EBF3 axis limit switch body set,0.1,import_nominal,import_as_leaf,electronic,electronic,import_receiving_basic_v0,keep_as_complex_import_or_defer,very_high,import_as_complex_item,"Electronics/software are not decomposed into semiconductor, PCB, passives, and packaging routes; keep import unless explicitly decomposed.",kb/items/parts/ebf3_axis_limit_switch_body_set.yaml
ebf3_axis_limit_switch_lead_set,EBF3 axis limit switch lead set,0.05,import_nominal,earth_import,composite,composite,import_receiving_basic_v0,keep_as_complex_import_or_defer,high,unresolved_material_system,Composite label remains unresolved; item needs BOM decomposition or import treatment.,kb/items/parts/ebf3_axis_limit_switch_lead_set.yaml
ebf3_axis_motor_body_set,EBF3 axis motor body set,3.2,import_nominal,import_as_leaf,electronic,electronic,import_receiving_basic_v0,keep_as_complex_import_or_defer,very_high,import_as_complex_item,"Electronics/software are not decomposed into semiconductor, PCB, passives, and packaging routes; keep import unless explicitly decomposed.",kb/items/parts/ebf3_axis_motor_body_set.yaml
ebf3_axis_motor_housing_set,EBF3 axis motor housing set,1.0,local_nominal,lunar_candidate,steel,steel,motor_housing_casting_v0,no_material_change,low,ordinary_metal_route,"Material and broad process route are plausible; remaining issues are geometry, stock form, and inspection detail.",kb/items/parts/ebf3_axis_motor_housing_set.yaml
ebf3_axis_motor_lead_set,EBF3 axis motor lead set,0.8,import_nominal,earth_import,composite,composite,import_receiving_basic_v0,keep_as_complex_import_or_defer,high,unresolved_material_system,Composite label remains unresolved; item needs BOM decomposition or import treatment.,kb/items/parts/ebf3_axis_motor_lead_set.yaml
ebf3_axis_motor_mounting_feature_set,EBF3 axis motor mounting feature set,1.0,local_nominal,lunar_candidate,steel,steel,machining_basic_v0,no_material_change,low,ordinary_metal_route,"Material and broad process route are plausible; remaining issues are geometry, stock form, and inspection detail.",kb/items/parts/ebf3_axis_motor_mounting_feature_set.yaml
ebf3_ball_nut_body_set,EBF3 ball nut body set,1.1,import_until_gap_resolved,route_gap,bearing_steel,bearing_steel,ball_screw_fabrication_v0,no_material_change,high,precision_heat_treat_metrology,"Base steel may be lunar-plausible, but heat treatment, grinding, fatigue, preload, lubrication, and metrology are not closed.",kb/items/parts/ebf3_ball_nut_body_set.yaml
ebf3_ball_nut_recirculation_insert_set,EBF3 ball nut recirculation insert set,0.3,import_until_gap_resolved,route_gap,steel,steel,ball_screw_fabrication_v0,no_material_change,high,precision_heat_treat_metrology,"Base steel may be lunar-plausible, but heat treatment, grinding, fatigue, preload, lubrication, and metrology are not closed.",kb/items/parts/ebf3_ball_nut_recirculation_insert_set.yaml
ebf3_ball_nut_rolling_ball_set,EBF3 ball nut rolling ball set,0.45,import_until_gap_resolved,route_gap,bearing_steel,bearing_steel,bearing_set_heavy_production_v0,no_material_change,high,precision_heat_treat_metrology,"Base steel may be lunar-plausible, but heat treatment, grinding, fatigue, preload, lubrication, and metrology are not closed.",kb/items/parts/ebf3_ball_nut_rolling_ball_set.yaml
ebf3_ball_nut_wiper_or_seal_set,EBF3 ball nut wiper or seal set,0.15,import_nominal,earth_import,polymer,vacuum_polymer_or_elastomer,none,updated_material,high,polymer_or_special_chemistry,"Polymer, elastomer, oil, TIM, and friction materials depend on organics/special chemistry and vacuum/HV qualification.",kb/items/parts/ebf3_ball_nut_wiper_or_seal_set.yaml
ebf3_beam_current_return_fastener_interface_set,EBF3 beam current return fastener interface set,0.06,sensitivity_flag,lunar_candidate_flagged,steel,steel,fastener_kit_small_fabrication_v0,no_material_change,low,ordinary_metal_route,"Material and broad process route are plausible; remaining issues are geometry, stock form, and inspection detail.",kb/items/parts/ebf3_beam_current_return_fastener_interface_set.yaml
ebf3_beam_current_return_flexible_conductor,EBF3 beam current return flexible conductor,0.32,import_until_gap_resolved,route_gap,aluminum,aluminum,metal_wire_drawing_process_v0,no_material_change,medium_high,electrical_conductor_route,Conductor material is plausible only with drawing/insulation/termination/field or vacuum electrical tests; copper is import/recycle constrained.,kb/items/parts/ebf3_beam_current_return_flexible_conductor.yaml
ebf3_beam_current_return_lug_set,EBF3 beam current return lug set,0.12,sensitivity_flag,lunar_candidate_flagged,aluminum,aluminum,machining_basic_v0,no_material_change,low,ordinary_metal_route,"Material and broad process route are plausible; remaining issues are geometry, stock form, and inspection detail.",kb/items/parts/ebf3_beam_current_return_lug_set.yaml
ebf3_bias_supply_converter_board,EBF3 bias supply converter board,1.1,import_nominal,import_as_leaf,electronic,electronic,import_receiving_basic_v0,keep_as_complex_import_or_defer,very_high,import_as_complex_item,"Electronics/software are not decomposed into semiconductor, PCB, passives, and packaging routes; keep import unless explicitly decomposed.",kb/items/parts/ebf3_bias_supply_converter_board.yaml
ebf3_bias_supply_hv_output_filter,EBF3 bias supply hv output filter,0.7,import_nominal,import_as_leaf,electronic,electronic,import_receiving_basic_v0,keep_as_complex_import_or_defer,very_high,import_as_complex_item,"Electronics/software are not decomposed into semiconductor, PCB, passives, and packaging routes; keep import unless explicitly decomposed.",kb/items/parts/ebf3_bias_supply_hv_output_filter.yaml
ebf3_bias_supply_terminal_set,EBF3 bias supply terminal set,0.3,import_nominal,import_as_leaf,electronic,electronic,import_receiving_basic_v0,keep_as_complex_import_or_defer,very_high,import_as_complex_item,"Electronics/software are not decomposed into semiconductor, PCB, passives, and packaging routes; keep import unless explicitly decomposed.",kb/items/parts/ebf3_bias_supply_terminal_set.yaml
ebf3_cabin_access_door_hinge_bushing_or_bearing_set,EBF3 cabin access door hinge bushing or bearing set,0.5,import_until_gap_resolved,route_gap,bearing_steel,bearing_steel,machining_basic_v0,no_material_change,high,precision_heat_treat_metrology,"Base steel may be lunar-plausible, but heat treatment, grinding, fatigue, preload, lubrication, and metrology are not closed.",kb/items/parts/ebf3_cabin_access_door_hinge_bushing_or_bearing_set.yaml
ebf3_cabin_access_door_hinge_fastener_interface_set,EBF3 cabin access door hinge fastener interface set,0.7,sensitivity_flag,lunar_candidate_flagged,steel,steel,fastener_kit_small_fabrication_v0,no_material_change,medium_high,structural_vacuum_qa,"Material is local-plausible, but leak/seal/surface/large-panel distortion qualification is not closed.",kb/items/parts/ebf3_cabin_access_door_hinge_fastener_interface_set.yaml
ebf3_cabin_access_door_hinge_leaf_or_bracket_set,EBF3 cabin access door hinge leaf or bracket set,0.9,local_nominal,lunar_candidate,steel,steel,machining_basic_v0,no_material_change,medium_high,structural_vacuum_qa,"Material is local-plausible, but leak/seal/surface/large-panel distortion qualification is not closed.",kb/items/parts/ebf3_cabin_access_door_hinge_leaf_or_bracket_set.yaml
ebf3_cabin_access_door_hinge_pin_or_shaft_set,EBF3 cabin access door hinge pin or shaft set,0.4,local_nominal,lunar_candidate,steel,steel,machining_basic_v0,no_material_change,medium_high,structural_vacuum_qa,"Material is local-plausible, but leak/seal/surface/large-panel distortion qualification is not closed.",kb/items/parts/ebf3_cabin_access_door_hinge_pin_or_shaft_set.yaml
ebf3_cabin_access_door_latch_fastener_interface_set,EBF3 cabin access door latch fastener interface set,0.5,local_nominal,lunar_candidate,steel,steel,machining_basic_v0,no_material_change,medium_high,structural_vacuum_qa,"Material is local-plausible, but leak/seal/surface/large-panel distortion qualification is not closed.",kb/items/parts/ebf3_cabin_access_door_latch_fastener_interface_set.yaml
ebf3_cabin_access_door_latch_handle_or_cam_set,EBF3 cabin access door latch handle or cam set,0.6,local_nominal,lunar_candidate,steel,steel,machining_basic_v0,no_material_change,medium_high,structural_vacuum_qa,"Material is local-plausible, but leak/seal/surface/large-panel distortion qualification is not closed.",kb/items/parts/ebf3_cabin_access_door_latch_handle_or_cam_set.yaml
ebf3_cabin_access_door_latch_pivot_axle_set,EBF3 cabin access door latch pivot axle set,0.4,sensitivity_flag,lunar_candidate_flagged,steel,steel,steel_shaft_machining_v0,no_material_change,medium_high,structural_vacuum_qa,"Material is local-plausible, but leak/seal/surface/large-panel distortion qualification is not closed.",kb/items/parts/ebf3_cabin_access_door_latch_pivot_axle_set.yaml
ebf3_cabin_access_door_latch_return_spring_set,EBF3 cabin access door latch return spring set,0.2,import_until_gap_resolved,route_gap,spring_steel,spring_steel,heat_treat_basic_v0,no_material_change,high,precision_heat_treat_metrology,"Base steel may be lunar-plausible, but heat treatment, grinding, fatigue, preload, lubrication, and metrology are not closed.",kb/items/parts/ebf3_cabin_access_door_latch_return_spring_set.yaml
ebf3_cabin_access_door_latch_strike_or_bar_set,EBF3 cabin access door latch strike or bar set,0.8,local_nominal,lunar_candidate,steel,steel,machining_basic_v0,no_material_change,medium_high,structural_vacuum_qa,"Material is local-plausible, but leak/seal/surface/large-panel distortion qualification is not closed.",kb/items/parts/ebf3_cabin_access_door_latch_strike_or_bar_set.yaml
ebf3_cabin_access_door_panel,EBF3 cabin access door panel,13.0,import_until_gap_resolved,route_gap,steel,steel,sheet_metal_cutting_v0,no_material_change,medium_high,structural_vacuum_qa,"Material is local-plausible, but leak/seal/surface/large-panel distortion qualification is not closed.",kb/items/parts/ebf3_cabin_access_door_panel.yaml
ebf3_cabin_access_door_vacuum_seal,EBF3 cabin access door vacuum seal,2.0,import_until_gap_resolved,route_gap,polymer,vacuum_elastomer_or_metal_gasket,vacuum_seal_assembly_fabrication_v0,updated_material,high,polymer_or_special_chemistry,"Polymer, elastomer, oil, TIM, and friction materials depend on organics/special chemistry and vacuum/HV qualification.",kb/items/parts/ebf3_cabin_access_door_vacuum_seal.yaml
ebf3_cabin_frame_corner_gusset_set,EBF3 cabin frame corner gusset set,7.0,sensitivity_flag,lunar_candidate_flagged,steel,steel,sheet_metal_fabrication_v0,no_material_change,low,ordinary_metal_route,"Material and broad process route are plausible; remaining issues are geometry, stock form, and inspection detail.",kb/items/parts/ebf3_cabin_frame_corner_gusset_set.yaml
ebf3_cabin_frame_member_set,EBF3 cabin frame member set,24.0,sensitivity_flag,lunar_candidate_flagged,steel,steel,steel_bar_stock_rolling_shop_v0,no_material_change,low,ordinary_metal_route,"Material and broad process route are plausible; remaining issues are geometry, stock form, and inspection detail.",kb/items/parts/ebf3_cabin_frame_member_set.yaml
ebf3_cabin_frame_mounting_foot_set,EBF3 cabin frame mounting foot set,4.0,local_nominal,lunar_candidate,steel,steel,machining_basic_v0,no_material_change,low,ordinary_metal_route,"Material and broad process route are plausible; remaining issues are geometry, stock form, and inspection detail.",kb/items/parts/ebf3_cabin_frame_mounting_foot_set.yaml
ebf3_cabin_gun_port_flange_ring,EBF3 cabin gun port flange ring,5.0,sensitivity_flag,lunar_candidate_flagged,steel,steel,machining_basic_v0,no_material_change,medium_high,structural_vacuum_qa,"Material is local-plausible, but leak/seal/surface/large-panel distortion qualification is not closed.",kb/items/parts/ebf3_cabin_gun_port_flange_ring.yaml
ebf3_cabin_gun_port_reinforcement_ring,EBF3 cabin gun port reinforcement ring,3.0,local_nominal,lunar_candidate,steel,steel,machining_basic_v0,no_material_change,medium_high,structural_vacuum_qa,"Material is local-plausible, but leak/seal/surface/large-panel distortion qualification is not closed.",kb/items/parts/ebf3_cabin_gun_port_reinforcement_ring.yaml
ebf3_cabin_lighting_port_frame,EBF3 cabin lighting port frame,30.0,import_until_gap_resolved,route_gap,steel,steel,steel_bar_stock_rolling_shop_v0,no_material_change,medium_high,structural_vacuum_qa,"Material is local-plausible, but leak/seal/surface/large-panel distortion qualification is not closed.",kb/items/parts/ebf3_cabin_lighting_port_frame.yaml
ebf3_cabin_lighting_shield_mount,EBF3 cabin lighting shield mount,12.08,local_nominal,lunar_candidate,steel,steel,sheet_metal_cutting_v0,no_material_change,low,ordinary_metal_route,"Material and broad process route are plausible; remaining issues are geometry, stock form, and inspection detail.",kb/items/parts/ebf3_cabin_lighting_shield_mount.yaml
ebf3_cabin_positioning_floor_mount_plate,EBF3 cabin positioning floor mount plate,12.0,local_nominal,lunar_candidate,steel,steel,machining_basic_v0,no_material_change,low,ordinary_metal_route,"Material and broad process route are plausible; remaining issues are geometry, stock form, and inspection detail.",kb/items/parts/ebf3_cabin_positioning_floor_mount_plate.yaml
ebf3_cabin_positioning_leveling_pad_set,EBF3 cabin positioning leveling pad set,3.0,local_nominal,lunar_candidate,steel,steel,machining_basic_v0,no_material_change,low,ordinary_metal_route,"Material and broad process route are plausible; remaining issues are geometry, stock form, and inspection detail.",kb/items/parts/ebf3_cabin_positioning_leveling_pad_set.yaml
ebf3_cabin_sacrificial_liner_panel_set,EBF3 cabin sacrificial liner panel set,10.0,sensitivity_flag,lunar_candidate_flagged,steel,steel,sheet_metal_cutting_v0,no_material_change,low,ordinary_metal_route,"Material and broad process route are plausible; remaining issues are geometry, stock form, and inspection detail.",kb/items/parts/ebf3_cabin_sacrificial_liner_panel_set.yaml
ebf3_cabin_sacrificial_liner_retainer_set,EBF3 cabin sacrificial liner retainer set,2.0,local_nominal,lunar_candidate,steel,steel,machining_basic_v0,no_material_change,low,ordinary_metal_route,"Material and broad process route are plausible; remaining issues are geometry, stock form, and inspection detail.",kb/items/parts/ebf3_cabin_sacrificial_liner_retainer_set.yaml
ebf3_cabin_wall_panel_seam_set,EBF3 cabin wall panel seam set,3.0,import_until_gap_resolved,defer_split_import_fallback,composite,steel,import_receiving_basic_v0,updated_material,medium_high,structural_vacuum_qa,"Material is local-plausible, but leak/seal/surface/large-panel distortion qualification is not closed.",kb/items/parts/ebf3_cabin_wall_panel_seam_set.yaml
ebf3_cabin_wall_panel_set,EBF3 cabin wall panel set,34.0,import_until_gap_resolved,route_gap,steel,steel,sheet_metal_cutting_v0,no_material_change,medium_high,structural_vacuum_qa,"Material is local-plausible, but leak/seal/surface/large-panel distortion qualification is not closed.",kb/items/parts/ebf3_cabin_wall_panel_set.yaml
ebf3_cabin_wall_stiffener_set,EBF3 cabin wall stiffener set,8.0,sensitivity_flag,lunar_candidate_flagged,steel,steel,sheet_metal_cutting_v0,no_material_change,medium_high,structural_vacuum_qa,"Material is local-plausible, but leak/seal/surface/large-panel distortion qualification is not closed.",kb/items/parts/ebf3_cabin_wall_stiffener_set.yaml
ebf3_cabin_wire_feeder_port_flange_ring,EBF3 cabin wire-feeder port flange ring,6.0,sensitivity_flag,lunar_candidate_flagged,steel,steel,machining_basic_v0,no_material_change,medium_high,structural_vacuum_qa,"Material is local-plausible, but leak/seal/surface/large-panel distortion qualification is not closed.",kb/items/parts/ebf3_cabin_wire_feeder_port_flange_ring.yaml
ebf3_cabin_wire_feeder_port_reinforcement_ring,EBF3 cabin wire-feeder port reinforcement ring,4.0,local_nominal,lunar_candidate,steel,steel,machining_basic_v0,no_material_change,medium_high,structural_vacuum_qa,"Material is local-plausible, but leak/seal/surface/large-panel distortion qualification is not closed.",kb/items/parts/ebf3_cabin_wire_feeder_port_reinforcement_ring.yaml
ebf3_can_bus_connector_set,EBF3 can bus connector set,0.15,import_nominal,import_as_leaf,electronic,electronic,import_receiving_basic_v0,keep_as_complex_import_or_defer,very_high,import_as_complex_item,"Electronics/software are not decomposed into semiconductor, PCB, passives, and packaging routes; keep import unless explicitly decomposed.",kb/items/parts/ebf3_can_bus_connector_set.yaml
ebf3_can_bus_interface_shield,EBF3 can bus interface shield,0.1,local_nominal,lunar_candidate,aluminum,aluminum,sheet_metal_fabrication_v0,no_material_change,medium_high,electrical_conductor_route,Conductor material is plausible only with drawing/insulation/termination/field or vacuum electrical tests; copper is import/recycle constrained.,kb/items/parts/ebf3_can_bus_interface_shield.yaml
ebf3_can_transceiver_board,EBF3 can transceiver board,0.25,import_nominal,import_as_leaf,electronic,electronic,import_receiving_basic_v0,keep_as_complex_import_or_defer,very_high,import_as_complex_item,"Electronics/software are not decomposed into semiconductor, PCB, passives, and packaging routes; keep import unless explicitly decomposed.",kb/items/parts/ebf3_can_transceiver_board.yaml
ebf3_control_computer_io_connector_set,EBF3 control computer io connector set,0.5,import_nominal,import_as_leaf,electronic,electronic,import_receiving_basic_v0,keep_as_complex_import_or_defer,very_high,import_as_complex_item,"Electronics/software are not decomposed into semiconductor, PCB, passives, and packaging routes; keep import unless explicitly decomposed.",kb/items/parts/ebf3_control_computer_io_connector_set.yaml
ebf3_control_computer_processor_board,EBF3 control computer processor board,1.2,import_nominal,import_as_leaf,electronic,electronic,import_receiving_basic_v0,keep_as_complex_import_or_defer,very_high,import_as_complex_item,"Electronics/software are not decomposed into semiconductor, PCB, passives, and packaging routes; keep import unless explicitly decomposed.",kb/items/parts/ebf3_control_computer_processor_board.yaml
ebf3_control_computer_storage_module,EBF3 control computer storage module,0.3,import_nominal,import_as_leaf,electronic,electronic,import_receiving_basic_v0,keep_as_complex_import_or_defer,very_high,import_as_complex_item,"Electronics/software are not decomposed into semiconductor, PCB, passives, and packaging routes; keep import unless explicitly decomposed.",kb/items/parts/ebf3_control_computer_storage_module.yaml
ebf3_control_software,EBF3 control software,0.01,import_nominal,import_as_leaf,software,software,import_receiving_basic_v0,no_material_change,very_high,import_as_complex_item,"Electronics/software are not decomposed into semiconductor, PCB, passives, and packaging routes; keep import unless explicitly decomposed.",kb/items/parts/ebf3_control_software.yaml
ebf3_controls_cabinet_cable_duct_set,EBF3 controls cabinet cable duct set,0.7,import_nominal,earth_import,polymer,engineering_polymer,import_receiving_basic_v0,updated_material,high,polymer_or_special_chemistry,"Polymer, elastomer, oil, TIM, and friction materials depend on organics/special chemistry and vacuum/HV qualification.",kb/items/parts/ebf3_controls_cabinet_cable_duct_set.yaml
ebf3_controls_cabinet_door_and_latch,EBF3 controls cabinet door and latch,0.69,sensitivity_flag,lunar_candidate_flagged,steel,steel,sheet_metal_cutting_v0,no_material_change,medium_high,structural_vacuum_qa,"Material is local-plausible, but leak/seal/surface/large-panel distortion qualification is not closed.",kb/items/parts/ebf3_controls_cabinet_door_and_latch.yaml
ebf3_controls_cabinet_mounting_rail_set,EBF3 controls cabinet mounting rail set,0.9,local_nominal,lunar_candidate,steel,steel,sheet_metal_cutting_v0,no_material_change,low,ordinary_metal_route,"Material and broad process route are plausible; remaining issues are geometry, stock form, and inspection detail.",kb/items/parts/ebf3_controls_cabinet_mounting_rail_set.yaml
ebf3_controls_cabinet_panel_terminal_set,EBF3 controls cabinet panel terminal set,1.0,import_nominal,earth_import,electronic,electronic,import_receiving_basic_v0,keep_as_complex_import_or_defer,very_high,import_as_complex_item,"Electronics/software are not decomposed into semiconductor, PCB, passives, and packaging routes; keep import unless explicitly decomposed.",kb/items/parts/ebf3_controls_cabinet_panel_terminal_set.yaml
ebf3_data_logger_board,EBF3 data logger board,0.25,import_nominal,import_as_leaf,electronic,electronic,import_receiving_basic_v0,keep_as_complex_import_or_defer,very_high,import_as_complex_item,"Electronics/software are not decomposed into semiconductor, PCB, passives, and packaging routes; keep import unless explicitly decomposed.",kb/items/parts/ebf3_data_logger_board.yaml
ebf3_data_logger_connector_set,EBF3 data logger connector set,0.05,import_nominal,import_as_leaf,electronic,electronic,import_receiving_basic_v0,keep_as_complex_import_or_defer,very_high,import_as_complex_item,"Electronics/software are not decomposed into semiconductor, PCB, passives, and packaging routes; keep import unless explicitly decomposed.",kb/items/parts/ebf3_data_logger_connector_set.yaml
ebf3_data_logger_storage_module,EBF3 data logger storage module,0.1,import_nominal,import_as_leaf,electronic,electronic,import_receiving_basic_v0,keep_as_complex_import_or_defer,very_high,import_as_complex_item,"Electronics/software are not decomposed into semiconductor, PCB, passives, and packaging routes; keep import unless explicitly decomposed.",kb/items/parts/ebf3_data_logger_storage_module.yaml
ebf3_dc_link_busbar_set,EBF3 dc link busbar set,0.9,sensitivity_flag,lunar_candidate_flagged,aluminum,aluminum,machining_basic_v0,no_material_change,low,ordinary_metal_route,"Material and broad process route are plausible; remaining issues are geometry, stock form, and inspection detail.",kb/items/parts/ebf3_dc_link_busbar_set.yaml
ebf3_dc_link_capacitor_module_set,EBF3 dc link capacitor module set,3.0,import_nominal,import_as_leaf,electronic,electronic,import_receiving_basic_v0,keep_as_complex_import_or_defer,very_high,import_as_complex_item,"Electronics/software are not decomposed into semiconductor, PCB, passives, and packaging routes; keep import unless explicitly decomposed.",kb/items/parts/ebf3_dc_link_capacitor_module_set.yaml
ebf3_dc_link_discharge_resistor_set,EBF3 dc link discharge resistor set,0.4,import_nominal,import_as_leaf,electronic,electronic,import_receiving_basic_v0,keep_as_complex_import_or_defer,very_high,import_as_complex_item,"Electronics/software are not decomposed into semiconductor, PCB, passives, and packaging routes; keep import unless explicitly decomposed.",kb/items/parts/ebf3_dc_link_discharge_resistor_set.yaml
ebf3_dc_link_mounting_frame,EBF3 dc link mounting frame,0.7,local_nominal,lunar_candidate,steel,steel,machining_basic_v0,no_material_change,low,ordinary_metal_route,"Material and broad process route are plausible; remaining issues are geometry, stock form, and inspection detail.",kb/items/parts/ebf3_dc_link_mounting_frame.yaml
ebf3_disconnect_switch_actuator,EBF3 disconnect switch actuator,0.4,import_nominal,earth_import,polymer,engineering_polymer,silicone_rubber_vulcanization_v0,updated_material,high,polymer_or_special_chemistry,"Polymer, elastomer, oil, TIM, and friction materials depend on organics/special chemistry and vacuum/HV qualification.",kb/items/parts/ebf3_disconnect_switch_actuator.yaml
ebf3_disconnect_switch_contact_set,EBF3 disconnect switch contact set,0.7,import_nominal,import_as_leaf,electronic,electronic,import_receiving_basic_v0,keep_as_complex_import_or_defer,very_high,import_as_complex_item,"Electronics/software are not decomposed into semiconductor, PCB, passives, and packaging routes; keep import unless explicitly decomposed.",kb/items/parts/ebf3_disconnect_switch_contact_set.yaml
ebf3_disconnect_switch_housing,EBF3 disconnect switch housing,0.6,local_nominal,lunar_candidate,steel_or_aluminum,steel,machining_basic_v0,updated_material,low,ordinary_metal_route,"Material and broad process route are plausible; remaining issues are geometry, stock form, and inspection detail.",kb/items/parts/ebf3_disconnect_switch_housing.yaml
ebf3_disconnect_switch_terminal_set,EBF3 disconnect switch terminal set,0.3,import_nominal,earth_import,electronic,electronic,import_receiving_basic_v0,keep_as_complex_import_or_defer,very_high,import_as_complex_item,"Electronics/software are not decomposed into semiconductor, PCB, passives, and packaging routes; keep import unless explicitly decomposed.",kb/items/parts/ebf3_disconnect_switch_terminal_set.yaml
ebf3_drive_roll_carrier_body,EBF3 drive roll carrier body,0.11,local_nominal,lunar_candidate,steel,steel,machining_basic_v0,no_material_change,low,ordinary_metal_route,"Material and broad process route are plausible; remaining issues are geometry, stock form, and inspection detail.",kb/items/parts/ebf3_drive_roll_carrier_body.yaml
ebf3_drive_roll_carrier_spacer,EBF3 drive roll carrier spacer,0.1,local_nominal,lunar_candidate,steel,steel,machining_basic_v0,no_material_change,low,ordinary_metal_route,"Material and broad process route are plausible; remaining issues are geometry, stock form, and inspection detail.",kb/items/parts/ebf3_drive_roll_carrier_spacer.yaml
ebf3_drive_roll_cover_fastener_tab_set,EBF3 drive roll cover fastener tab set,0.12,local_nominal,lunar_candidate,steel,steel,machining_basic_v0,no_material_change,low,ordinary_metal_route,"Material and broad process route are plausible; remaining issues are geometry, stock form, and inspection detail.",kb/items/parts/ebf3_drive_roll_cover_fastener_tab_set.yaml
ebf3_drive_roll_cover_shell,EBF3 drive roll cover shell,0.48,sensitivity_flag,lunar_candidate_flagged,steel,steel,metal_forming_basic_v0,no_material_change,low,ordinary_metal_route,"Material and broad process route are plausible; remaining issues are geometry, stock form, and inspection detail.",kb/items/parts/ebf3_drive_roll_cover_shell.yaml
ebf3_ebf_wire_guide_tip_body,EBF3 ebf wire guide tip body,0.12,import_until_gap_resolved,route_gap,hardened_steel,hardened_steel,steel_shaft_machining_v0,no_material_change,high,precision_heat_treat_metrology,"Base steel may be lunar-plausible, but heat treatment, grinding, fatigue, preload, lubrication, and metrology are not closed.",kb/items/parts/ebf3_ebf_wire_guide_tip_body.yaml
ebf3_ebf_wire_guide_tip_mounting_feature,EBF3 ebf wire guide tip mounting feature,0.03,local_nominal,lunar_candidate,steel,steel,machining_basic_v0,no_material_change,low,ordinary_metal_route,"Material and broad process route are plausible; remaining issues are geometry, stock form, and inspection detail.",kb/items/parts/ebf3_ebf_wire_guide_tip_mounting_feature.yaml
ebf3_ebf_wire_guide_tip_wear_orifice,EBF3 ebf wire guide tip wear orifice,0.05,import_until_gap_resolved,route_gap,ceramic,ceramic,ceramic_forming_basic_v0,no_material_change,high,ceramic_glass_precision_or_hv_qa,"Lunar feedstock is plausible, but dielectric/optical/hermetic/metallized/precision finishing QA is not closed.",kb/items/parts/ebf3_ebf_wire_guide_tip_wear_orifice.yaml
ebf3_emi_filter_capacitor_set,EBF3 emi filter capacitor set,0.7,import_nominal,import_as_leaf,electronic,electronic,import_receiving_basic_v0,keep_as_complex_import_or_defer,very_high,import_as_complex_item,"Electronics/software are not decomposed into semiconductor, PCB, passives, and packaging routes; keep import unless explicitly decomposed.",kb/items/parts/ebf3_emi_filter_capacitor_set.yaml
ebf3_emi_filter_choke_bobbin_or_insulation_set,EBF3 EMI filter choke bobbin or insulation set,0.12,sensitivity_flag,lunar_candidate_flagged,insulator,alumina_ceramic,ceramic_forming_basic_v0,updated_material,medium,ceramic_forming_sintering_qa,"Ceramic feedstock and forming are plausible, but shrinkage, density, finish, and inspection remain sensitivity items.",kb/items/parts/ebf3_emi_filter_choke_bobbin_or_insulation_set.yaml
ebf3_emi_filter_choke_core_set,EBF3 EMI filter choke core set,0.25,import_until_gap_resolved,route_gap,magnetic_material,ferrite,ferrite_sintering_process_v0,updated_material,high,magnetic_property_qa,"Shape/material may be plausible, but permeability/loss/lamination/ferrite composition/anneal and magnetic acceptance are not closed.",kb/items/parts/ebf3_emi_filter_choke_core_set.yaml
ebf3_emi_filter_choke_mounting_base_set,EBF3 EMI filter choke mounting base set,0.07,local_nominal,lunar_candidate,steel_or_aluminum,steel,machining_basic_v0,updated_material,low,ordinary_metal_route,"Material and broad process route are plausible; remaining issues are geometry, stock form, and inspection detail.",kb/items/parts/ebf3_emi_filter_choke_mounting_base_set.yaml
ebf3_emi_filter_choke_terminal_set,EBF3 EMI filter choke terminal set,0.06,sensitivity_flag,lunar_candidate_flagged,conductive_metal,aluminum,machining_basic_v0,updated_material,low,ordinary_metal_route,"Material and broad process route are plausible; remaining issues are geometry, stock form, and inspection detail.",kb/items/parts/ebf3_emi_filter_choke_terminal_set.yaml
ebf3_emi_filter_choke_winding_set,EBF3 EMI filter choke winding set,0.3,import_nominal,earth_import,copper,copper,import_receiving_basic_v0,no_material_change,medium_high,electrical_conductor_route,Conductor material is plausible only with drawing/insulation/termination/field or vacuum electrical tests; copper is import/recycle constrained.,kb/items/parts/ebf3_emi_filter_choke_winding_set.yaml
ebf3_emi_filter_enclosure,EBF3 emi filter enclosure,0.3,local_nominal,lunar_candidate,steel,steel,sheet_metal_fabrication_v0,no_material_change,low,ordinary_metal_route,"Material and broad process route are plausible; remaining issues are geometry, stock form, and inspection detail.",kb/items/parts/ebf3_emi_filter_enclosure.yaml
ebf3_emi_filter_terminal_set,EBF3 emi filter terminal set,0.2,import_nominal,earth_import,electronic,electronic,import_receiving_basic_v0,keep_as_complex_import_or_defer,very_high,import_as_complex_item,"Electronics/software are not decomposed into semiconductor, PCB, passives, and packaging routes; keep import unless explicitly decomposed.",kb/items/parts/ebf3_emi_filter_terminal_set.yaml
ebf3_feed_liner_end_ferrule_set,EBF3 feed liner end ferrule set,0.08,local_nominal,lunar_candidate,steel,steel,machining_basic_v0,no_material_change,low,ordinary_metal_route,"Material and broad process route are plausible; remaining issues are geometry, stock form, and inspection detail.",kb/items/parts/ebf3_feed_liner_end_ferrule_set.yaml
ebf3_feed_liner_tube,EBF3 feed liner tube,0.28,sensitivity_flag,lunar_candidate_flagged,composite,steel,tube_bending_and_cutting_v0,refined_to_simulation_material,medium,wire_feed_wear_and_cleanliness,"Steel tube-stock route is local-plausible, but liner bore finish, wear, burr control, and vacuum cleanliness remain acceptance gates.",kb/items/parts/ebf3_feed_liner_tube.yaml
ebf3_fixed_side_screw_angular_contact_bearing_set,EBF3 fixed-side screw angular-contact bearing set,0.35,import_until_gap_resolved,defer_split_import_fallback,precision_metal,bearing_steel,import_receiving_basic_v0,updated_material,high,precision_heat_treat_metrology,"Base steel may be lunar-plausible, but heat treatment, grinding, fatigue, preload, lubrication, and metrology are not closed.",kb/items/parts/ebf3_fixed_side_screw_angular_contact_bearing_set.yaml
ebf3_fixed_side_screw_bearing_block_body_set,EBF3 fixed-side screw bearing block body set,0.5,local_nominal,lunar_candidate,precision_metal,steel,machining_basic_v0,updated_material,high,precision_heat_treat_metrology,"Base steel may be lunar-plausible, but heat treatment, grinding, fatigue, preload, lubrication, and metrology are not closed.",kb/items/parts/ebf3_fixed_side_screw_bearing_block_body_set.yaml
ebf3_fixed_side_screw_bearing_retainer_set,EBF3 fixed-side screw bearing retainer set,0.15,sensitivity_flag,lunar_candidate_flagged,steel,steel,machining_basic_v0,no_material_change,high,precision_heat_treat_metrology,"Base steel may be lunar-plausible, but heat treatment, grinding, fatigue, preload, lubrication, and metrology are not closed.",kb/items/parts/ebf3_fixed_side_screw_bearing_retainer_set.yaml
ebf3_floating_side_screw_bearing_block_body_set,EBF3 floating-side screw bearing block body set,0.55,local_nominal,lunar_candidate,precision_metal,steel,machining_basic_v0,updated_material,high,precision_heat_treat_metrology,"Base steel may be lunar-plausible, but heat treatment, grinding, fatigue, preload, lubrication, and metrology are not closed.",kb/items/parts/ebf3_floating_side_screw_bearing_block_body_set.yaml
ebf3_floating_side_screw_bearing_retainer_set,EBF3 floating-side screw bearing retainer set,0.15,local_nominal,lunar_candidate,steel,steel,machining_basic_v0,no_material_change,high,precision_heat_treat_metrology,"Base steel may be lunar-plausible, but heat treatment, grinding, fatigue, preload, lubrication, and metrology are not closed.",kb/items/parts/ebf3_floating_side_screw_bearing_retainer_set.yaml
ebf3_floating_side_screw_radial_bearing_set,EBF3 floating-side screw radial bearing set,0.3,import_until_gap_resolved,defer_split_import_fallback,precision_metal,bearing_steel,import_receiving_basic_v0,updated_material,high,precision_heat_treat_metrology,"Base steel may be lunar-plausible, but heat treatment, grinding, fatigue, preload, lubrication, and metrology are not closed.",kb/items/parts/ebf3_floating_side_screw_radial_bearing_set.yaml
ebf3_full_bridge_dc_busbar_set,EBF3 full bridge dc busbar set,0.9,sensitivity_flag,lunar_candidate_flagged,aluminum,aluminum,machining_basic_v0,no_material_change,low,ordinary_metal_route,"Material and broad process route are plausible; remaining issues are geometry, stock form, and inspection detail.",kb/items/parts/ebf3_full_bridge_dc_busbar_set.yaml
ebf3_full_bridge_gate_driver_board_set,EBF3 full bridge gate driver board set,0.8,import_nominal,import_as_leaf,electronic,electronic,import_receiving_basic_v0,keep_as_complex_import_or_defer,very_high,import_as_complex_item,"Electronics/software are not decomposed into semiconductor, PCB, passives, and packaging routes; keep import unless explicitly decomposed.",kb/items/parts/ebf3_full_bridge_gate_driver_board_set.yaml
ebf3_full_bridge_heat_sink,EBF3 full bridge heat sink,1.5,sensitivity_flag,lunar_candidate_flagged,aluminum,aluminum,aluminum_housing_machining_v1,no_material_change,low,ordinary_metal_route,"Material and broad process route are plausible; remaining issues are geometry, stock form, and inspection detail.",kb/items/parts/ebf3_full_bridge_heat_sink.yaml
ebf3_full_bridge_power_semiconductor_module_set,EBF3 full bridge power semiconductor module set,2.2,import_nominal,import_as_leaf,electronic,electronic,import_receiving_basic_v0,keep_as_complex_import_or_defer,very_high,import_as_complex_item,"Electronics/software are not decomposed into semiconductor, PCB, passives, and packaging routes; keep import unless explicitly decomposed.",kb/items/parts/ebf3_full_bridge_power_semiconductor_module_set.yaml
ebf3_full_bridge_snubber_component_set,EBF3 full bridge snubber component set,0.6,import_nominal,import_as_leaf,electronic,electronic,import_receiving_basic_v0,keep_as_complex_import_or_defer,very_high,import_as_complex_item,"Electronics/software are not decomposed into semiconductor, PCB, passives, and packaging routes; keep import unless explicitly decomposed.",kb/items/parts/ebf3_full_bridge_snubber_component_set.yaml
ebf3_gun_anode,EBF3 gun anode,0.25,import_nominal,earth_import,refractory_metal,refractory_metal,import_receiving_basic_v0,no_material_change,very_high,scarce_or_specialty_material,Trace/scarce/specialty alloy dependence; local route should not be assumed without explicit material production and QA.,kb/items/parts/ebf3_gun_anode.yaml
ebf3_gun_beam_boundary_collector_electrode,EBF3 gun beam-boundary collector electrode,0.12,import_nominal,earth_import,conductive_metal,refractory_metal,tungsten_sintering_high_temp_v0,updated_material,very_high,scarce_or_specialty_material,Trace/scarce/specialty alloy dependence; local route should not be assumed without explicit material production and QA.,kb/items/parts/ebf3_gun_beam_boundary_collector_electrode.yaml
ebf3_gun_beam_boundary_pickup_insulator,EBF3 gun beam-boundary pickup insulator,0.06,import_until_gap_resolved,route_gap,ceramic,ceramic,ceramic_forming_basic_v0,no_material_change,medium,ceramic_forming_sintering_qa,"Ceramic feedstock and forming are plausible, but shrinkage, density, finish, and inspection remain sensitivity items.",kb/items/parts/ebf3_gun_beam_boundary_pickup_insulator.yaml
ebf3_gun_cathode,EBF3 gun cathode,0.02,import_nominal,import_as_leaf,scarce_trace_refractory_metal,scarce_trace_refractory_metal,import_receiving_basic_v0,no_material_change,very_high,scarce_or_specialty_material,Trace/scarce/specialty alloy dependence; local route should not be assumed without explicit material production and QA.,kb/items/parts/ebf3_gun_cathode.yaml
ebf3_gun_cathode_cartridge_base,EBF3 gun cathode cartridge base,0.18,import_until_gap_resolved,defer_split_import_fallback,composite,composite,import_receiving_basic_v0,keep_as_complex_import_or_defer,high,unresolved_material_system,Composite label remains unresolved; item needs BOM decomposition or import treatment.,kb/items/parts/ebf3_gun_cathode_cartridge_base.yaml
ebf3_gun_cathode_ceramic_standoff_set,EBF3 gun cathode ceramic standoff set,0.05,import_until_gap_resolved,route_gap,ceramic,ceramic,ceramic_forming_basic_v0,no_material_change,medium,ceramic_forming_sintering_qa,"Ceramic feedstock and forming are plausible, but shrinkage, density, finish, and inspection remain sensitivity items.",kb/items/parts/ebf3_gun_cathode_ceramic_standoff_set.yaml
ebf3_gun_cathode_current_lead_pair,EBF3 gun cathode current lead pair,0.1,import_nominal,import_as_leaf,scarce_trace_refractory_metal,scarce_trace_refractory_metal,import_receiving_basic_v0,no_material_change,very_high,scarce_or_specialty_material,Trace/scarce/specialty alloy dependence; local route should not be assumed without explicit material production and QA.,kb/items/parts/ebf3_gun_cathode_current_lead_pair.yaml
ebf3_gun_cathode_hot_contact_pair,EBF3 gun cathode hot contact pair,0.03,import_nominal,import_as_leaf,scarce_trace_refractory_metal,scarce_trace_refractory_metal,import_receiving_basic_v0,no_material_change,very_high,scarce_or_specialty_material,Trace/scarce/specialty alloy dependence; local route should not be assumed without explicit material production and QA.,kb/items/parts/ebf3_gun_cathode_hot_contact_pair.yaml
ebf3_gun_cathode_lead_termination_set,EBF3 gun cathode lead termination set,0.05,import_nominal,import_as_leaf,composite,composite,import_receiving_basic_v0,keep_as_complex_import_or_defer,high,unresolved_material_system,Composite label remains unresolved; item needs BOM decomposition or import treatment.,kb/items/parts/ebf3_gun_cathode_lead_termination_set.yaml
ebf3_gun_cathode_locating_clamp,EBF3 gun cathode locating clamp,0.04,import_nominal,earth_import,refractory_metal,refractory_metal,none,no_material_change,very_high,scarce_or_specialty_material,Trace/scarce/specialty alloy dependence; local route should not be assumed without explicit material production and QA.,kb/items/parts/ebf3_gun_cathode_locating_clamp.yaml
ebf3_gun_cathode_radiation_shield_clip_set,EBF3 gun cathode radiation shield clip set,0.01,import_until_gap_resolved,route_gap,refractory_metal,refractory_metal,machining_basic_v0,no_material_change,very_high,scarce_or_specialty_material,Trace/scarce/specialty alloy dependence; local route should not be assumed without explicit material production and QA.,kb/items/parts/ebf3_gun_cathode_radiation_shield_clip_set.yaml
ebf3_gun_cathode_radiation_shield_foil_stack,EBF3 gun cathode radiation shield foil stack,0.07,import_nominal,earth_import,refractory_metal,refractory_metal,import_receiving_basic_v0,no_material_change,very_high,scarce_or_specialty_material,Trace/scarce/specialty alloy dependence; local route should not be assumed without explicit material production and QA.,kb/items/parts/ebf3_gun_cathode_radiation_shield_foil_stack.yaml
ebf3_gun_cathode_radiation_shield_spacer_set,EBF3 gun cathode radiation shield spacer set,0.02,import_nominal,earth_import,refractory_metal,refractory_metal,none,no_material_change,very_high,scarce_or_specialty_material,Trace/scarce/specialty alloy dependence; local route should not be assumed without explicit material production and QA.,kb/items/parts/ebf3_gun_cathode_radiation_shield_spacer_set.yaml
ebf3_gun_column_body_shell,EBF3 gun column body shell,2.2,sensitivity_flag,lunar_candidate_flagged,vacuum_structural_metal,steel,machining_basic_v0,updated_material,low,ordinary_metal_route,"Material and broad process route are plausible; remaining issues are geometry, stock form, and inspection detail.",kb/items/parts/ebf3_gun_column_body_shell.yaml
ebf3_gun_column_gun_side_mating_flange,EBF3 gun column gun-side mating flange,0.55,sensitivity_flag,lunar_candidate_flagged,vacuum_structural_metal,steel,machining_basic_v0,updated_material,low,ordinary_metal_route,"Material and broad process route are plausible; remaining issues are geometry, stock form, and inspection detail.",kb/items/parts/ebf3_gun_column_gun_side_mating_flange.yaml
ebf3_gun_column_internal_support_frame,EBF3 gun column internal support frame,0.75,sensitivity_flag,lunar_candidate_flagged,vacuum_structural_metal,steel,machining_basic_v0,updated_material,medium_high,structural_vacuum_qa,"Material is local-plausible, but leak/seal/surface/large-panel distortion qualification is not closed.",kb/items/parts/ebf3_gun_column_internal_support_frame.yaml
ebf3_gun_column_optical_axis_datum_set,EBF3 gun column optical-axis datum set,0.25,import_until_gap_resolved,route_gap,precision_metal,precision_steel,steel_shaft_machining_v0,updated_material,medium_high,structural_vacuum_qa,"Material is local-plausible, but leak/seal/surface/large-panel distortion qualification is not closed.",kb/items/parts/ebf3_gun_column_optical_axis_datum_set.yaml
ebf3_gun_control_electrode,EBF3 gun control electrode,0.08,import_nominal,earth_import,refractory_metal,refractory_metal,none,no_material_change,very_high,scarce_or_specialty_material,Trace/scarce/specialty alloy dependence; local route should not be assumed without explicit material production and QA.,kb/items/parts/ebf3_gun_control_electrode.yaml
ebf3_gun_control_electrode_insulator,EBF3 gun control electrode insulator,0.12,import_nominal,earth_import,ceramic,ceramic,import_receiving_basic_v0,no_material_change,medium,ceramic_forming_sintering_qa,"Ceramic feedstock and forming are plausible, but shrinkage, density, finish, and inspection remain sensitivity items.",kb/items/parts/ebf3_gun_control_electrode_insulator.yaml
ebf3_gun_deflection_magnetic_yoke,EBF3 gun deflection magnetic yoke,0.4,import_until_gap_resolved,defer_split_import_fallback,composite,electrical_steel_or_soft_iron,import_receiving_basic_v0,updated_material,high,magnetic_property_qa,"Shape/material may be plausible, but permeability/loss/lamination/ferrite composition/anneal and magnetic acceptance are not closed.",kb/items/parts/ebf3_gun_deflection_magnetic_yoke.yaml
ebf3_gun_deflection_x_coil_pair,EBF3 gun X-axis deflection coil pair,0.3,sensitivity_flag,lunar_candidate_flagged,copper,copper,coil_winding_basic_v0,keep_flagged_local_after_user_review,medium_high,electrical_conductor_route_flagged_local,"Coil geometry is credited to coil_winding_machine for first-pass local simulation; conductor source, vacuum insulation, thermal rise, and field acceptance remain flags.",kb/items/parts/ebf3_gun_deflection_x_coil_pair.yaml
ebf3_gun_deflection_y_coil_pair,EBF3 gun Y-axis deflection coil pair,0.3,sensitivity_flag,lunar_candidate_flagged,copper,copper,coil_winding_basic_v0,keep_flagged_local_after_user_review,medium_high,electrical_conductor_route_flagged_local,"Coil geometry is credited to coil_winding_machine for first-pass local simulation; conductor source, vacuum insulation, thermal rise, and field acceptance remain flags.",kb/items/parts/ebf3_gun_deflection_y_coil_pair.yaml
ebf3_gun_diagnostic_signal_feedthrough_insert,EBF3 gun diagnostic signal feedthrough insert,0.18,import_nominal,import_as_leaf,composite,composite,import_receiving_basic_v0,keep_as_complex_import_or_defer,high,unresolved_material_system,Composite label remains unresolved; item needs BOM decomposition or import treatment.,kb/items/parts/ebf3_gun_diagnostic_signal_feedthrough_insert.yaml
ebf3_gun_dynamic_lens_coil_assembly,EBF3 gun dynamic lens coil assembly,0.5,sensitivity_flag,lunar_candidate_flagged,copper,copper,coil_winding_basic_v0,keep_flagged_local_after_user_review,medium_high,electrical_conductor_route_flagged_local,"Coil geometry is credited to coil_winding_machine for first-pass local simulation; conductor source, vacuum insulation, thermal rise, and field acceptance remain flags.",kb/items/parts/ebf3_gun_dynamic_lens_coil_assembly.yaml
ebf3_gun_dynamic_lens_pole_pieces,EBF3 gun dynamic lens pole pieces,0.3,import_until_gap_resolved,route_gap,electrical_steel_or_soft_iron,electrical_steel_or_soft_iron,machining_basic_v0,no_material_change,high,magnetic_property_qa,"Shape/material may be plausible, but permeability/loss/lamination/ferrite composition/anneal and magnetic acceptance are not closed.",kb/items/parts/ebf3_gun_dynamic_lens_pole_pieces.yaml
ebf3_gun_dynamic_lens_yoke,EBF3 gun dynamic lens yoke,0.4,import_until_gap_resolved,route_gap,electrical_steel_or_soft_iron,electrical_steel_or_soft_iron,electrical_steel_production_v0,no_material_change,high,magnetic_property_qa,"Shape/material may be plausible, but permeability/loss/lamination/ferrite composition/anneal and magnetic acceptance are not closed.",kb/items/parts/ebf3_gun_dynamic_lens_yoke.yaml
ebf3_gun_feeder_adapter_body,EBF3 gun-feeder adapter body,0.42,sensitivity_flag,lunar_candidate_flagged,vacuum_structural_metal,steel,steel_shaft_machining_v0,updated_material,low,ordinary_metal_route,"Material and broad process route are plausible; remaining issues are geometry, stock form, and inspection detail.",kb/items/parts/ebf3_gun_feeder_adapter_body.yaml
ebf3_gun_feeder_wire_path_alignment_sleeve,EBF3 gun-feeder wire-path alignment sleeve,0.12,local_nominal,lunar_candidate,steel,steel,machining_basic_v0,no_material_change,low,ordinary_metal_route,"Material and broad process route are plausible; remaining issues are geometry, stock form, and inspection detail.",kb/items/parts/ebf3_gun_feeder_wire_path_alignment_sleeve.yaml
ebf3_gun_hv_input_central_conductor,EBF3 gun HV input central conductor,0.18,sensitivity_flag,lunar_candidate_flagged,conductive_metal,aluminum,machining_basic_v0,updated_material,medium_high,electrical_conductor_route,Conductor material is plausible only with drawing/insulation/termination/field or vacuum electrical tests; copper is import/recycle constrained.,kb/items/parts/ebf3_gun_hv_input_central_conductor.yaml
ebf3_gun_hv_input_flange_housing,EBF3 gun HV input flange housing,0.28,sensitivity_flag,lunar_candidate_flagged,steel,steel,machining_basic_v0,no_material_change,low,ordinary_metal_route,"Material and broad process route are plausible; remaining issues are geometry, stock form, and inspection detail.",kb/items/parts/ebf3_gun_hv_input_flange_housing.yaml
ebf3_gun_hv_input_receiving_terminal,EBF3 gun HV input receiving terminal,0.14,import_nominal,import_as_leaf,composite,composite,import_receiving_basic_v0,keep_as_complex_import_or_defer,high,unresolved_material_system,Composite label remains unresolved; item needs BOM decomposition or import treatment.,kb/items/parts/ebf3_gun_hv_input_receiving_terminal.yaml
ebf3_gun_hv_insulator_ceramic_body,EBF3 gun HV insulator ceramic body,0.45,import_until_gap_resolved,route_gap,ceramic,ceramic,ceramic_forming_basic_v0,no_material_change,high,ceramic_glass_precision_or_hv_qa,"Lunar feedstock is plausible, but dielectric/optical/hermetic/metallized/precision finishing QA is not closed.",kb/items/parts/ebf3_gun_hv_insulator_ceramic_body.yaml
ebf3_gun_hv_insulator_field_grading_electrode_set,EBF3 gun HV insulator field grading electrode set,0.1,import_nominal,earth_import,conductive_metal,aluminum,none,updated_material,medium_high,structural_vacuum_qa,"Material is local-plausible, but leak/seal/surface/large-panel distortion qualification is not closed.",kb/items/parts/ebf3_gun_hv_insulator_field_grading_electrode_set.yaml
ebf3_gun_hv_insulator_metallized_end_interface_set,EBF3 gun HV insulator metallized end interface set,0.08,import_until_gap_resolved,route_gap,metal_ceramic_interface,metal_ceramic_interface,ceramic_forming_basic_v0,no_material_change,high,ceramic_glass_precision_or_hv_qa,"Lunar feedstock is plausible, but dielectric/optical/hermetic/metallized/precision finishing QA is not closed.",kb/items/parts/ebf3_gun_hv_insulator_metallized_end_interface_set.yaml
ebf3_gun_hv_insulator_mounting_collar_set,EBF3 gun HV insulator mounting collar set,0.12,import_until_gap_resolved,route_gap,alumina_ceramic,alumina_ceramic,ceramic_forming_basic_v0,no_material_change,high,ceramic_glass_precision_or_hv_qa,"Lunar feedstock is plausible, but dielectric/optical/hermetic/metallized/precision finishing QA is not closed.",kb/items/parts/ebf3_gun_hv_insulator_mounting_collar_set.yaml
ebf3_gun_local_diagnostic_signal_lead_set,EBF3 gun local diagnostic signal lead set,0.08,import_until_gap_resolved,defer_split_import_fallback,composite,composite,import_receiving_basic_v0,keep_as_complex_import_or_defer,high,unresolved_material_system,Composite label remains unresolved; item needs BOM decomposition or import treatment.,kb/items/parts/ebf3_gun_local_diagnostic_signal_lead_set.yaml
ebf3_gun_main_lens_coil_assembly,EBF3 gun main lens coil assembly,0.9,import_nominal,earth_import,copper,copper,import_receiving_basic_v0,no_material_change,medium_high,electrical_conductor_route,Conductor material is plausible only with drawing/insulation/termination/field or vacuum electrical tests; copper is import/recycle constrained.,kb/items/parts/ebf3_gun_main_lens_coil_assembly.yaml
ebf3_gun_main_lens_pole_pieces,EBF3 gun main lens pole pieces,0.7,import_until_gap_resolved,route_gap,electrical_steel_or_soft_iron,electrical_steel_or_soft_iron,machining_basic_v0,no_material_change,high,magnetic_property_qa,"Shape/material may be plausible, but permeability/loss/lamination/ferrite composition/anneal and magnetic acceptance are not closed.",kb/items/parts/ebf3_gun_main_lens_pole_pieces.yaml
ebf3_gun_main_lens_yoke,EBF3 gun main lens yoke,0.6,import_until_gap_resolved,route_gap,electrical_steel_or_soft_iron,electrical_steel_or_soft_iron,machining_basic_v0,no_material_change,high,magnetic_property_qa,"Shape/material may be plausible, but permeability/loss/lamination/ferrite composition/anneal and magnetic acceptance are not closed.",kb/items/parts/ebf3_gun_main_lens_yoke.yaml
ebf3_gun_screen_electrode,EBF3 gun screen electrode,0.08,import_nominal,earth_import,refractory_metal,refractory_metal,tungsten_sintering_high_temp_v0,no_material_change,very_high,scarce_or_specialty_material,Trace/scarce/specialty alloy dependence; local route should not be assumed without explicit material production and QA.,kb/items/parts/ebf3_gun_screen_electrode.yaml
ebf3_gun_secondary_electron_ring_collector,EBF3 gun secondary-electron ring collector,0.1,sensitivity_flag,lunar_candidate_flagged,conductive_metal,steel,machining_basic_v0,updated_material,low,ordinary_metal_route,"Material and broad process route are plausible; remaining issues are geometry, stock form, and inspection detail.",kb/items/parts/ebf3_gun_secondary_electron_ring_collector.yaml
ebf3_gun_secondary_pickup_insulator,EBF3 gun secondary pickup insulator,0.05,import_until_gap_resolved,route_gap,ceramic,ceramic,ceramic_forming_basic_v0,no_material_change,medium,ceramic_forming_sintering_qa,"Ceramic feedstock and forming are plausible, but shrinkage, density, finish, and inspection remain sensitivity items.",kb/items/parts/ebf3_gun_secondary_pickup_insulator.yaml
ebf3_gun_side_oil_tank,EBF3 gun-side oil tank,0.9,import_until_gap_resolved,defer_split_import_fallback,composite,composite,import_receiving_basic_v0,keep_as_complex_import_or_defer,high,unresolved_material_system,Composite label remains unresolved; item needs BOM decomposition or import treatment.,kb/items/parts/ebf3_gun_side_oil_tank.yaml
ebf3_gun_signal_shield_termination_interface,EBF3 gun signal shield termination interface,0.05,sensitivity_flag,lunar_candidate_flagged,conductive_metal,aluminum,machining_basic_v0,updated_material,medium_high,electrical_conductor_route,Conductor material is plausible only with drawing/insulation/termination/field or vacuum electrical tests; copper is import/recycle constrained.,kb/items/parts/ebf3_gun_signal_shield_termination_interface.yaml
ebf3_gun_trajectory_corrector_coil_set,EBF3 gun trajectory corrector coil set,0.3,import_nominal,import_as_leaf,electronic,electronic,import_receiving_basic_v0,keep_as_complex_import_or_defer,very_high,import_as_complex_item,"Electronics/software are not decomposed into semiconductor, PCB, passives, and packaging routes; keep import unless explicitly decomposed.",kb/items/parts/ebf3_gun_trajectory_corrector_coil_set.yaml
ebf3_gun_trajectory_corrector_insulator_set,EBF3 gun trajectory corrector insulator set,0.08,import_until_gap_resolved,route_gap,insulator,alumina_ceramic,ceramic_forming_basic_v0,updated_material,medium,ceramic_forming_sintering_qa,"Ceramic feedstock and forming are plausible, but shrinkage, density, finish, and inspection remain sensitivity items.",kb/items/parts/ebf3_gun_trajectory_corrector_insulator_set.yaml
ebf3_gun_trajectory_corrector_mount,EBF3 gun trajectory corrector mount,0.04,sensitivity_flag,lunar_candidate_flagged,steel,steel,machining_basic_v0,no_material_change,low,ordinary_metal_route,"Material and broad process route are plausible; remaining issues are geometry, stock form, and inspection detail.",kb/items/parts/ebf3_gun_trajectory_corrector_mount.yaml
ebf3_gun_trajectory_corrector_pole_piece_set,EBF3 gun trajectory corrector pole piece set,0.18,import_until_gap_resolved,route_gap,electrical_steel_or_soft_iron,electrical_steel_or_soft_iron,electrical_steel_production_v0,no_material_change,high,magnetic_property_qa,"Shape/material may be plausible, but permeability/loss/lamination/ferrite composition/anneal and magnetic acceptance are not closed.",kb/items/parts/ebf3_gun_trajectory_corrector_pole_piece_set.yaml
ebf3_heater_supply_current_regulator_board,EBF3 heater supply current regulator board,1.4,import_nominal,import_as_leaf,electronic,electronic,import_receiving_basic_v0,keep_as_complex_import_or_defer,very_high,import_as_complex_item,"Electronics/software are not decomposed into semiconductor, PCB, passives, and packaging routes; keep import unless explicitly decomposed.",kb/items/parts/ebf3_heater_supply_current_regulator_board.yaml
ebf3_heater_supply_enclosure,EBF3 heater supply enclosure,0.6,local_nominal,lunar_candidate,steel,steel,machining_basic_v0,no_material_change,low,ordinary_metal_route,"Material and broad process route are plausible; remaining issues are geometry, stock form, and inspection detail.",kb/items/parts/ebf3_heater_supply_enclosure.yaml
ebf3_heater_supply_heat_sink,EBF3 heater supply heat sink,1.2,sensitivity_flag,lunar_candidate_flagged,aluminum,aluminum,aluminum_housing_machining_v1,no_material_change,low,ordinary_metal_route,"Material and broad process route are plausible; remaining issues are geometry, stock form, and inspection detail.",kb/items/parts/ebf3_heater_supply_heat_sink.yaml
ebf3_heater_supply_output_terminal_set,EBF3 heater supply output terminal set,0.5,import_nominal,earth_import,electronic,electronic,import_receiving_basic_v0,keep_as_complex_import_or_defer,very_high,import_as_complex_item,"Electronics/software are not decomposed into semiconductor, PCB, passives, and packaging routes; keep import unless explicitly decomposed.",kb/items/parts/ebf3_heater_supply_output_terminal_set.yaml
ebf3_heater_supply_power_stage,EBF3 heater supply power stage,1.3,import_nominal,import_as_leaf,electronic,electronic,import_receiving_basic_v0,keep_as_complex_import_or_defer,very_high,import_as_complex_item,"Electronics/software are not decomposed into semiconductor, PCB, passives, and packaging routes; keep import unless explicitly decomposed.",kb/items/parts/ebf3_heater_supply_power_stage.yaml
ebf3_hv_bleeder_chain_insulating_support,EBF3 hv bleeder chain insulating support,0.16,import_until_gap_resolved,route_gap,insulator,alumina_ceramic,ceramic_sintering_process_v0,updated_material,high,ceramic_glass_precision_or_hv_qa,"Lunar feedstock is plausible, but dielectric/optical/hermetic/metallized/precision finishing QA is not closed.",kb/items/parts/ebf3_hv_bleeder_chain_insulating_support.yaml
ebf3_hv_bleeder_chain_terminal_set,EBF3 hv bleeder chain terminal set,0.08,import_nominal,import_as_leaf,conductive_metal,aluminum,import_receiving_basic_v0,updated_material,medium_high,structural_vacuum_qa,"Material is local-plausible, but leak/seal/surface/large-panel distortion qualification is not closed.",kb/items/parts/ebf3_hv_bleeder_chain_terminal_set.yaml
ebf3_hv_bleeder_resistor_element_stack,EBF3 hv bleeder resistor element stack,0.36,import_nominal,import_as_leaf,electronic,electronic,import_receiving_basic_v0,keep_as_complex_import_or_defer,very_high,import_as_complex_item,"Electronics/software are not decomposed into semiconductor, PCB, passives, and packaging routes; keep import unless explicitly decomposed.",kb/items/parts/ebf3_hv_bleeder_resistor_element_stack.yaml
ebf3_hv_cable_braided_shield,EBF3 HV cable braided shield,0.18,import_until_gap_resolved,route_gap,conductive_metal,aluminum,wire_forming_process_v0,updated_material,medium_high,electrical_conductor_route,Conductor material is plausible only with drawing/insulation/termination/field or vacuum electrical tests; copper is import/recycle constrained.,kb/items/parts/ebf3_hv_cable_braided_shield.yaml
ebf3_hv_cable_central_conductor,EBF3 HV cable central conductor,0.22,import_until_gap_resolved,route_gap,conductive_metal,aluminum,wire_drawing_aluminum_v0,updated_material,medium_high,electrical_conductor_route,Conductor material is plausible only with drawing/insulation/termination/field or vacuum electrical tests; copper is import/recycle constrained.,kb/items/parts/ebf3_hv_cable_central_conductor.yaml
ebf3_hv_cable_dielectric_insulation,EBF3 HV cable dielectric insulation,0.36,import_nominal,earth_import,polymer_dielectric,polymer_dielectric,power_cable_assembly_v0,no_material_change,high,polymer_or_special_chemistry,"Polymer, elastomer, oil, TIM, and friction materials depend on organics/special chemistry and vacuum/HV qualification.",kb/items/parts/ebf3_hv_cable_dielectric_insulation.yaml
ebf3_hv_cable_outer_jacket,EBF3 HV cable outer jacket,0.16,import_nominal,earth_import,polymer,vacuum_rated_polymer,import_receiving_basic_v0,updated_material,high,polymer_or_special_chemistry,"Polymer, elastomer, oil, TIM, and friction materials depend on organics/special chemistry and vacuum/HV qualification.",kb/items/parts/ebf3_hv_cable_outer_jacket.yaml
ebf3_hv_cable_semiconductive_stress_control_layer,EBF3 HV cable semiconductive stress-control layer,0.08,import_nominal,earth_import,conductive_polymer_composite,conductive_polymer_composite,none,no_material_change,high,polymer_or_special_chemistry,"Polymer, elastomer, oil, TIM, and friction materials depend on organics/special chemistry and vacuum/HV qualification.",kb/items/parts/ebf3_hv_cable_semiconductive_stress_control_layer.yaml
ebf3_hv_drain_valve,EBF3 HV tank drain valve,0.2,import_until_gap_resolved,route_gap,steel,steel,pressure_control_valve_assembly_v0,no_material_change,medium_high,structural_vacuum_qa,"Material is local-plausible, but leak/seal/surface/large-panel distortion qualification is not closed.",kb/items/parts/ebf3_hv_drain_valve.yaml
ebf3_hv_fill_port,EBF3 HV tank fill port,0.12,sensitivity_flag,lunar_candidate_flagged,steel,steel,steel_shaft_machining_v0,no_material_change,medium_high,structural_vacuum_qa,"Material is local-plausible, but leak/seal/surface/large-panel distortion qualification is not closed.",kb/items/parts/ebf3_hv_fill_port.yaml
ebf3_hv_lead_conductor_set,EBF3 HV lead conductor set,0.6,import_until_gap_resolved,route_gap,aluminum,aluminum,wire_drawing_aluminum_v0,no_material_change,medium_high,electrical_conductor_route,Conductor material is plausible only with drawing/insulation/termination/field or vacuum electrical tests; copper is import/recycle constrained.,kb/items/parts/ebf3_hv_lead_conductor_set.yaml
ebf3_hv_lead_support_standoff_set,EBF3 HV lead support standoff set,0.2,import_until_gap_resolved,route_gap,insulator,alumina_ceramic,ceramic_forming_basic_v0,updated_material,high,ceramic_glass_precision_or_hv_qa,"Lunar feedstock is plausible, but dielectric/optical/hermetic/metallized/precision finishing QA is not closed.",kb/items/parts/ebf3_hv_lead_support_standoff_set.yaml
ebf3_hv_output_filter_capacitor,EBF3 HV output filter capacitor,2.0,import_nominal,import_as_leaf,electronic,electronic,import_receiving_basic_v0,keep_as_complex_import_or_defer,very_high,import_as_complex_item,"Electronics/software are not decomposed into semiconductor, PCB, passives, and packaging routes; keep import unless explicitly decomposed.",kb/items/parts/ebf3_hv_output_filter_capacitor.yaml
ebf3_hv_pressure_relief_seal,EBF3 HV tank pressure relief seal,0.08,import_nominal,earth_import,polymer,vacuum_elastomer_or_metal_gasket,silicone_rubber_vulcanization_v0,updated_material,high,polymer_or_special_chemistry,"Polymer, elastomer, oil, TIM, and friction materials depend on organics/special chemistry and vacuum/HV qualification.",kb/items/parts/ebf3_hv_pressure_relief_seal.yaml
ebf3_hv_pressure_relief_valve_body,EBF3 HV tank pressure relief valve body,0.22,sensitivity_flag,lunar_candidate_flagged,steel,steel,machining_basic_v0,no_material_change,medium_high,structural_vacuum_qa,"Material is local-plausible, but leak/seal/surface/large-panel distortion qualification is not closed.",kb/items/parts/ebf3_hv_pressure_relief_valve_body.yaml
ebf3_hv_rectifier_stack_tank_side,EBF3 tank-side HV rectifier stack,2.5,import_nominal,import_as_leaf,electronic,electronic,import_receiving_basic_v0,keep_as_complex_import_or_defer,very_high,import_as_complex_item,"Electronics/software are not decomposed into semiconductor, PCB, passives, and packaging routes; keep import unless explicitly decomposed.",kb/items/parts/ebf3_hv_rectifier_stack_tank_side.yaml
ebf3_hv_return_current_monitor_insulating_mount,EBF3 hv return current monitor insulating mount,0.12,import_until_gap_resolved,route_gap,insulator,alumina_ceramic,ceramic_forming_basic_v0,updated_material,high,ceramic_glass_precision_or_hv_qa,"Lunar feedstock is plausible, but dielectric/optical/hermetic/metallized/precision finishing QA is not closed.",kb/items/parts/ebf3_hv_return_current_monitor_insulating_mount.yaml
ebf3_hv_return_current_monitor_signal_lead,EBF3 hv return current monitor signal lead,0.12,import_until_gap_resolved,defer_split_import_fallback,composite,composite,import_receiving_basic_v0,keep_as_complex_import_or_defer,high,unresolved_material_system,Composite label remains unresolved; item needs BOM decomposition or import treatment.,kb/items/parts/ebf3_hv_return_current_monitor_signal_lead.yaml
ebf3_hv_return_current_sensing_element,EBF3 hv return current sensing element,0.16,import_nominal,import_as_leaf,electronic,electronic,import_receiving_basic_v0,keep_as_complex_import_or_defer,very_high,import_as_complex_item,"Electronics/software are not decomposed into semiconductor, PCB, passives, and packaging routes; keep import unless explicitly decomposed.",kb/items/parts/ebf3_hv_return_current_sensing_element.yaml
ebf3_hv_rounded_terminal_set,EBF3 HV rounded terminal set,0.4,import_nominal,import_as_leaf,conductive_metal,aluminum,import_receiving_basic_v0,updated_material,medium_high,structural_vacuum_qa,"Material is local-plausible, but leak/seal/surface/large-panel distortion qualification is not closed.",kb/items/parts/ebf3_hv_rounded_terminal_set.yaml
ebf3_hv_service_plug_set,EBF3 HV tank service plug set,0.08,import_until_gap_resolved,defer_split_import_fallback,composite,composite,import_receiving_basic_v0,keep_as_complex_import_or_defer,high,unresolved_material_system,Composite label remains unresolved; item needs BOM decomposition or import treatment.,kb/items/parts/ebf3_hv_service_plug_set.yaml
ebf3_hv_tank_bonding_anchor,EBF3 HV tank bonding anchor,0.08,local_nominal,lunar_candidate,steel_or_aluminum,aluminum,machining_basic_v0,updated_material,medium_high,structural_vacuum_qa,"Material is local-plausible, but leak/seal/surface/large-panel distortion qualification is not closed.",kb/items/parts/ebf3_hv_tank_bonding_anchor.yaml
ebf3_hv_tank_ground_lug,EBF3 HV tank ground lug,0.12,local_nominal,lunar_candidate,steel_or_aluminum,aluminum,machining_basic_v0,updated_material,medium_high,structural_vacuum_qa,"Material is local-plausible, but leak/seal/surface/large-panel distortion qualification is not closed.",kb/items/parts/ebf3_hv_tank_ground_lug.yaml
ebf3_hv_tank_lid,EBF3 HV tank lid,2.0,sensitivity_flag,lunar_candidate_flagged,steel,steel,sheet_metal_cutting_v0,no_material_change,medium_high,structural_vacuum_qa,"Material is local-plausible, but leak/seal/surface/large-panel distortion qualification is not closed.",kb/items/parts/ebf3_hv_tank_lid.yaml
ebf3_hv_tank_lid_seal,EBF3 HV tank lid seal,0.5,import_until_gap_resolved,route_gap,polymer,vacuum_elastomer_or_metal_gasket,vacuum_seal_assembly_fabrication_v0,updated_material,high,polymer_or_special_chemistry,"Polymer, elastomer, oil, TIM, and friction materials depend on organics/special chemistry and vacuum/HV qualification.",kb/items/parts/ebf3_hv_tank_lid_seal.yaml
ebf3_hv_tank_shell,EBF3 HV tank shell,8.0,import_until_gap_resolved,route_gap,steel,steel,machining_basic_v0,no_material_change,medium_high,structural_vacuum_qa,"Material is local-plausible, but leak/seal/surface/large-panel distortion qualification is not closed.",kb/items/parts/ebf3_hv_tank_shell.yaml
ebf3_hv_tank_temperature_probe,EBF3 hv tank temperature probe,0.04,import_nominal,import_as_leaf,electronic,electronic,import_receiving_basic_v0,keep_as_complex_import_or_defer,very_high,import_as_complex_item,"Electronics/software are not decomposed into semiconductor, PCB, passives, and packaging routes; keep import unless explicitly decomposed.",kb/items/parts/ebf3_hv_tank_temperature_probe.yaml
ebf3_hv_tank_temperature_sensor_lead_set,EBF3 hv tank temperature sensor lead set,0.04,import_until_gap_resolved,defer_split_import_fallback,composite,composite,import_receiving_basic_v0,keep_as_complex_import_or_defer,high,unresolved_material_system,Composite label remains unresolved; item needs BOM decomposition or import treatment.,kb/items/parts/ebf3_hv_tank_temperature_sensor_lead_set.yaml
ebf3_hv_tank_temperature_sensor_mount,EBF3 hv tank temperature sensor mount,0.02,sensitivity_flag,lunar_candidate_flagged,steel,steel,machining_basic_v0,no_material_change,medium_high,structural_vacuum_qa,"Material is local-plausible, but leak/seal/surface/large-panel distortion qualification is not closed.",kb/items/parts/ebf3_hv_tank_temperature_sensor_mount.yaml
ebf3_hv_transformer_insulating_fluid,EBF3 HV transformer insulating fluid,8.0,import_nominal,earth_import,polymer,silicone_oil_or_transformer_oil,import_receiving_basic_v0,updated_material,high,polymer_or_special_chemistry,"Polymer, elastomer, oil, TIM, and friction materials depend on organics/special chemistry and vacuum/HV qualification.",kb/items/parts/ebf3_hv_transformer_insulating_fluid.yaml
ebf3_hv_transformer_internal_hv_lead_set,EBF3 HV transformer internal HV lead set,0.6,import_until_gap_resolved,route_gap,conductive_metal,aluminum,wire_drawing_aluminum_v0,updated_material,medium_high,structural_vacuum_qa,"Material is local-plausible, but leak/seal/surface/large-panel distortion qualification is not closed.",kb/items/parts/ebf3_hv_transformer_internal_hv_lead_set.yaml
ebf3_hv_transformer_interwinding_insulation_set,EBF3 HV transformer interwinding insulation set,1.5,import_nominal,earth_import,insulator,polymer_dielectric,coil_insulation_production_v0,updated_material,high,polymer_or_special_chemistry,"Polymer, elastomer, oil, TIM, and friction materials depend on organics/special chemistry and vacuum/HV qualification.",kb/items/parts/ebf3_hv_transformer_interwinding_insulation_set.yaml
ebf3_hv_transformer_magnetic_core_set,EBF3 HV transformer magnetic core set,3.0,import_until_gap_resolved,route_gap,magnetic_material,electrical_steel_or_soft_iron,electrical_steel_production_v0,updated_material,high,magnetic_property_qa,"Shape/material may be plausible, but permeability/loss/lamination/ferrite composition/anneal and magnetic acceptance are not closed.",kb/items/parts/ebf3_hv_transformer_magnetic_core_set.yaml
ebf3_hv_transformer_oil_interface_marker,EBF3 HV transformer oil interface marker,0.5,import_nominal,earth_import,composite,composite,none,keep_as_complex_import_or_defer,high,unresolved_material_system,Composite label remains unresolved; item needs BOM decomposition or import treatment.,kb/items/parts/ebf3_hv_transformer_oil_interface_marker.yaml
ebf3_hv_transformer_primary_winding_set,EBF3 HV transformer primary winding set,1.2,import_nominal,earth_import,copper,copper,coil_winding_basic_v0,no_material_change,medium_high,electrical_conductor_route,Conductor material is plausible only with drawing/insulation/termination/field or vacuum electrical tests; copper is import/recycle constrained.,kb/items/parts/ebf3_hv_transformer_primary_winding_set.yaml
ebf3_hv_transformer_secondary_winding_set,EBF3 HV transformer secondary winding set,2.2,import_nominal,earth_import,copper,copper,copper_wire_drawing_and_insulation_v0,no_material_change,medium_high,electrical_conductor_route,Conductor material is plausible only with drawing/insulation/termination/field or vacuum electrical tests; copper is import/recycle constrained.,kb/items/parts/ebf3_hv_transformer_secondary_winding_set.yaml
ebf3_hv_transformer_section_support_structure,EBF3 HV transformer section support structure,1.0,import_until_gap_resolved,route_gap,insulator,alumina_ceramic,ceramic_forming_basic_v0,updated_material,high,ceramic_glass_precision_or_hv_qa,"Lunar feedstock is plausible, but dielectric/optical/hermetic/metallized/precision finishing QA is not closed.",kb/items/parts/ebf3_hv_transformer_section_support_structure.yaml
ebf3_hv_voltage_divider_insulating_support,EBF3 hv voltage divider insulating support,0.1,import_until_gap_resolved,route_gap,insulator,alumina_ceramic,ceramic_forming_basic_v0,updated_material,high,ceramic_glass_precision_or_hv_qa,"Lunar feedstock is plausible, but dielectric/optical/hermetic/metallized/precision finishing QA is not closed.",kb/items/parts/ebf3_hv_voltage_divider_insulating_support.yaml
ebf3_hv_voltage_divider_low_voltage_sense_board,EBF3 hv voltage divider low voltage sense board,0.08,import_nominal,import_as_leaf,electronic,electronic,import_receiving_basic_v0,keep_as_complex_import_or_defer,very_high,import_as_complex_item,"Electronics/software are not decomposed into semiconductor, PCB, passives, and packaging routes; keep import unless explicitly decomposed.",kb/items/parts/ebf3_hv_voltage_divider_low_voltage_sense_board.yaml
ebf3_hv_voltage_divider_resistor_stack,EBF3 hv voltage divider resistor stack,0.28,import_nominal,import_as_leaf,electronic,electronic,import_receiving_basic_v0,keep_as_complex_import_or_defer,very_high,import_as_complex_item,"Electronics/software are not decomposed into semiconductor, PCB, passives, and packaging routes; keep import unless explicitly decomposed.",kb/items/parts/ebf3_hv_voltage_divider_resistor_stack.yaml
ebf3_hv_voltage_divider_shielded_lead,EBF3 hv voltage divider shielded lead,0.04,import_until_gap_resolved,defer_split_import_fallback,composite,composite,import_receiving_basic_v0,keep_as_complex_import_or_defer,high,unresolved_material_system,Composite label remains unresolved; item needs BOM decomposition or import treatment.,kb/items/parts/ebf3_hv_voltage_divider_shielded_lead.yaml
ebf3_input_rectifier_busbar_set,EBF3 input rectifier busbar set,0.7,sensitivity_flag,lunar_candidate_flagged,aluminum,aluminum,machining_basic_v0,no_material_change,low,ordinary_metal_route,"Material and broad process route are plausible; remaining issues are geometry, stock form, and inspection detail.",kb/items/parts/ebf3_input_rectifier_busbar_set.yaml
ebf3_input_rectifier_diode_module_set,EBF3 input rectifier diode module set,1.2,import_nominal,import_as_leaf,electronic,electronic,import_receiving_basic_v0,keep_as_complex_import_or_defer,very_high,import_as_complex_item,"Electronics/software are not decomposed into semiconductor, PCB, passives, and packaging routes; keep import unless explicitly decomposed.",kb/items/parts/ebf3_input_rectifier_diode_module_set.yaml
ebf3_input_rectifier_gate_or_sense_board,EBF3 input rectifier gate or sense board,0.3,import_nominal,import_as_leaf,electronic,electronic,import_receiving_basic_v0,keep_as_complex_import_or_defer,very_high,import_as_complex_item,"Electronics/software are not decomposed into semiconductor, PCB, passives, and packaging routes; keep import unless explicitly decomposed.",kb/items/parts/ebf3_input_rectifier_gate_or_sense_board.yaml
ebf3_input_rectifier_heat_sink,EBF3 input rectifier heat sink,0.8,sensitivity_flag,lunar_candidate_flagged,aluminum,aluminum,aluminum_housing_machining_v1,no_material_change,low,ordinary_metal_route,"Material and broad process route are plausible; remaining issues are geometry, stock form, and inspection detail.",kb/items/parts/ebf3_input_rectifier_heat_sink.yaml
ebf3_intermediate_wire_guide_body,EBF3 intermediate wire guide body,0.16,local_nominal,lunar_candidate,steel,steel,machining_basic_v0,no_material_change,low,ordinary_metal_route,"Material and broad process route are plausible; remaining issues are geometry, stock form, and inspection detail.",kb/items/parts/ebf3_intermediate_wire_guide_body.yaml
ebf3_intermediate_wire_guide_wear_insert,EBF3 intermediate wire guide wear insert,0.09,sensitivity_flag,lunar_candidate_flagged,ceramic,ceramic,ceramic_forming_basic_v0,no_material_change,medium,ceramic_forming_sintering_qa,"Ceramic feedstock and forming are plausible, but shrinkage, density, finish, and inspection remain sensitivity items.",kb/items/parts/ebf3_intermediate_wire_guide_wear_insert.yaml
ebf3_linear_encoder_mounting_bracket_set,EBF3 linear encoder mounting bracket set,0.3,local_nominal,lunar_candidate,steel,steel,machining_basic_v0,no_material_change,low,ordinary_metal_route,"Material and broad process route are plausible; remaining issues are geometry, stock form, and inspection detail.",kb/items/parts/ebf3_linear_encoder_mounting_bracket_set.yaml
ebf3_linear_encoder_read_head_set,EBF3 linear encoder read head set,0.45,import_nominal,import_as_leaf,electronic,electronic,import_receiving_basic_v0,keep_as_complex_import_or_defer,very_high,import_as_complex_item,"Electronics/software are not decomposed into semiconductor, PCB, passives, and packaging routes; keep import unless explicitly decomposed.",kb/items/parts/ebf3_linear_encoder_read_head_set.yaml
ebf3_linear_encoder_scale_strip_set,EBF3 linear encoder scale strip set,0.75,import_nominal,earth_import,glass,glass,glass_melting_and_forming_v0,no_material_change,medium,ceramic_forming_sintering_qa,"Ceramic feedstock and forming are plausible, but shrinkage, density, finish, and inspection remain sensitivity items.",kb/items/parts/ebf3_linear_encoder_scale_strip_set.yaml
ebf3_linear_guide_carriage_block_set,EBF3 linear guide carriage block set,1.1,import_until_gap_resolved,route_gap,precision_metal,bearing_steel,machining_basic_v0,updated_material,high,precision_heat_treat_metrology,"Base steel may be lunar-plausible, but heat treatment, grinding, fatigue, preload, lubrication, and metrology are not closed.",kb/items/parts/ebf3_linear_guide_carriage_block_set.yaml
ebf3_linear_guide_carriage_retainer_set,EBF3 linear guide carriage retainer set,0.25,sensitivity_flag,lunar_candidate_flagged,steel,steel,machining_basic_v0,no_material_change,low,ordinary_metal_route,"Material and broad process route are plausible; remaining issues are geometry, stock form, and inspection detail.",kb/items/parts/ebf3_linear_guide_carriage_retainer_set.yaml
ebf3_linear_guide_carriage_rolling_element_set,EBF3 linear guide carriage rolling element set,0.55,import_until_gap_resolved,route_gap,precision_metal,bearing_steel,precision_grinding_basic_v0,updated_material,high,precision_heat_treat_metrology,"Base steel may be lunar-plausible, but heat treatment, grinding, fatigue, preload, lubrication, and metrology are not closed.",kb/items/parts/ebf3_linear_guide_carriage_rolling_element_set.yaml
ebf3_linear_guide_rail_body_set,EBF3 linear guide rail body set,2.4,import_until_gap_resolved,route_gap,hardened_steel,hardened_steel,steel_shaft_machining_v1,no_material_change,high,precision_heat_treat_metrology,"Base steel may be lunar-plausible, but heat treatment, grinding, fatigue, preload, lubrication, and metrology are not closed.",kb/items/parts/ebf3_linear_guide_rail_body_set.yaml
ebf3_linear_guide_rail_end_stop_set,EBF3 linear guide rail end stop set,0.3,local_nominal,lunar_candidate,steel,steel,machining_basic_v0,no_material_change,low,ordinary_metal_route,"Material and broad process route are plausible; remaining issues are geometry, stock form, and inspection detail.",kb/items/parts/ebf3_linear_guide_rail_end_stop_set.yaml
ebf3_linear_guide_rail_mounting_hole_datum_set,EBF3 linear guide rail mounting hole datum set,0.3,local_nominal,lunar_candidate,steel,steel,machining_basic_v0,no_material_change,low,ordinary_metal_route,"Material and broad process route are plausible; remaining issues are geometry, stock form, and inspection detail.",kb/items/parts/ebf3_linear_guide_rail_mounting_hole_datum_set.yaml
ebf3_lv_distribution_breaker_or_fuse_set,EBF3 lv distribution breaker or fuse set,1.2,import_nominal,import_as_leaf,electronic,electronic,import_receiving_basic_v0,keep_as_complex_import_or_defer,very_high,import_as_complex_item,"Electronics/software are not decomposed into semiconductor, PCB, passives, and packaging routes; keep import unless explicitly decomposed.",kb/items/parts/ebf3_lv_distribution_breaker_or_fuse_set.yaml
ebf3_lv_distribution_busbar_set,EBF3 lv distribution busbar set,1.1,local_nominal,lunar_candidate,aluminum,aluminum,machining_basic_v0,no_material_change,low,ordinary_metal_route,"Material and broad process route are plausible; remaining issues are geometry, stock form, and inspection detail.",kb/items/parts/ebf3_lv_distribution_busbar_set.yaml
ebf3_lv_distribution_panel_plate,EBF3 lv distribution panel plate,0.8,local_nominal,lunar_candidate,steel,steel,sheet_metal_cutting_v0,no_material_change,low,ordinary_metal_route,"Material and broad process route are plausible; remaining issues are geometry, stock form, and inspection detail.",kb/items/parts/ebf3_lv_distribution_panel_plate.yaml
ebf3_lv_distribution_terminal_block_set,EBF3 lv distribution terminal block set,0.9,import_nominal,earth_import,electronic,electronic,import_receiving_basic_v0,keep_as_complex_import_or_defer,very_high,import_as_complex_item,"Electronics/software are not decomposed into semiconductor, PCB, passives, and packaging routes; keep import unless explicitly decomposed.",kb/items/parts/ebf3_lv_distribution_terminal_block_set.yaml
ebf3_matching_network_busbar_set,EBF3 matching network busbar set,0.6,sensitivity_flag,lunar_candidate_flagged,aluminum,aluminum,machining_basic_v0,no_material_change,low,ordinary_metal_route,"Material and broad process route are plausible; remaining issues are geometry, stock form, and inspection detail.",kb/items/parts/ebf3_matching_network_busbar_set.yaml
ebf3_matching_network_capacitor_set,EBF3 matching network capacitor set,1.2,import_nominal,import_as_leaf,electronic,electronic,import_receiving_basic_v0,keep_as_complex_import_or_defer,very_high,import_as_complex_item,"Electronics/software are not decomposed into semiconductor, PCB, passives, and packaging routes; keep import unless explicitly decomposed.",kb/items/parts/ebf3_matching_network_capacitor_set.yaml
ebf3_matching_network_inductor_bobbin_or_insulation_set,EBF3 matching network inductor bobbin or insulation set,0.18,import_until_gap_resolved,route_gap,insulator,alumina_ceramic,ceramic_forming_basic_v0,updated_material,medium,ceramic_forming_sintering_qa,"Ceramic feedstock and forming are plausible, but shrinkage, density, finish, and inspection remain sensitivity items.",kb/items/parts/ebf3_matching_network_inductor_bobbin_or_insulation_set.yaml
ebf3_matching_network_inductor_core_set,EBF3 matching network inductor core set,0.45,import_until_gap_resolved,route_gap,magnetic_material,ferrite,ferrite_powder_synthesis_v0,updated_material,high,magnetic_property_qa,"Shape/material may be plausible, but permeability/loss/lamination/ferrite composition/anneal and magnetic acceptance are not closed.",kb/items/parts/ebf3_matching_network_inductor_core_set.yaml
ebf3_matching_network_inductor_mounting_base_set,EBF3 matching network inductor mounting base set,0.14,local_nominal,lunar_candidate,steel_or_aluminum,steel,machining_basic_v0,updated_material,low,ordinary_metal_route,"Material and broad process route are plausible; remaining issues are geometry, stock form, and inspection detail.",kb/items/parts/ebf3_matching_network_inductor_mounting_base_set.yaml
ebf3_matching_network_inductor_terminal_set,EBF3 matching network inductor terminal set,0.08,sensitivity_flag,lunar_candidate_flagged,conductive_metal,aluminum,machining_basic_v0,updated_material,low,ordinary_metal_route,"Material and broad process route are plausible; remaining issues are geometry, stock form, and inspection detail.",kb/items/parts/ebf3_matching_network_inductor_terminal_set.yaml
ebf3_matching_network_inductor_winding_set,EBF3 matching network inductor winding set,0.45,import_nominal,earth_import,copper,copper,import_receiving_basic_v0,no_material_change,medium_high,electrical_conductor_route,Conductor material is plausible only with drawing/insulation/termination/field or vacuum electrical tests; copper is import/recycle constrained.,kb/items/parts/ebf3_matching_network_inductor_winding_set.yaml
ebf3_matching_network_mounting_frame,EBF3 matching network mounting frame,0.9,local_nominal,lunar_candidate,steel,steel,machining_basic_v0,no_material_change,low,ordinary_metal_route,"Material and broad process route are plausible; remaining issues are geometry, stock form, and inspection detail.",kb/items/parts/ebf3_matching_network_mounting_frame.yaml
ebf3_motion_drive_control_board,EBF3 motion drive control board,1.0,import_nominal,import_as_leaf,electronic,electronic,import_receiving_basic_v0,keep_as_complex_import_or_defer,very_high,import_as_complex_item,"Electronics/software are not decomposed into semiconductor, PCB, passives, and packaging routes; keep import unless explicitly decomposed.",kb/items/parts/ebf3_motion_drive_control_board.yaml
ebf3_motion_drive_heat_spreader,EBF3 motion drive heat spreader,0.5,sensitivity_flag,lunar_candidate_flagged,aluminum,aluminum,aluminum_housing_machining_v1,no_material_change,low,ordinary_metal_route,"Material and broad process route are plausible; remaining issues are geometry, stock form, and inspection detail.",kb/items/parts/ebf3_motion_drive_heat_spreader.yaml
ebf3_motion_drive_power_stage_set,EBF3 motion drive power stage set,1.1,import_nominal,import_as_leaf,electronic,electronic,import_receiving_basic_v0,keep_as_complex_import_or_defer,very_high,import_as_complex_item,"Electronics/software are not decomposed into semiconductor, PCB, passives, and packaging routes; keep import unless explicitly decomposed.",kb/items/parts/ebf3_motion_drive_power_stage_set.yaml
ebf3_motion_drive_terminal_block_set,EBF3 motion drive terminal block set,0.4,import_nominal,earth_import,electronic,electronic,import_receiving_basic_v0,keep_as_complex_import_or_defer,very_high,import_as_complex_item,"Electronics/software are not decomposed into semiconductor, PCB, passives, and packaging routes; keep import unless explicitly decomposed.",kb/items/parts/ebf3_motion_drive_terminal_block_set.yaml
ebf3_motor_coupling_clamp_screw_set,EBF3 motor coupling clamp screw set,0.08,sensitivity_flag,lunar_candidate_flagged,steel,steel,fastener_kit_small_fabrication_v0,no_material_change,low,ordinary_metal_route,"Material and broad process route are plausible; remaining issues are geometry, stock form, and inspection detail.",kb/items/parts/ebf3_motor_coupling_clamp_screw_set.yaml
ebf3_motor_coupling_flexible_element_set,EBF3 motor coupling flexible element set,0.14,import_until_gap_resolved,defer_split_import_fallback,composite,engineering_polymer,import_receiving_basic_v0,updated_material,high,polymer_or_special_chemistry,"Polymer, elastomer, oil, TIM, and friction materials depend on organics/special chemistry and vacuum/HV qualification.",kb/items/parts/ebf3_motor_coupling_flexible_element_set.yaml
ebf3_motor_coupling_hub_set,EBF3 motor coupling hub set,0.28,local_nominal,lunar_candidate,steel,steel,machining_basic_v0,no_material_change,low,ordinary_metal_route,"Material and broad process route are plausible; remaining issues are geometry, stock form, and inspection detail.",kb/items/parts/ebf3_motor_coupling_hub_set.yaml
ebf3_motor_mount_bracket_fastener_interface_set,EBF3 motor mount bracket fastener interface set,0.15,sensitivity_flag,lunar_candidate_flagged,steel,steel,fastener_kit_small_fabrication_v0,no_material_change,low,ordinary_metal_route,"Material and broad process route are plausible; remaining issues are geometry, stock form, and inspection detail.",kb/items/parts/ebf3_motor_mount_bracket_fastener_interface_set.yaml
ebf3_motor_mount_bracket_plate_set,EBF3 motor mount bracket plate set,0.65,local_nominal,lunar_candidate,steel,steel,machining_basic_v0,no_material_change,low,ordinary_metal_route,"Material and broad process route are plausible; remaining issues are geometry, stock form, and inspection detail.",kb/items/parts/ebf3_motor_mount_bracket_plate_set.yaml
ebf3_motor_mount_bracket_spacer_set,EBF3 motor mount bracket spacer set,0.2,local_nominal,lunar_candidate,steel,steel,machining_basic_v0,no_material_change,low,ordinary_metal_route,"Material and broad process route are plausible; remaining issues are geometry, stock form, and inspection detail.",kb/items/parts/ebf3_motor_mount_bracket_spacer_set.yaml
ebf3_moveable_build_platform_clamp_slot_set,EBF3 moveable build platform clamp slot set,0.7,local_nominal,lunar_candidate,precision_metal,steel,machining_basic_v0,updated_material,low,ordinary_metal_route,"Material and broad process route are plausible; remaining issues are geometry, stock form, and inspection detail.",kb/items/parts/ebf3_moveable_build_platform_clamp_slot_set.yaml
ebf3_moveable_build_platform_plate,EBF3 moveable build platform plate,5.6,sensitivity_flag,lunar_candidate_flagged,precision_metal,steel,machining_basic_v0,updated_material,low,ordinary_metal_route,"Material and broad process route are plausible; remaining issues are geometry, stock form, and inspection detail.",kb/items/parts/ebf3_moveable_build_platform_plate.yaml
ebf3_moveable_build_platform_return_contact_pad,EBF3 moveable build platform return contact pad,0.4,sensitivity_flag,lunar_candidate_flagged,conductive_metal,aluminum,aluminum_housing_machining_v0,updated_material,low,ordinary_metal_route,"Material and broad process route are plausible; remaining issues are geometry, stock form, and inspection detail.",kb/items/parts/ebf3_moveable_build_platform_return_contact_pad.yaml
ebf3_multi_channel_driver_control_board,EBF3 multi channel driver control board,1.2,import_nominal,import_as_leaf,electronic,electronic,import_receiving_basic_v0,keep_as_complex_import_or_defer,very_high,import_as_complex_item,"Electronics/software are not decomposed into semiconductor, PCB, passives, and packaging routes; keep import unless explicitly decomposed.",kb/items/parts/ebf3_multi_channel_driver_control_board.yaml
ebf3_multi_channel_driver_enclosure,EBF3 multi channel driver enclosure,0.6,local_nominal,lunar_candidate,steel,steel,machining_basic_v0,no_material_change,low,ordinary_metal_route,"Material and broad process route are plausible; remaining issues are geometry, stock form, and inspection detail.",kb/items/parts/ebf3_multi_channel_driver_enclosure.yaml
ebf3_multi_channel_heat_sink,EBF3 multi channel heat sink,1.2,sensitivity_flag,lunar_candidate_flagged,aluminum,aluminum,aluminum_housing_machining_v1,no_material_change,low,ordinary_metal_route,"Material and broad process route are plausible; remaining issues are geometry, stock form, and inspection detail.",kb/items/parts/ebf3_multi_channel_heat_sink.yaml
ebf3_multi_channel_output_terminal_set,EBF3 multi channel output terminal set,0.8,import_nominal,earth_import,electronic,electronic,import_receiving_basic_v0,keep_as_complex_import_or_defer,very_high,import_as_complex_item,"Electronics/software are not decomposed into semiconductor, PCB, passives, and packaging routes; keep import unless explicitly decomposed.",kb/items/parts/ebf3_multi_channel_output_terminal_set.yaml
ebf3_multi_channel_power_driver_stage_set,EBF3 multi channel power driver stage set,2.2,import_nominal,import_as_leaf,electronic,electronic,import_receiving_basic_v0,keep_as_complex_import_or_defer,very_high,import_as_complex_item,"Electronics/software are not decomposed into semiconductor, PCB, passives, and packaging routes; keep import unless explicitly decomposed.",kb/items/parts/ebf3_multi_channel_power_driver_stage_set.yaml
ebf3_positioning_axis_base_plate,EBF3 positioning axis base plate,3.0,local_nominal,lunar_candidate,steel,steel,machining_basic_v0,no_material_change,low,ordinary_metal_route,"Material and broad process route are plausible; remaining issues are geometry, stock form, and inspection detail.",kb/items/parts/ebf3_positioning_axis_base_plate.yaml
ebf3_positioning_base_frame_crossmember_set,EBF3 positioning base frame crossmember set,2.2,local_nominal,lunar_candidate,steel,steel,machining_basic_v0,no_material_change,low,ordinary_metal_route,"Material and broad process route are plausible; remaining issues are geometry, stock form, and inspection detail.",kb/items/parts/ebf3_positioning_base_frame_crossmember_set.yaml
ebf3_positioning_base_frame_mounting_foot_set,EBF3 positioning base frame mounting foot set,0.8,local_nominal,lunar_candidate,steel,steel,machining_basic_v0,no_material_change,low,ordinary_metal_route,"Material and broad process route are plausible; remaining issues are geometry, stock form, and inspection detail.",kb/items/parts/ebf3_positioning_base_frame_mounting_foot_set.yaml
ebf3_positioning_base_frame_rail_set,EBF3 positioning base frame rail set,4.0,sensitivity_flag,lunar_candidate_flagged,steel,steel,machining_basic_v0,no_material_change,low,ordinary_metal_route,"Material and broad process route are plausible; remaining issues are geometry, stock form, and inspection detail.",kb/items/parts/ebf3_positioning_base_frame_rail_set.yaml
ebf3_positioning_bellows_end_retainer_set,EBF3 positioning bellows end retainer set,0.18,local_nominal,lunar_candidate,steel,steel,machining_basic_v0,no_material_change,low,ordinary_metal_route,"Material and broad process route are plausible; remaining issues are geometry, stock form, and inspection detail.",kb/items/parts/ebf3_positioning_bellows_end_retainer_set.yaml
ebf3_positioning_bellows_folded_cover,EBF3 positioning bellows folded cover,0.55,import_until_gap_resolved,route_gap,steel,steel,metal_spinning_process_v0,no_material_change,medium_high,structural_vacuum_qa,"Material is local-plausible, but leak/seal/surface/large-panel distortion qualification is not closed.",kb/items/parts/ebf3_positioning_bellows_folded_cover.yaml
ebf3_positioning_bellows_mounting_tab_set,EBF3 positioning bellows mounting tab set,0.07,local_nominal,lunar_candidate,steel,steel,machining_basic_v0,no_material_change,low,ordinary_metal_route,"Material and broad process route are plausible; remaining issues are geometry, stock form, and inspection detail.",kb/items/parts/ebf3_positioning_bellows_mounting_tab_set.yaml
ebf3_positioning_feedthrough_air_side_connector,EBF3 positioning feedthrough air-side connector,0.08,import_nominal,import_as_leaf,composite,composite,import_receiving_basic_v0,keep_as_complex_import_or_defer,high,unresolved_material_system,Composite label remains unresolved; item needs BOM decomposition or import treatment.,kb/items/parts/ebf3_positioning_feedthrough_air_side_connector.yaml
ebf3_positioning_feedthrough_flange,EBF3 positioning feedthrough flange,0.2,sensitivity_flag,lunar_candidate_flagged,steel,steel,machining_basic_v0,no_material_change,low,ordinary_metal_route,"Material and broad process route are plausible; remaining issues are geometry, stock form, and inspection detail.",kb/items/parts/ebf3_positioning_feedthrough_flange.yaml
ebf3_positioning_feedthrough_insulator_body,EBF3 positioning feedthrough insulator body,0.4,import_until_gap_resolved,route_gap,ceramic,ceramic,electrical_feedthrough_vacuum_fabrication_v0,no_material_change,high,ceramic_glass_precision_or_hv_qa,"Lunar feedstock is plausible, but dielectric/optical/hermetic/metallized/precision finishing QA is not closed.",kb/items/parts/ebf3_positioning_feedthrough_insulator_body.yaml
ebf3_positioning_feedthrough_motor_power_pin_set,EBF3 positioning feedthrough motor power pin set,0.18,import_until_gap_resolved,route_gap,conductive_metal,kovar_or_copper_alloy,electrical_feedthrough_vacuum_fabrication_v0,updated_material,very_high,scarce_or_specialty_material,Trace/scarce/specialty alloy dependence; local route should not be assumed without explicit material production and QA.,kb/items/parts/ebf3_positioning_feedthrough_motor_power_pin_set.yaml
ebf3_positioning_feedthrough_shield_termination_interface,EBF3 positioning feedthrough shield termination interface,0.05,sensitivity_flag,lunar_candidate_flagged,conductive_metal,aluminum,machining_basic_v0,updated_material,medium_high,electrical_conductor_route,Conductor material is plausible only with drawing/insulation/termination/field or vacuum electrical tests; copper is import/recycle constrained.,kb/items/parts/ebf3_positioning_feedthrough_shield_termination_interface.yaml
ebf3_positioning_feedthrough_signal_pin_set,EBF3 positioning feedthrough signal pin set,0.08,import_nominal,earth_import,conductive_metal,kovar_or_copper_alloy,import_receiving_basic_v0,updated_material,very_high,scarce_or_specialty_material,Trace/scarce/specialty alloy dependence; local route should not be assumed without explicit material production and QA.,kb/items/parts/ebf3_positioning_feedthrough_signal_pin_set.yaml
ebf3_positioning_feedthrough_vacuum_side_connector,EBF3 positioning feedthrough vacuum-side connector,0.08,import_nominal,import_as_leaf,composite,composite,import_receiving_basic_v0,keep_as_complex_import_or_defer,high,unresolved_material_system,Composite label remains unresolved; item needs BOM decomposition or import treatment.,kb/items/parts/ebf3_positioning_feedthrough_vacuum_side_connector.yaml
ebf3_positioning_motor_cable_insulation_set,EBF3 positioning motor cable insulation set,0.24,import_nominal,earth_import,polymer,polymer_dielectric,import_receiving_basic_v0,updated_material,high,polymer_or_special_chemistry,"Polymer, elastomer, oil, TIM, and friction materials depend on organics/special chemistry and vacuum/HV qualification.",kb/items/parts/ebf3_positioning_motor_cable_insulation_set.yaml
ebf3_positioning_motor_cable_shield_set,EBF3 positioning motor cable shield set,0.16,import_until_gap_resolved,route_gap,steel_or_aluminum,aluminum,sheet_metal_cutting_v0,updated_material,medium_high,electrical_conductor_route,Conductor material is plausible only with drawing/insulation/termination/field or vacuum electrical tests; copper is import/recycle constrained.,kb/items/parts/ebf3_positioning_motor_cable_shield_set.yaml
ebf3_positioning_motor_cable_termination_set,EBF3 positioning motor cable termination set,0.08,import_until_gap_resolved,defer_split_import_fallback,composite,composite,import_receiving_basic_v0,keep_as_complex_import_or_defer,high,unresolved_material_system,Composite label remains unresolved; item needs BOM decomposition or import treatment.,kb/items/parts/ebf3_positioning_motor_cable_termination_set.yaml
ebf3_positioning_motor_power_conductor_set,EBF3 positioning motor power conductor set,0.32,import_until_gap_resolved,route_gap,aluminum,aluminum,metal_wire_drawing_process_v0,no_material_change,medium_high,electrical_conductor_route,Conductor material is plausible only with drawing/insulation/termination/field or vacuum electrical tests; copper is import/recycle constrained.,kb/items/parts/ebf3_positioning_motor_power_conductor_set.yaml
ebf3_positioning_signal_cable_insulation_set,EBF3 positioning signal cable insulation set,0.2,import_nominal,earth_import,polymer,polymer_dielectric,import_receiving_basic_v0,updated_material,high,polymer_or_special_chemistry,"Polymer, elastomer, oil, TIM, and friction materials depend on organics/special chemistry and vacuum/HV qualification.",kb/items/parts/ebf3_positioning_signal_cable_insulation_set.yaml
ebf3_positioning_signal_cable_shield_set,EBF3 positioning signal cable shield set,0.18,import_until_gap_resolved,route_gap,steel_or_aluminum,aluminum,wire_forming_process_v0,updated_material,medium_high,electrical_conductor_route,Conductor material is plausible only with drawing/insulation/termination/field or vacuum electrical tests; copper is import/recycle constrained.,kb/items/parts/ebf3_positioning_signal_cable_shield_set.yaml
ebf3_positioning_signal_cable_termination_set,EBF3 positioning signal cable termination set,0.08,import_until_gap_resolved,defer_split_import_fallback,composite,composite,import_receiving_basic_v0,keep_as_complex_import_or_defer,high,unresolved_material_system,Composite label remains unresolved; item needs BOM decomposition or import treatment.,kb/items/parts/ebf3_positioning_signal_cable_termination_set.yaml
ebf3_positioning_signal_conductor_set,EBF3 positioning signal conductor set,0.24,import_until_gap_resolved,route_gap,aluminum,aluminum,wire_drawing_aluminum_v0,no_material_change,medium_high,electrical_conductor_route,Conductor material is plausible only with drawing/insulation/termination/field or vacuum electrical tests; copper is import/recycle constrained.,kb/items/parts/ebf3_positioning_signal_conductor_set.yaml
ebf3_power_electronics_cold_plate_port_interface_set,EBF3 power electronics cold plate port interface set,0.3,sensitivity_flag,lunar_candidate_flagged,aluminum,aluminum,machining_basic_v0,no_material_change,medium_high,structural_vacuum_qa,"Material is local-plausible, but thermal contact, leak/seal choice, surface flatness, and remote-interface topology qualification are not closed.",kb/items/parts/ebf3_power_electronics_cold_plate_port_interface_set.yaml
ebf3_power_electronics_conductive_cooling_line_or_strap_set,EBF3 power electronics conductive cooling line or strap set,0.3,local_nominal,lunar_candidate,aluminum,aluminum,machining_basic_v0,no_material_change,low,ordinary_metal_route,"Material and broad process route are plausible; remaining issues are geometry, stock form, and inspection detail.",kb/items/parts/ebf3_power_electronics_conductive_cooling_line_or_strap_set.yaml
ebf3_power_electronics_cooling_line_support_clamp_set,EBF3 power electronics cooling line support clamp set,0.1,local_nominal,lunar_candidate,steel,steel,machining_basic_v0,no_material_change,medium_high,structural_vacuum_qa,"Material is local-plausible, but leak/seal/surface/large-panel distortion qualification is not closed.",kb/items/parts/ebf3_power_electronics_cooling_line_support_clamp_set.yaml
ebf3_power_electronics_cooling_plate_set,EBF3 power electronics cooling plate set,2.0,sensitivity_flag,lunar_candidate_flagged,aluminum,aluminum,machining_basic_v0,no_material_change,low,ordinary_metal_route,"Material and broad process route are plausible; remaining issues are geometry, stock form, and inspection detail.",kb/items/parts/ebf3_power_electronics_cooling_plate_set.yaml
ebf3_power_electronics_fan_or_pump_module,EBF3 power electronics fan or pump module,1.5,import_nominal,import_as_leaf,electronic,electronic,import_receiving_basic_v0,keep_as_complex_import_or_defer,very_high,import_as_complex_item,"Electronics/software are not decomposed into semiconductor, PCB, passives, and packaging routes; keep import unless explicitly decomposed.",kb/items/parts/ebf3_power_electronics_fan_or_pump_module.yaml
ebf3_power_electronics_heat_sink_set,EBF3 power electronics heat sink set,3.0,sensitivity_flag,lunar_candidate_flagged,aluminum,aluminum,aluminum_housing_machining_v1,no_material_change,low,ordinary_metal_route,"Material and broad process route are plausible; remaining issues are geometry, stock form, and inspection detail.",kb/items/parts/ebf3_power_electronics_heat_sink_set.yaml
ebf3_power_electronics_thermal_interface_set,EBF3 power electronics thermal interface set,0.8,import_until_gap_resolved,route_gap,composite,thermal_interface_composite,thermal_interface_material_synthesis_v0,updated_material,high,polymer_or_special_chemistry,"Polymer, elastomer, oil, TIM, and friction materials depend on organics/special chemistry and vacuum/HV qualification.",kb/items/parts/ebf3_power_electronics_thermal_interface_set.yaml
ebf3_power_input_cable_conductor_set,EBF3 power input cable conductor set,0.7,import_until_gap_resolved,route_gap,aluminum_or_copper_conductor,aluminum,wire_drawing_aluminum_v0,updated_material,medium_high,electrical_conductor_route,Conductor material is plausible only with drawing/insulation/termination/field or vacuum electrical tests; copper is import/recycle constrained.,kb/items/parts/ebf3_power_input_cable_conductor_set.yaml
ebf3_power_input_cable_insulation_set,EBF3 power input cable insulation set,0.5,import_nominal,earth_import,polymer,polymer_dielectric,import_receiving_basic_v0,updated_material,high,polymer_or_special_chemistry,"Polymer, elastomer, oil, TIM, and friction materials depend on organics/special chemistry and vacuum/HV qualification.",kb/items/parts/ebf3_power_input_cable_insulation_set.yaml
ebf3_power_input_gland_body,EBF3 power input gland body,0.5,sensitivity_flag,lunar_candidate_flagged,steel,steel,machining_basic_v0,no_material_change,low,ordinary_metal_route,"Material and broad process route are plausible; remaining issues are geometry, stock form, and inspection detail.",kb/items/parts/ebf3_power_input_gland_body.yaml
ebf3_power_input_gland_seal,EBF3 power input gland seal,0.3,import_nominal,earth_import,polymer,vacuum_elastomer_or_metal_gasket,silicone_rubber_vulcanization_v0,updated_material,high,polymer_or_special_chemistry,"Polymer, elastomer, oil, TIM, and friction materials depend on organics/special chemistry and vacuum/HV qualification.",kb/items/parts/ebf3_power_input_gland_seal.yaml
ebf3_pressure_adjustment_knob_body,EBF3 pressure adjustment knob body,0.13,local_nominal,lunar_candidate,polymer,polymer,machining_basic_v0,no_material_change,high,polymer_or_special_chemistry,"Polymer, elastomer, oil, TIM, and friction materials depend on organics/special chemistry and vacuum/HV qualification.",kb/items/parts/ebf3_pressure_adjustment_knob_body.yaml
ebf3_pressure_adjustment_threaded_insert,EBF3 pressure adjustment threaded insert,0.07,local_nominal,lunar_candidate,steel,steel,steel_shaft_machining_v0,no_material_change,low,ordinary_metal_route,"Material and broad process route are plausible; remaining issues are geometry, stock form, and inspection detail.",kb/items/parts/ebf3_pressure_adjustment_threaded_insert.yaml
ebf3_pressure_spring,EBF3 pressure spring,0.3,import_until_gap_resolved,route_gap,steel,steel,metal_forming_basic_v0,no_material_change,medium_high,structural_vacuum_qa,"Material is local-plausible, but leak/seal/surface/large-panel distortion qualification is not closed.",kb/items/parts/ebf3_pressure_spring.yaml
ebf3_primary_transformer_core,EBF3 primary transformer core,1.5,import_until_gap_resolved,route_gap,electrical_steel_or_soft_iron,electrical_steel_or_soft_iron,electrical_steel_production_v0,no_material_change,high,magnetic_property_qa,"Shape/material may be plausible, but permeability/loss/lamination/ferrite composition/anneal and magnetic acceptance are not closed.",kb/items/parts/ebf3_primary_transformer_core.yaml
ebf3_primary_transformer_insulation_set,EBF3 primary transformer insulation set,0.6,import_nominal,earth_import,insulator,polymer_dielectric,coil_insulation_production_v0,updated_material,high,polymer_or_special_chemistry,"Polymer, elastomer, oil, TIM, and friction materials depend on organics/special chemistry and vacuum/HV qualification.",kb/items/parts/ebf3_primary_transformer_insulation_set.yaml
ebf3_primary_transformer_mount,EBF3 primary transformer mount,0.6,local_nominal,lunar_candidate,steel,steel,machining_basic_v0,no_material_change,low,ordinary_metal_route,"Material and broad process route are plausible; remaining issues are geometry, stock form, and inspection detail.",kb/items/parts/ebf3_primary_transformer_mount.yaml
ebf3_primary_transformer_winding_set,EBF3 primary transformer winding set,1.3,import_until_gap_resolved,route_gap,aluminum,aluminum,spool_winding_basic_v0,no_material_change,medium_high,electrical_conductor_route,Conductor material is plausible only with drawing/insulation/termination/field or vacuum electrical tests; copper is import/recycle constrained.,kb/items/parts/ebf3_primary_transformer_winding_set.yaml
ebf3_realtime_processor_board,EBF3 realtime processor board,0.55,import_nominal,import_as_leaf,electronic,electronic,import_receiving_basic_v0,keep_as_complex_import_or_defer,very_high,import_as_complex_item,"Electronics/software are not decomposed into semiconductor, PCB, passives, and packaging routes; keep import unless explicitly decomposed.",kb/items/parts/ebf3_realtime_processor_board.yaml
ebf3_realtime_processor_connector_set,EBF3 realtime processor connector set,0.2,import_nominal,import_as_leaf,electronic,electronic,import_receiving_basic_v0,keep_as_complex_import_or_defer,very_high,import_as_complex_item,"Electronics/software are not decomposed into semiconductor, PCB, passives, and packaging routes; keep import unless explicitly decomposed.",kb/items/parts/ebf3_realtime_processor_connector_set.yaml
ebf3_realtime_processor_enclosure,EBF3 realtime processor enclosure,0.25,local_nominal,lunar_candidate,steel,steel,sheet_metal_cutting_v0,no_material_change,low,ordinary_metal_route,"Material and broad process route are plausible; remaining issues are geometry, stock form, and inspection detail.",kb/items/parts/ebf3_realtime_processor_enclosure.yaml
ebf3_ripple_inductor_core,EBF3 ripple inductor core,0.35,import_until_gap_resolved,route_gap,electrical_steel_or_soft_iron,electrical_steel_or_soft_iron,electrical_steel_production_v0,no_material_change,high,magnetic_property_qa,"Shape/material may be plausible, but permeability/loss/lamination/ferrite composition/anneal and magnetic acceptance are not closed.",kb/items/parts/ebf3_ripple_inductor_core.yaml
ebf3_ripple_inductor_insulation_set,EBF3 ripple inductor insulation set,0.12,import_nominal,earth_import,insulator,polymer_dielectric,coil_insulation_production_v0,updated_material,high,polymer_or_special_chemistry,"Polymer, elastomer, oil, TIM, and friction materials depend on organics/special chemistry and vacuum/HV qualification.",kb/items/parts/ebf3_ripple_inductor_insulation_set.yaml
ebf3_ripple_inductor_mount,EBF3 ripple inductor mount,0.08,local_nominal,lunar_candidate,steel,steel,machining_basic_v0,no_material_change,low,ordinary_metal_route,"Material and broad process route are plausible; remaining issues are geometry, stock form, and inspection detail.",kb/items/parts/ebf3_ripple_inductor_mount.yaml
ebf3_ripple_inductor_winding,EBF3 ripple inductor winding,0.45,import_until_gap_resolved,route_gap,aluminum,aluminum,spool_winding_basic_v0,no_material_change,medium_high,electrical_conductor_route,Conductor material is plausible only with drawing/insulation/termination/field or vacuum electrical tests; copper is import/recycle constrained.,kb/items/parts/ebf3_ripple_inductor_winding.yaml
ebf3_rotary_axis_bearing_inner_ring,EBF3 rotary axis bearing inner ring,1.1,import_until_gap_resolved,route_gap,bearing_steel,bearing_steel,precision_grinding_basic_v0,no_material_change,high,precision_heat_treat_metrology,"Base steel may be lunar-plausible, but heat treatment, grinding, fatigue, preload, lubrication, and metrology are not closed.",kb/items/parts/ebf3_rotary_axis_bearing_inner_ring.yaml
ebf3_rotary_axis_bearing_outer_ring,EBF3 rotary axis bearing outer ring,1.3,import_until_gap_resolved,route_gap,bearing_steel,bearing_steel,bearing_set_heavy_production_v0,no_material_change,high,precision_heat_treat_metrology,"Base steel may be lunar-plausible, but heat treatment, grinding, fatigue, preload, lubrication, and metrology are not closed.",kb/items/parts/ebf3_rotary_axis_bearing_outer_ring.yaml
ebf3_rotary_axis_bearing_retainer,EBF3 rotary axis bearing retainer,0.4,local_nominal,lunar_candidate,steel,steel,machining_basic_v0,no_material_change,high,precision_heat_treat_metrology,"Base steel may be lunar-plausible, but heat treatment, grinding, fatigue, preload, lubrication, and metrology are not closed.",kb/items/parts/ebf3_rotary_axis_bearing_retainer.yaml
ebf3_rotary_axis_bearing_rolling_element_set,EBF3 rotary axis bearing rolling element set,1.2,import_until_gap_resolved,route_gap,bearing_steel,bearing_steel,bearing_set_heavy_production_v0,no_material_change,high,precision_heat_treat_metrology,"Base steel may be lunar-plausible, but heat treatment, grinding, fatigue, preload, lubrication, and metrology are not closed.",kb/items/parts/ebf3_rotary_axis_bearing_rolling_element_set.yaml
ebf3_rotary_axis_table_hub,EBF3 rotary axis table hub,1.4,sensitivity_flag,lunar_candidate_flagged,precision_metal,steel,machining_basic_v0,updated_material,low,ordinary_metal_route,"Material and broad process route are plausible; remaining issues are geometry, stock form, and inspection detail.",kb/items/parts/ebf3_rotary_axis_table_hub.yaml
ebf3_rotary_axis_table_mounting_pattern,EBF3 rotary axis table mounting pattern,0.6,local_nominal,lunar_candidate,precision_metal,steel,machining_basic_v0,updated_material,low,ordinary_metal_route,"Material and broad process route are plausible; remaining issues are geometry, stock form, and inspection detail.",kb/items/parts/ebf3_rotary_axis_table_mounting_pattern.yaml
ebf3_rotary_axis_table_plate,EBF3 rotary axis table plate,3.0,sensitivity_flag,lunar_candidate_flagged,precision_metal,steel,machining_basic_v0,updated_material,low,ordinary_metal_route,"Material and broad process route are plausible; remaining issues are geometry, stock form, and inspection detail.",kb/items/parts/ebf3_rotary_axis_table_plate.yaml
ebf3_rotary_encoder_read_head,EBF3 rotary encoder read head,0.22,import_nominal,import_as_leaf,electronic,electronic,import_receiving_basic_v0,keep_as_complex_import_or_defer,very_high,import_as_complex_item,"Electronics/software are not decomposed into semiconductor, PCB, passives, and packaging routes; keep import unless explicitly decomposed.",kb/items/parts/ebf3_rotary_encoder_read_head.yaml
ebf3_rotary_encoder_scale_ring,EBF3 rotary encoder scale ring,0.18,import_nominal,earth_import,glass,glass,import_receiving_basic_v0,no_material_change,medium,ceramic_forming_sintering_qa,"Ceramic feedstock and forming are plausible, but shrinkage, density, finish, and inspection remain sensitivity items.",kb/items/parts/ebf3_rotary_encoder_scale_ring.yaml
ebf3_rotary_encoder_signal_lead,EBF3 rotary encoder signal lead,0.1,import_nominal,earth_import,composite,composite,import_receiving_basic_v0,keep_as_complex_import_or_defer,high,unresolved_material_system,Composite label remains unresolved; item needs BOM decomposition or import treatment.,kb/items/parts/ebf3_rotary_encoder_signal_lead.yaml
ebf3_rotary_worm_shaft,EBF3 rotary worm shaft,1.5,import_until_gap_resolved,defer_split_import_fallback,hardened_steel,hardened_steel,import_receiving_basic_v0,no_material_change,high,precision_heat_treat_metrology,"Base steel may be lunar-plausible, but heat treatment, grinding, fatigue, preload, lubrication, and metrology are not closed.",kb/items/parts/ebf3_rotary_worm_shaft.yaml
ebf3_rotary_worm_wheel,EBF3 rotary worm wheel,2.0,import_until_gap_resolved,defer_split_import_fallback,bronze_or_hardened_steel,bronze,import_receiving_basic_v0,updated_material,very_high,scarce_or_specialty_material,Trace/scarce/specialty alloy dependence; local route should not be assumed without explicit material production and QA.,kb/items/parts/ebf3_rotary_worm_wheel.yaml
ebf3_safety_logic_board,EBF3 safety logic board,0.55,import_nominal,import_as_leaf,electronic,electronic,import_receiving_basic_v0,keep_as_complex_import_or_defer,very_high,import_as_complex_item,"Electronics/software are not decomposed into semiconductor, PCB, passives, and packaging routes; keep import unless explicitly decomposed.",kb/items/parts/ebf3_safety_logic_board.yaml
ebf3_safety_logic_enclosure,EBF3 safety logic enclosure,0.25,local_nominal,lunar_candidate,steel,steel,sheet_metal_cutting_v0,no_material_change,low,ordinary_metal_route,"Material and broad process route are plausible; remaining issues are geometry, stock form, and inspection detail.",kb/items/parts/ebf3_safety_logic_enclosure.yaml
ebf3_safety_logic_terminal_block_set,EBF3 safety logic terminal block set,0.25,import_nominal,earth_import,electronic,electronic,import_receiving_basic_v0,keep_as_complex_import_or_defer,very_high,import_as_complex_item,"Electronics/software are not decomposed into semiconductor, PCB, passives, and packaging routes; keep import unless explicitly decomposed.",kb/items/parts/ebf3_safety_logic_terminal_block_set.yaml
ebf3_safety_relay_or_interlock_set,EBF3 safety relay or interlock set,0.45,import_nominal,import_as_leaf,electronic,electronic,import_receiving_basic_v0,keep_as_complex_import_or_defer,very_high,import_as_complex_item,"Electronics/software are not decomposed into semiconductor, PCB, passives, and packaging routes; keep import unless explicitly decomposed.",kb/items/parts/ebf3_safety_relay_or_interlock_set.yaml
ebf3_sensor_interface_board,EBF3 sensor interface board,0.35,import_nominal,import_as_leaf,electronic,electronic,import_receiving_basic_v0,keep_as_complex_import_or_defer,very_high,import_as_complex_item,"Electronics/software are not decomposed into semiconductor, PCB, passives, and packaging routes; keep import unless explicitly decomposed.",kb/items/parts/ebf3_sensor_interface_board.yaml
ebf3_sensor_interface_connector_set,EBF3 sensor interface connector set,0.1,import_nominal,import_as_leaf,electronic,electronic,import_receiving_basic_v0,keep_as_complex_import_or_defer,very_high,import_as_complex_item,"Electronics/software are not decomposed into semiconductor, PCB, passives, and packaging routes; keep import unless explicitly decomposed.",kb/items/parts/ebf3_sensor_interface_connector_set.yaml
ebf3_sensor_interface_shield,EBF3 sensor interface shield,0.05,local_nominal,lunar_candidate,aluminum,aluminum,sheet_metal_fabrication_v0,no_material_change,medium_high,electrical_conductor_route,Conductor material is plausible only with drawing/insulation/termination/field or vacuum electrical tests; copper is import/recycle constrained.,kb/items/parts/ebf3_sensor_interface_shield.yaml
ebf3_sensor_signal_conditioning_front_end,EBF3 sensor signal conditioning front end,0.2,import_nominal,import_as_leaf,electronic,electronic,import_receiving_basic_v0,keep_as_complex_import_or_defer,very_high,import_as_complex_item,"Electronics/software are not decomposed into semiconductor, PCB, passives, and packaging routes; keep import unless explicitly decomposed.",kb/items/parts/ebf3_sensor_signal_conditioning_front_end.yaml
ebf3_spatter_shield_mounting_tab_set,EBF3 spatter shield mounting tab set,0.15,local_nominal,lunar_candidate,steel_or_aluminum,steel,machining_basic_v0,updated_material,low,ordinary_metal_route,"Material and broad process route are plausible; remaining issues are geometry, stock form, and inspection detail.",kb/items/parts/ebf3_spatter_shield_mounting_tab_set.yaml
ebf3_spatter_shield_panel_set,EBF3 spatter shield panel set,1.1,local_nominal,lunar_candidate,steel,steel,sheet_metal_cutting_v0,no_material_change,low,ordinary_metal_route,"Material and broad process route are plausible; remaining issues are geometry, stock form, and inspection detail.",kb/items/parts/ebf3_spatter_shield_panel_set.yaml
ebf3_spatter_shield_retainer_set,EBF3 spatter shield retainer set,0.25,local_nominal,lunar_candidate,steel,steel,machining_basic_v0,no_material_change,low,ordinary_metal_route,"Material and broad process route are plausible; remaining issues are geometry, stock form, and inspection detail.",kb/items/parts/ebf3_spatter_shield_retainer_set.yaml
ebf3_spool_brake_adjuster_knob,EBF3 spool brake adjuster knob,0.07,local_nominal,lunar_candidate,steel,steel,machining_basic_v0,no_material_change,low,ordinary_metal_route,"Material and broad process route are plausible; remaining issues are geometry, stock form, and inspection detail.",kb/items/parts/ebf3_spool_brake_adjuster_knob.yaml
ebf3_spool_brake_adjuster_lock_nut,EBF3 spool brake adjuster lock nut,0.03,local_nominal,lunar_candidate,steel,steel,fastener_kit_small_fabrication_v0,no_material_change,low,ordinary_metal_route,"Material and broad process route are plausible; remaining issues are geometry, stock form, and inspection detail.",kb/items/parts/ebf3_spool_brake_adjuster_lock_nut.yaml
ebf3_spool_brake_adjuster_screw,EBF3 spool brake adjuster screw,0.1,local_nominal,lunar_candidate,steel,steel,fastener_kit_small_fabrication_v0,no_material_change,low,ordinary_metal_route,"Material and broad process route are plausible; remaining issues are geometry, stock form, and inspection detail.",kb/items/parts/ebf3_spool_brake_adjuster_screw.yaml
ebf3_spool_brake_washer,EBF3 spool brake washer,0.08,sensitivity_flag,lunar_candidate_flagged,steel,steel,sheet_metal_cutting_v0,no_material_change,low,ordinary_metal_route,"Material and broad process route are plausible; remaining issues are geometry, stock form, and inspection detail.",kb/items/parts/ebf3_spool_brake_washer.yaml
ebf3_spool_hub,EBF3 spool hub,0.6,local_nominal,lunar_candidate,steel,steel,machining_basic_v0,no_material_change,low,ordinary_metal_route,"Material and broad process route are plausible; remaining issues are geometry, stock form, and inspection detail.",kb/items/parts/ebf3_spool_hub.yaml
ebf3_spool_retaining_ring,EBF3 spool retaining ring,0.03,import_until_gap_resolved,route_gap,steel,steel,machining_basic_v0,no_material_change,medium_high,structural_vacuum_qa,"Material is local-plausible, but leak/seal/surface/large-panel distortion qualification is not closed.",kb/items/parts/ebf3_spool_retaining_ring.yaml
ebf3_spool_support_shaft,EBF3 spool support shaft,0.5,sensitivity_flag,lunar_candidate_flagged,steel,steel,steel_shaft_machining_v1,no_material_change,medium_high,structural_vacuum_qa,"Material is local-plausible, but leak/seal/surface/large-panel distortion qualification is not closed.",kb/items/parts/ebf3_spool_support_shaft.yaml
ebf3_substrate_clamp_insulating_pad_set,EBF3 substrate clamp insulating pad set,0.2,sensitivity_flag,lunar_candidate_flagged,ceramic,ceramic,ceramic_forming_basic_v0,no_material_change,medium,ceramic_forming_sintering_qa,"Ceramic feedstock and forming are plausible, but shrinkage, density, finish, and inspection remain sensitivity items.",kb/items/parts/ebf3_substrate_clamp_insulating_pad_set.yaml
ebf3_substrate_clamp_jaw_set,EBF3 substrate clamp jaw set,0.55,sensitivity_flag,lunar_candidate_flagged,steel,steel,machining_basic_v0,no_material_change,low,ordinary_metal_route,"Material and broad process route are plausible; remaining issues are geometry, stock form, and inspection detail.",kb/items/parts/ebf3_substrate_clamp_jaw_set.yaml
ebf3_substrate_clamp_screw_set,EBF3 substrate clamp screw set,0.25,sensitivity_flag,lunar_candidate_flagged,steel,steel,fastener_kit_small_fabrication_v0,no_material_change,low,ordinary_metal_route,"Material and broad process route are plausible; remaining issues are geometry, stock form, and inspection detail.",kb/items/parts/ebf3_substrate_clamp_screw_set.yaml
ebf3_tank_side_bushing_cable_socket_interface,EBF3 tank-side bushing cable socket interface,0.2,import_nominal,import_as_leaf,composite,composite,import_receiving_basic_v0,keep_as_complex_import_or_defer,high,unresolved_material_system,Composite label remains unresolved; item needs BOM decomposition or import treatment.,kb/items/parts/ebf3_tank_side_bushing_cable_socket_interface.yaml
ebf3_tank_side_bushing_central_conductor,EBF3 tank-side bushing central conductor,0.25,sensitivity_flag,lunar_candidate_flagged,aluminum,aluminum,machining_basic_v0,no_material_change,medium_high,electrical_conductor_route,Conductor material is plausible only with drawing/insulation/termination/field or vacuum electrical tests; copper is import/recycle constrained.,kb/items/parts/ebf3_tank_side_bushing_central_conductor.yaml
ebf3_tank_side_bushing_field_grading_shield,EBF3 tank-side bushing field grading shield,0.12,sensitivity_flag,lunar_candidate_flagged,conductive_metal,aluminum,machining_basic_v0,updated_material,medium_high,electrical_conductor_route,Conductor material is plausible only with drawing/insulation/termination/field or vacuum electrical tests; copper is import/recycle constrained.,kb/items/parts/ebf3_tank_side_bushing_field_grading_shield.yaml
ebf3_tank_side_bushing_insulator_body,EBF3 tank-side bushing insulator body,0.75,import_until_gap_resolved,route_gap,ceramic,ceramic,ceramic_forming_basic_v0,no_material_change,medium,ceramic_forming_sintering_qa,"Ceramic feedstock and forming are plausible, but shrinkage, density, finish, and inspection remain sensitivity items.",kb/items/parts/ebf3_tank_side_bushing_insulator_body.yaml
ebf3_tank_side_bushing_mounting_flange,EBF3 tank-side bushing mounting flange,0.3,sensitivity_flag,lunar_candidate_flagged,steel,steel,machining_basic_v0,no_material_change,medium_high,structural_vacuum_qa,"Material is local-plausible, but leak/seal/surface/large-panel distortion qualification is not closed.",kb/items/parts/ebf3_tank_side_bushing_mounting_flange.yaml
ebf3_thermal_imager_housing,EBF3 thermal imager housing,0.2,local_nominal,lunar_candidate,aluminum,aluminum,aluminum_housing_machining_v1,no_material_change,low,ordinary_metal_route,"Material and broad process route are plausible; remaining issues are geometry, stock form, and inspection detail.",kb/items/parts/ebf3_thermal_imager_housing.yaml
ebf3_thermal_imager_lens_assembly,EBF3 thermal imager lens assembly,0.25,import_nominal,import_as_leaf,glass,glass,import_receiving_basic_v0,no_material_change,high,ceramic_glass_precision_or_hv_qa,"Lunar feedstock is plausible, but dielectric/optical/hermetic/metallized/precision finishing QA is not closed.",kb/items/parts/ebf3_thermal_imager_lens_assembly.yaml
ebf3_thermal_imager_processing_board,EBF3 thermal imager processing board,0.2,import_nominal,import_as_leaf,electronic,electronic,import_receiving_basic_v0,keep_as_complex_import_or_defer,very_high,import_as_complex_item,"Electronics/software are not decomposed into semiconductor, PCB, passives, and packaging routes; keep import unless explicitly decomposed.",kb/items/parts/ebf3_thermal_imager_processing_board.yaml
ebf3_thermal_imager_sensor_module,EBF3 thermal imager sensor module,0.35,import_nominal,import_as_leaf,electronic,electronic,import_receiving_basic_v0,keep_as_complex_import_or_defer,very_high,import_as_complex_item,"Electronics/software are not decomposed into semiconductor, PCB, passives, and packaging routes; keep import unless explicitly decomposed.",kb/items/parts/ebf3_thermal_imager_sensor_module.yaml
ebf3_thermal_isolation_standoff_body_set,EBF3 thermal isolation standoff body set,0.3,sensitivity_flag,lunar_candidate_flagged,insulator,alumina_ceramic,ceramic_forming_basic_v0,updated_material,medium,ceramic_forming_sintering_qa,"Ceramic feedstock and forming are plausible, but shrinkage, density, finish, and inspection remain sensitivity items.",kb/items/parts/ebf3_thermal_isolation_standoff_body_set.yaml
ebf3_thermal_isolation_standoff_fastener_interface_set,EBF3 thermal isolation standoff fastener interface set,0.04,sensitivity_flag,lunar_candidate_flagged,ceramic,ceramic,ceramic_forming_basic_v0,no_material_change,medium,ceramic_forming_sintering_qa,"Ceramic feedstock and forming are plausible, but shrinkage, density, finish, and inspection remain sensitivity items.",kb/items/parts/ebf3_thermal_isolation_standoff_fastener_interface_set.yaml
ebf3_thermal_isolation_standoff_washer_set,EBF3 thermal isolation standoff washer set,0.06,sensitivity_flag,lunar_candidate_flagged,insulator,alumina_ceramic,ceramic_forming_basic_v0,updated_material,medium,ceramic_forming_sintering_qa,"Ceramic feedstock and forming are plausible, but shrinkage, density, finish, and inspection remain sensitivity items.",kb/items/parts/ebf3_thermal_isolation_standoff_washer_set.yaml
ebf3_timebase_oscillator_module,EBF3 timebase oscillator module,0.1,import_nominal,import_as_leaf,electronic,electronic,import_receiving_basic_v0,keep_as_complex_import_or_defer,very_high,import_as_complex_item,"Electronics/software are not decomposed into semiconductor, PCB, passives, and packaging routes; keep import unless explicitly decomposed.",kb/items/parts/ebf3_timebase_oscillator_module.yaml
ebf3_transformer_insulation_barrier_set,EBF3 transformer insulation barrier set,0.6,import_nominal,earth_import,insulator,polymer_dielectric,coil_insulation_production_v0,updated_material,high,polymer_or_special_chemistry,"Polymer, elastomer, oil, TIM, and friction materials depend on organics/special chemistry and vacuum/HV qualification.",kb/items/parts/ebf3_transformer_insulation_barrier_set.yaml
ebf3_transformer_spacer_post_set,EBF3 transformer spacer post set,0.4,import_until_gap_resolved,route_gap,insulator,alumina_ceramic,ceramic_forming_basic_v0,updated_material,medium,ceramic_forming_sintering_qa,"Ceramic feedstock and forming are plausible, but shrinkage, density, finish, and inspection remain sensitivity items.",kb/items/parts/ebf3_transformer_spacer_post_set.yaml
ebf3_visible_camera_housing,EBF3 visible camera housing,0.3,local_nominal,lunar_candidate,aluminum,aluminum,aluminum_housing_machining_v1,no_material_change,low,ordinary_metal_route,"Material and broad process route are plausible; remaining issues are geometry, stock form, and inspection detail.",kb/items/parts/ebf3_visible_camera_housing.yaml
ebf3_visible_camera_lens_assembly,EBF3 visible camera lens assembly,0.25,import_nominal,import_as_leaf,glass,glass,import_receiving_basic_v0,no_material_change,high,ceramic_glass_precision_or_hv_qa,"Lunar feedstock is plausible, but dielectric/optical/hermetic/metallized/precision finishing QA is not closed.",kb/items/parts/ebf3_visible_camera_lens_assembly.yaml
ebf3_visible_camera_sensor_module,EBF3 visible camera sensor module,0.3,import_nominal,import_as_leaf,electronic,electronic,import_receiving_basic_v0,keep_as_complex_import_or_defer,very_high,import_as_complex_item,"Electronics/software are not decomposed into semiconductor, PCB, passives, and packaging routes; keep import unless explicitly decomposed.",kb/items/parts/ebf3_visible_camera_sensor_module.yaml
ebf3_visible_camera_signal_cable,EBF3 visible camera signal cable,0.15,import_nominal,earth_import,composite,composite,import_receiving_basic_v0,keep_as_complex_import_or_defer,high,unresolved_material_system,Composite label remains unresolved; item needs BOM decomposition or import treatment.,kb/items/parts/ebf3_visible_camera_signal_cable.yaml
ebf3_wire_feed_control_board,EBF3 wire feed control board,0.45,import_nominal,import_as_leaf,electronic,electronic,import_receiving_basic_v0,keep_as_complex_import_or_defer,very_high,import_as_complex_item,"Electronics/software are not decomposed into semiconductor, PCB, passives, and packaging routes; keep import unless explicitly decomposed.",kb/items/parts/ebf3_wire_feed_control_board.yaml
ebf3_wire_feed_control_connector_set,EBF3 wire feed control connector set,0.15,import_nominal,import_as_leaf,electronic,electronic,import_receiving_basic_v0,keep_as_complex_import_or_defer,very_high,import_as_complex_item,"Electronics/software are not decomposed into semiconductor, PCB, passives, and packaging routes; keep import unless explicitly decomposed.",kb/items/parts/ebf3_wire_feed_control_connector_set.yaml
ebf3_wire_feed_control_shield,EBF3 wire feed control shield,0.1,local_nominal,lunar_candidate,steel,steel,sheet_metal_cutting_v0,no_material_change,low,ordinary_metal_route,"Material and broad process route are plausible; remaining issues are geometry, stock form, and inspection detail.",kb/items/parts/ebf3_wire_feed_control_shield.yaml
ebf3_wire_feed_drive_roll_body,EBF3 wire feed drive roll body,0.22,import_until_gap_resolved,route_gap,hardened_steel,hardened_steel,steel_shaft_machining_v0,no_material_change,high,precision_heat_treat_metrology,"Base steel may be lunar-plausible, but heat treatment, grinding, fatigue, preload, lubrication, and metrology are not closed.",kb/items/parts/ebf3_wire_feed_drive_roll_body.yaml
ebf3_wire_feed_drive_roll_groove_profile,EBF3 wire feed drive roll groove profile,0.05,import_until_gap_resolved,route_gap,hardened_steel,hardened_steel,machining_basic_v0,no_material_change,high,precision_heat_treat_metrology,"Base steel may be lunar-plausible, but heat treatment, grinding, fatigue, preload, lubrication, and metrology are not closed.",kb/items/parts/ebf3_wire_feed_drive_roll_groove_profile.yaml
ebf3_wire_feed_drive_roll_set_screw_or_key,EBF3 wire feed drive roll set screw or key,0.03,sensitivity_flag,lunar_candidate_flagged,steel,steel,fastener_kit_small_fabrication_v0,no_material_change,low,ordinary_metal_route,"Material and broad process route are plausible; remaining issues are geometry, stock form, and inspection detail.",kb/items/parts/ebf3_wire_feed_drive_roll_set_screw_or_key.yaml
ebf3_wire_feed_encoder_sensor_body,EBF3 wire feed encoder sensor body,0.14,import_nominal,import_as_leaf,electronic,electronic,import_receiving_basic_v0,keep_as_complex_import_or_defer,very_high,import_as_complex_item,"Electronics/software are not decomposed into semiconductor, PCB, passives, and packaging routes; keep import unless explicitly decomposed.",kb/items/parts/ebf3_wire_feed_encoder_sensor_body.yaml
ebf3_wire_feed_encoder_signal_lead,EBF3 wire feed encoder signal lead,0.08,import_nominal,earth_import,composite,composite,import_receiving_basic_v0,keep_as_complex_import_or_defer,high,unresolved_material_system,Composite label remains unresolved; item needs BOM decomposition or import treatment.,kb/items/parts/ebf3_wire_feed_encoder_signal_lead.yaml
ebf3_wire_feed_encoder_target,EBF3 wire feed encoder target,0.08,import_until_gap_resolved,route_gap,steel,steel,machining_basic_v0,no_material_change,medium_high,structural_vacuum_qa,"Material is local-plausible, but leak/seal/surface/large-panel distortion qualification is not closed.",kb/items/parts/ebf3_wire_feed_encoder_target.yaml
ebf3_wire_feed_gearbox,EBF3 wire feed gearbox,0.7,import_until_gap_resolved,defer_split_import_fallback,mixed_precision_gearbox_materials,mixed_precision_gearbox_materials,import_receiving_basic_v0,keep_as_complex_import_or_defer,high,precision_heat_treat_metrology,"Base steel may be lunar-plausible, but heat treatment, grinding, fatigue, preload, lubrication, and metrology are not closed.",kb/items/parts/ebf3_wire_feed_gearbox.yaml
ebf3_wire_feed_idler_arm,EBF3 wire feed idler arm,0.4,local_nominal,lunar_candidate,steel,steel,machining_basic_v0,no_material_change,low,ordinary_metal_route,"Material and broad process route are plausible; remaining issues are geometry, stock form, and inspection detail.",kb/items/parts/ebf3_wire_feed_idler_arm.yaml
ebf3_wire_feed_motor_body,EBF3 wire feed motor body,0.95,import_nominal,import_as_leaf,electronic,electronic,import_receiving_basic_v0,keep_as_complex_import_or_defer,very_high,import_as_complex_item,"Electronics/software are not decomposed into semiconductor, PCB, passives, and packaging routes; keep import unless explicitly decomposed.",kb/items/parts/ebf3_wire_feed_motor_body.yaml
ebf3_wire_feed_motor_clamp_insulator,EBF3 wire feed motor clamp insulator,0.2,sensitivity_flag,lunar_candidate_flagged,insulator,alumina_ceramic,ceramic_forming_basic_v0,updated_material,medium,ceramic_forming_sintering_qa,"Ceramic feedstock and forming are plausible, but shrinkage, density, finish, and inspection remain sensitivity items.",kb/items/parts/ebf3_wire_feed_motor_clamp_insulator.yaml
ebf3_wire_feed_motor_driver_stage,EBF3 wire feed motor driver stage,0.3,import_nominal,import_as_leaf,electronic,electronic,import_receiving_basic_v0,keep_as_complex_import_or_defer,very_high,import_as_complex_item,"Electronics/software are not decomposed into semiconductor, PCB, passives, and packaging routes; keep import unless explicitly decomposed.",kb/items/parts/ebf3_wire_feed_motor_driver_stage.yaml
ebf3_wire_feed_motor_housing,EBF3 wire feed motor housing,0.2,local_nominal,lunar_candidate,steel,steel,motor_housing_casting_v0,no_material_change,low,ordinary_metal_route,"Material and broad process route are plausible; remaining issues are geometry, stock form, and inspection detail.",kb/items/parts/ebf3_wire_feed_motor_housing.yaml
ebf3_wire_feed_motor_lead_set,EBF3 wire feed motor lead set,0.15,import_nominal,earth_import,composite,composite,import_receiving_basic_v0,keep_as_complex_import_or_defer,high,unresolved_material_system,Composite label remains unresolved; item needs BOM decomposition or import treatment.,kb/items/parts/ebf3_wire_feed_motor_lead_set.yaml
ebf3_wire_feed_motor_mount_clamp_alignment_pin_set,EBF3 wire feed motor mount clamp alignment pin set,0.04,sensitivity_flag,lunar_candidate_flagged,steel,steel,steel_shaft_machining_v0,no_material_change,low,ordinary_metal_route,"Material and broad process route are plausible; remaining issues are geometry, stock form, and inspection detail.",kb/items/parts/ebf3_wire_feed_motor_mount_clamp_alignment_pin_set.yaml
ebf3_wire_feed_motor_mount_clamp_fastener_set,EBF3 wire feed motor mount clamp fastener set,0.08,sensitivity_flag,lunar_candidate_flagged,steel,steel,fastener_kit_small_fabrication_v0,no_material_change,low,ordinary_metal_route,"Material and broad process route are plausible; remaining issues are geometry, stock form, and inspection detail.",kb/items/parts/ebf3_wire_feed_motor_mount_clamp_fastener_set.yaml
ebf3_wire_feed_motor_mount_clamp_half_set,EBF3 wire feed motor mount clamp half set,0.28,local_nominal,lunar_candidate,steel,steel,machining_basic_v0,no_material_change,low,ordinary_metal_route,"Material and broad process route are plausible; remaining issues are geometry, stock form, and inspection detail.",kb/items/parts/ebf3_wire_feed_motor_mount_clamp_half_set.yaml
ebf3_wire_feed_pressure_arm_pivot_pin,EBF3 wire feed pressure-arm pivot pin,0.04,sensitivity_flag,lunar_candidate_flagged,steel,steel,steel_shaft_machining_v0,no_material_change,low,ordinary_metal_route,"Material and broad process route are plausible; remaining issues are geometry, stock form, and inspection detail.",kb/items/parts/ebf3_wire_feed_pressure_arm_pivot_pin.yaml
ebf3_wire_feed_pressure_roll,EBF3 wire feed pressure roll,0.25,import_until_gap_resolved,route_gap,steel,steel,machining_basic_v0,no_material_change,medium_high,structural_vacuum_qa,"Material is local-plausible, but leak/seal/surface/large-panel distortion qualification is not closed.",kb/items/parts/ebf3_wire_feed_pressure_roll.yaml
ebf3_wire_feed_roll_bearing_set,EBF3 wire feed roll bearing set,0.2,import_until_gap_resolved,defer_split_import_fallback,bearing_steel,bearing_steel,import_receiving_basic_v0,no_material_change,high,precision_heat_treat_metrology,"Base steel may be lunar-plausible, but heat treatment, grinding, fatigue, preload, lubrication, and metrology are not closed.",kb/items/parts/ebf3_wire_feed_roll_bearing_set.yaml
ebf3_wire_feeder_base_mounting_slot_set,EBF3 wire feeder base mounting slot set,0.36,local_nominal,lunar_candidate,steel,steel,machining_basic_v0,no_material_change,low,ordinary_metal_route,"Material and broad process route are plausible; remaining issues are geometry, stock form, and inspection detail.",kb/items/parts/ebf3_wire_feeder_base_mounting_slot_set.yaml
ebf3_wire_feeder_base_plate,EBF3 wire feeder base plate,1.8,local_nominal,lunar_candidate,steel,steel,machining_basic_v0,no_material_change,low,ordinary_metal_route,"Material and broad process route are plausible; remaining issues are geometry, stock form, and inspection detail.",kb/items/parts/ebf3_wire_feeder_base_plate.yaml
ebf3_wire_feeder_base_standoff_set,EBF3 wire feeder base standoff set,0.7,sensitivity_flag,lunar_candidate_flagged,alumina_ceramic,alumina_ceramic,ceramic_forming_basic_v0,no_material_change,medium,ceramic_forming_sintering_qa,"Ceramic feedstock and forming are plausible, but shrinkage, density, finish, and inspection remain sensitivity items.",kb/items/parts/ebf3_wire_feeder_base_standoff_set.yaml
ebf3_wire_feeder_base_stiffener,EBF3 wire feeder base stiffener,0.4,local_nominal,lunar_candidate,steel,steel,sheet_metal_cutting_v0,no_material_change,low,ordinary_metal_route,"Material and broad process route are plausible; remaining issues are geometry, stock form, and inspection detail.",kb/items/parts/ebf3_wire_feeder_base_stiffener.yaml
ebf3_wire_feeder_feedthrough_air_side_connector,EBF3 wire feeder feedthrough air-side connector,0.05,import_nominal,import_as_leaf,composite,composite,import_receiving_basic_v0,keep_as_complex_import_or_defer,high,unresolved_material_system,Composite label remains unresolved; item needs BOM decomposition or import treatment.,kb/items/parts/ebf3_wire_feeder_feedthrough_air_side_connector.yaml
ebf3_wire_feeder_feedthrough_flange,EBF3 wire feeder feedthrough flange,0.08,sensitivity_flag,lunar_candidate_flagged,steel,steel,machining_basic_v0,no_material_change,low,ordinary_metal_route,"Material and broad process route are plausible; remaining issues are geometry, stock form, and inspection detail.",kb/items/parts/ebf3_wire_feeder_feedthrough_flange.yaml
ebf3_wire_feeder_feedthrough_insulator_body,EBF3 wire feeder feedthrough insulator body,0.18,import_until_gap_resolved,route_gap,ceramic,ceramic,ceramic_forming_basic_v0,no_material_change,high,ceramic_glass_precision_or_hv_qa,"Lunar feedstock is plausible, but dielectric/optical/hermetic/metallized/precision finishing QA is not closed.",kb/items/parts/ebf3_wire_feeder_feedthrough_insulator_body.yaml
ebf3_wire_feeder_feedthrough_motor_power_pin_set,EBF3 wire feeder feedthrough motor power pin set,0.08,import_nominal,earth_import,conductive_metal,kovar_or_copper_alloy,import_receiving_basic_v0,updated_material,very_high,scarce_or_specialty_material,Trace/scarce/specialty alloy dependence; local route should not be assumed without explicit material production and QA.,kb/items/parts/ebf3_wire_feeder_feedthrough_motor_power_pin_set.yaml
ebf3_wire_feeder_feedthrough_shield_termination_interface,EBF3 wire feeder feedthrough shield termination interface,0.03,sensitivity_flag,lunar_candidate_flagged,conductive_metal,aluminum,machining_basic_v0,updated_material,medium_high,electrical_conductor_route,Conductor material is plausible only with drawing/insulation/termination/field or vacuum electrical tests; copper is import/recycle constrained.,kb/items/parts/ebf3_wire_feeder_feedthrough_shield_termination_interface.yaml
ebf3_wire_feeder_feedthrough_signal_pin_set,EBF3 wire feeder feedthrough signal pin set,0.04,import_until_gap_resolved,route_gap,conductive_metal,kovar_or_copper_alloy,electrical_feedthrough_vacuum_fabrication_v0,updated_material,very_high,scarce_or_specialty_material,Trace/scarce/specialty alloy dependence; local route should not be assumed without explicit material production and QA.,kb/items/parts/ebf3_wire_feeder_feedthrough_signal_pin_set.yaml
ebf3_wire_feeder_feedthrough_vacuum_side_connector,EBF3 wire feeder feedthrough vacuum-side connector,0.05,import_nominal,import_as_leaf,composite,composite,import_receiving_basic_v0,keep_as_complex_import_or_defer,high,unresolved_material_system,Composite label remains unresolved; item needs BOM decomposition or import treatment.,kb/items/parts/ebf3_wire_feeder_feedthrough_vacuum_side_connector.yaml
ebf3_wire_feeder_gun_bracket_alignment_pin_set,EBF3 wire feeder gun bracket alignment pin set,0.2,sensitivity_flag,lunar_candidate_flagged,steel,steel,steel_shaft_machining_v0,no_material_change,low,ordinary_metal_route,"Material and broad process route are plausible; remaining issues are geometry, stock form, and inspection detail.",kb/items/parts/ebf3_wire_feeder_gun_bracket_alignment_pin_set.yaml
ebf3_wire_feeder_gun_bracket_body,EBF3 wire feeder gun bracket body,0.8,sensitivity_flag,lunar_candidate_flagged,steel,steel,machining_basic_v0,no_material_change,low,ordinary_metal_route,"Material and broad process route are plausible; remaining issues are geometry, stock form, and inspection detail.",kb/items/parts/ebf3_wire_feeder_gun_bracket_body.yaml
ebf3_wire_feeder_gun_bracket_fastener_interface_set,EBF3 wire feeder gun bracket fastener interface set,0.2,sensitivity_flag,lunar_candidate_flagged,steel,steel,fastener_kit_small_fabrication_v0,no_material_change,low,ordinary_metal_route,"Material and broad process route are plausible; remaining issues are geometry, stock form, and inspection detail.",kb/items/parts/ebf3_wire_feeder_gun_bracket_fastener_interface_set.yaml
ebf3_wire_inlet_guide,EBF3 wire inlet guide,0.15,local_nominal,lunar_candidate,steel,steel,machining_basic_v0,no_material_change,low,ordinary_metal_route,"Material and broad process route are plausible; remaining issues are geometry, stock form, and inspection detail.",kb/items/parts/ebf3_wire_inlet_guide.yaml
ebf3_wire_outlet_guide_tube,EBF3 wire outlet guide tube,0.25,sensitivity_flag,lunar_candidate_flagged,steel,steel,tube_bending_and_cutting_v0,no_material_change,low,ordinary_metal_route,"Material and broad process route are plausible; remaining issues are geometry, stock form, and inspection detail.",kb/items/parts/ebf3_wire_outlet_guide_tube.yaml
ebf3_wire_spool_core,EBF3 wire spool core,0.35,local_nominal,lunar_candidate,steel,steel,machining_basic_v0,no_material_change,high,magnetic_property_qa,"Shape/material may be plausible, but permeability/loss/lamination/ferrite composition/anneal and magnetic acceptance are not closed.",kb/items/parts/ebf3_wire_spool_core.yaml
ebf3_wire_spool_flange_set,EBF3 wire spool flange set,0.35,local_nominal,lunar_candidate,steel,steel,metal_stamping_process_v0,no_material_change,low,ordinary_metal_route,"Material and broad process route are plausible; remaining issues are geometry, stock form, and inspection detail.",kb/items/parts/ebf3_wire_spool_flange_set.yaml
ebf3_wire_spool_retention_feature_set,EBF3 wire spool retention feature set,0.1,local_nominal,lunar_candidate,steel,steel,machining_basic_v0,no_material_change,low,ordinary_metal_route,"Material and broad process route are plausible; remaining issues are geometry, stock form, and inspection detail.",kb/items/parts/ebf3_wire_spool_retention_feature_set.yaml
ebf3_x_axis_ball_screw_shaft,EBF3 x axis ball screw shaft,1.0,import_until_gap_resolved,route_gap,hardened_steel,hardened_steel,steel_shaft_machining_v1,no_material_change,high,precision_heat_treat_metrology,"Base steel may be lunar-plausible, but heat treatment, grinding, fatigue, preload, lubrication, and metrology are not closed.",kb/items/parts/ebf3_x_axis_ball_screw_shaft.yaml
ebf3_y_axis_ball_screw_shaft,EBF3 y axis ball screw shaft,1.0,import_until_gap_resolved,route_gap,steel,steel,ball_screw_fabrication_v0,no_material_change,high,precision_heat_treat_metrology,"Base steel may be lunar-plausible, but heat treatment, grinding, fatigue, preload, lubrication, and metrology are not closed.",kb/items/parts/ebf3_y_axis_ball_screw_shaft.yaml
ebf3_z_axis_ball_screw_shaft,EBF3 z axis ball screw shaft,1.0,import_until_gap_resolved,route_gap,bearing_steel,bearing_steel,ball_screw_fabrication_v0,no_material_change,high,precision_heat_treat_metrology,"Base steel may be lunar-plausible, but heat treatment, grinding, fatigue, preload, lubrication, and metrology are not closed.",kb/items/parts/ebf3_z_axis_ball_screw_shaft.yaml
ebf3_z_axis_brake_body,EBF3 z axis brake body,0.4,import_nominal,import_as_leaf,electronic,electronic,import_receiving_basic_v0,keep_as_complex_import_or_defer,very_high,import_as_complex_item,"Electronics/software are not decomposed into semiconductor, PCB, passives, and packaging routes; keep import unless explicitly decomposed.",kb/items/parts/ebf3_z_axis_brake_body.yaml
ebf3_z_axis_brake_friction_disc,EBF3 z axis brake friction disc,0.2,import_nominal,import_as_leaf,composite,friction_material_composite,import_receiving_basic_v0,updated_material,high,polymer_or_special_chemistry,"Polymer, elastomer, oil, TIM, and friction materials depend on organics/special chemistry and vacuum/HV qualification.",kb/items/parts/ebf3_z_axis_brake_friction_disc.yaml
ebf3_z_axis_brake_mount,EBF3 z axis brake mount,0.2,local_nominal,lunar_candidate,steel,steel,machining_basic_v0,no_material_change,low,ordinary_metal_route,"Material and broad process route are plausible; remaining issues are geometry, stock form, and inspection detail.",kb/items/parts/ebf3_z_axis_brake_mount.yaml
ebf3_z_axis_counterbalance_anchor_set,EBF3 z axis counterbalance anchor set,0.25,local_nominal,lunar_candidate,steel,steel,machining_basic_v0,no_material_change,low,ordinary_metal_route,"Material and broad process route are plausible; remaining issues are geometry, stock form, and inspection detail.",kb/items/parts/ebf3_z_axis_counterbalance_anchor_set.yaml
ebf3_z_axis_counterbalance_guide_or_link,EBF3 z axis counterbalance guide or link,0.2,sensitivity_flag,lunar_candidate_flagged,steel,steel,machining_basic_v0,no_material_change,low,ordinary_metal_route,"Material and broad process route are plausible; remaining issues are geometry, stock form, and inspection detail.",kb/items/parts/ebf3_z_axis_counterbalance_guide_or_link.yaml
ebf3_z_axis_counterbalance_metal_spring_element,EBF3 Z-axis counterbalance metal spring element,0.35,import_until_gap_resolved,route_gap,spring_steel,spring_steel,heat_treat_basic_v0,no_material_change,high,precision_heat_treat_metrology,"Base steel may be lunar-plausible, but heat treatment, grinding, fatigue, preload, lubrication, and metrology are not closed.",kb/items/parts/ebf3_z_axis_counterbalance_metal_spring_element.yaml
ebf3_z_axis_counterbalance_preload_adjustment_interface,EBF3 Z-axis counterbalance preload adjustment interface,0.08,local_nominal,lunar_candidate,steel,steel,machining_basic_v0,no_material_change,low,ordinary_metal_route,"Material and broad process route are plausible; remaining issues are geometry, stock form, and inspection detail.",kb/items/parts/ebf3_z_axis_counterbalance_preload_adjustment_interface.yaml
ebf3_z_axis_counterbalance_spring_end_seat_set,EBF3 Z-axis counterbalance spring end seat set,0.12,local_nominal,lunar_candidate,steel,steel,machining_basic_v0,no_material_change,low,ordinary_metal_route,"Material and broad process route are plausible; remaining issues are geometry, stock form, and inspection detail.",kb/items/parts/ebf3_z_axis_counterbalance_spring_end_seat_set.yaml
