batch_id,item_id,current_decision,current_policy,current_material,current_process,audit_verdict,proposed_decision,proposed_policy,severity,issue_type,reasoning,recommended_edit,integration_decision,integration_note
route_batch_01,ebf3_adc_module_shield,lunar_candidate_flagged,sensitivity_flag,steel_plate_or_sheet,sheet_metal_cutting_v0,keep,lunar_candidate_flagged,sensitivity_flag,ok,ok,Sheet metal route is plausible and electronics shielding risk is explicitly flagged,Keep as flagged local sensitivity case,not_applicable,audit verdict keep
route_batch_01,ebf3_axis_motor_housing_set,lunar_candidate_flagged,sensitivity_flag,steel_stock,motor_housing_casting_v0,keep,lunar_candidate_flagged,sensitivity_flag,ok,ok,Ready casting and CNC cover housing geometry while bearing and vacuum motor risks are flagged,Keep flagged rather than clean local,not_applicable,audit verdict keep
route_batch_01,ebf3_ball_nut_recirculation_insert_set,route_gap,import_until_gap_resolved,steel_bar_stock,ball_screw_fabrication_v0,keep,route_gap,import_until_gap_resolved,ok,ok,Precision ball return geometry and hardened race closure are absent,Keep route_gap and import until precision screw route closes,not_applicable,audit verdict keep
route_batch_01,ebf3_beam_current_return_lug_set,lunar_candidate_flagged,sensitivity_flag,steel_plate_or_sheet,machining_basic_v0,change,lunar_candidate_flagged,sensitivity_flag,material,wrong_material,Steel is locally easy but the beam-current return lug is conductivity and contact-heating limited,Change selected material to aluminum conductor stock if acceptable or route_gap if copper or plated contacts are required,applied,accepted in process_route_review; see updated decision/material/process/flags
route_batch_01,ebf3_cabin_access_door_hinge_fastener_interface_set,lunar_candidate_flagged,sensitivity_flag,steel_stock,fastener_kit_small_fabrication_v0,keep,lunar_candidate_flagged,sensitivity_flag,ok,ok,Local steel interface hardware is plausible and hinge vacuum galling risk is flagged,Keep flagged local route,not_applicable,audit verdict keep
route_batch_01,ebf3_cabin_access_door_latch_handle_or_cam_set,lunar_candidate_flagged,sensitivity_flag,steel_stock,machining_basic_v0,keep,lunar_candidate_flagged,sensitivity_flag,ok,ok,The part is machinable metal but latch travel and seal compression are correctly flagged,Keep flagged local route,not_applicable,audit verdict keep
route_batch_01,ebf3_cabin_frame_corner_gusset_set,lunar_candidate_flagged,sensitivity_flag,steel_plate_or_sheet,metal_fabrication_basic_v0,keep,lunar_candidate_flagged,sensitivity_flag,ok,ok,Structural gusset fabrication is local-feasible while vacuum-adjacent stiffness risks are flagged,Keep flagged local route,not_applicable,audit verdict keep
route_batch_01,ebf3_cabin_gun_port_reinforcement_ring,lunar_candidate_flagged,sensitivity_flag,steel_plate_or_sheet,machining_basic_v0,keep,lunar_candidate_flagged,sensitivity_flag,ok,ok,The ring body is machinable but supports a vacuum gun port and beam alignment,Keep flagged local route,not_applicable,audit verdict keep
route_batch_01,ebf3_cabin_positioning_leveling_pad_set,lunar_candidate_flagged,sensitivity_flag,steel_stock,machining_basic_v0,keep,lunar_candidate_flagged,sensitivity_flag,ok,ok,Simple steel pad fabrication is plausible and datum repeatability is marked,Keep flagged local route,not_applicable,audit verdict keep
route_batch_01,ebf3_cabin_wire_feeder_port_reinforcement_ring,lunar_candidate_flagged,sensitivity_flag,steel_plate_or_sheet,machining_basic_v0,keep,lunar_candidate_flagged,sensitivity_flag,ok,ok,Local ring machining is plausible and feedthrough port seal backing risk is flagged,Keep flagged local route,not_applicable,audit verdict keep
route_batch_01,ebf3_controls_cabinet_mounting_rail_set,lunar_candidate,local_nominal,steel_plate_or_sheet,sheet_metal_cutting_v0,keep,lunar_candidate,local_nominal,ok,ok,This is ordinary cabinet mounting metalwork with only low-risk fit requirements,Keep clean lunar_candidate,not_applicable,audit verdict keep
route_batch_01,ebf3_drive_roll_cover_shell,lunar_candidate,local_nominal,steel_plate_or_sheet,sheet_metal_cutting_v0,keep,lunar_candidate,local_nominal,ok,ok,Guard cover shell is ordinary sheet metal and not a performance-critical motion element,Keep clean lunar_candidate,not_applicable,audit verdict keep
route_batch_01,ebf3_emi_filter_choke_terminal_set,lunar_candidate_flagged,sensitivity_flag,aluminum_wire,electrical_wire_and_connectors_production_v0,change,lunar_candidate_flagged,sensitivity_flag,minor,wrong_process,The selected aluminum terminal concept does not match the current process which consumes copper magnet wire and generic cut wires,Replace process with aluminum terminal machining or stamping while keeping sensitivity_flag for contact heating,applied,accepted in process_route_review; see updated decision/material/process/flags
route_batch_01,ebf3_emi_filter_enclosure,lunar_candidate_flagged,sensitivity_flag,steel_plate_or_sheet,enclosure_assembly_basic_v0,keep,lunar_candidate_flagged,sensitivity_flag,ok,ok,Enclosure fabrication is simple but EMI and grounding performance are correctly flagged,Keep flagged local route,not_applicable,audit verdict keep
route_batch_01,ebf3_fixed_side_screw_bearing_block_body_set,lunar_candidate_flagged,sensitivity_flag,steel_stock,machining_basic_v0,keep,lunar_candidate_flagged,sensitivity_flag,ok,ok,Bearing block body can be locally machined but bearing-seat precision remains flagged,Keep flagged local route,not_applicable,audit verdict keep
route_batch_01,ebf3_gun_anode,earth_import,import_nominal,molybdenum_metal,import_receiving_basic_v0,keep,earth_import,import_nominal,ok,ok,Precision refractory electron-gun anode is appropriately direct import,Keep earth_import,not_applicable,audit verdict keep
route_batch_01,ebf3_gun_beam_boundary_pickup_insulator,lunar_candidate_flagged,sensitivity_flag,alumina_ceramic_v0,ceramic_base_fabrication_v0,change,route_gap,import_until_gap_resolved,material,overoptimistic_flagged,Local alumina availability does not close HV leakage and electron-beam charging qualification for an active beam-boundary insulator,Change to route_gap until HV vacuum dielectric test route is modeled,applied,accepted in process_route_review; see updated decision/material/process/flags
route_batch_01,ebf3_gun_cathode_radiation_shield_foil_stack,earth_import,import_nominal,molybdenum_metal,import_receiving_basic_v0,keep,earth_import,import_nominal,ok,ok,Specialty molybdenum foil stack is correctly import-first,Keep earth_import,not_applicable,audit verdict keep
route_batch_01,ebf3_gun_column_internal_support_frame,lunar_candidate_flagged,sensitivity_flag,steel_stock,metal_fabrication_basic_v0,keep,lunar_candidate_flagged,sensitivity_flag,ok,ok,Structural frame fabrication is plausible while beamline alignment and magnetic disturbance are flagged,Keep flagged local route,not_applicable,audit verdict keep
route_batch_01,ebf3_gun_dynamic_lens_yoke,lunar_candidate_flagged,sensitivity_flag,electrical_steel_sheet,electrical_steel_production_v0,change,route_gap,import_until_gap_resolved,material,overoptimistic_flagged,Electrical steel production supports feedstock but not magnetic lens yoke permeability geometry hysteresis and active beam performance,Change to route_gap until magnetic yoke finishing and qualification route exists,applied,accepted in process_route_review; see updated decision/material/process/flags
route_batch_01,ebf3_gun_hv_input_flange_housing,lunar_candidate_flagged,sensitivity_flag,steel_stock,machining_basic_v0,keep,lunar_candidate_flagged,sensitivity_flag,ok,ok,Flange housing body is machinable and HV vacuum interface risk is explicit,Keep flagged local route,not_applicable,audit verdict keep
route_batch_01,ebf3_gun_hv_insulator_mounting_collar_set,lunar_candidate_flagged,sensitivity_flag,alumina_ceramic_v0,ceramic_base_fabrication_v0,change,route_gap,import_until_gap_resolved,material,overoptimistic_flagged,Generic ceramic fabrication does not close HV dielectric clearance beamline alignment and thermal mismatch qualification,Keep as import_until_gap_resolved until ceramic collar dielectric and alignment qualification is modeled,applied,accepted in process_route_review; see updated decision/material/process/flags
route_batch_01,ebf3_gun_secondary_electron_ring_collector,lunar_candidate_flagged,sensitivity_flag,steel_plate_or_sheet,machining_basic_v0,keep,lunar_candidate_flagged,sensitivity_flag,ok,ok,Conductive ring geometry is locally machinable and beam collector performance is flagged,Keep flagged local route,not_applicable,audit verdict keep
route_batch_01,ebf3_gun_trajectory_corrector_mount,lunar_candidate_flagged,sensitivity_flag,steel_stock,machining_basic_v0,keep,lunar_candidate_flagged,sensitivity_flag,ok,ok,Mount is simple metal but trajectory alignment and magnetic cleanliness are flagged,Keep flagged local route,not_applicable,audit verdict keep
route_batch_01,ebf3_hv_cable_outer_jacket,earth_import,import_nominal,silicone_rubber,import_receiving_basic_v0,keep,earth_import,import_nominal,ok,ok,Vacuum-rated HV cable insulation is specialty polymer qualification,Keep earth_import,not_applicable,audit verdict keep
route_batch_01,ebf3_hv_drain_valve,defer_import_fallback,import_until_gap_resolved,steel_stock,pressure_control_valve_assembly_v0,keep,defer_import_fallback,import_until_gap_resolved,ok,ok,Valve seals and oil cleanliness dominate and first-version import fallback is appropriate,Keep defer_import_fallback,not_applicable,audit verdict keep
route_batch_01,ebf3_hv_pressure_relief_valve_body,lunar_candidate_flagged,sensitivity_flag,steel_stock,pressure_control_valve_assembly_v0,keep,lunar_candidate_flagged,sensitivity_flag,ok,ok,Body fabrication can be local while relief setpoint and seal details remain flagged,Keep flagged local route,not_applicable,audit verdict keep
route_batch_01,ebf3_hv_transformer_insulating_fluid,earth_import,import_nominal,silicone_rubber,import_receiving_basic_v0,keep,earth_import,import_nominal,ok,ok,HV insulating fluid depends on qualified polymer or oil chemistry and should be imported,Keep earth_import,not_applicable,audit verdict keep
route_batch_01,ebf3_hv_transformer_magnetic_core_set,route_gap,import_until_gap_resolved,electrical_steel_sheet,electrical_steel_production_v0,keep,route_gap,import_until_gap_resolved,ok,ok,Transformer core lamination insulation anneal and core-loss qualification remain missing,Keep route_gap,not_applicable,audit verdict keep
route_batch_01,ebf3_hv_transformer_section_support_structure,route_gap,import_until_gap_resolved,alumina_ceramic_v0,ceramic_base_fabrication_v0,keep,route_gap,import_until_gap_resolved,ok,ok,HV oil-immersed dielectric support qualification is not closed by alumina material route,Keep route_gap,not_applicable,audit verdict keep
route_batch_01,ebf3_hv_voltage_divider_insulating_support,lunar_candidate_flagged,sensitivity_flag,alumina_ceramic_v0,ceramic_base_fabrication_v0,keep,lunar_candidate_flagged,sensitivity_flag,ok,ok,Alumina support is plausible as a sensitivity case and HV divider leakage is flagged,Keep flagged local route,not_applicable,audit verdict keep
route_batch_01,ebf3_intermediate_wire_guide_body,lunar_candidate_flagged,sensitivity_flag,steel_stock,machining_basic_v0,keep,lunar_candidate_flagged,sensitivity_flag,ok,ok,Guide body is machinable but wear debris and bore finish risks are explicit,Keep flagged local route,not_applicable,audit verdict keep
route_batch_01,ebf3_linear_guide_carriage_block_set,route_gap,import_until_gap_resolved,steel_stock,machining_basic_v0,keep,route_gap,import_until_gap_resolved,ok,ok,Carriage race finish preload and guideway hardness are unresolved precision-motion gaps,Keep route_gap,not_applicable,audit verdict keep
route_batch_01,ebf3_linear_guide_rail_end_stop_set,lunar_candidate_flagged,sensitivity_flag,steel_stock,machining_basic_v0,keep,lunar_candidate_flagged,sensitivity_flag,ok,ok,End stop is simple metal but interface with precision guide travel is flagged,Keep flagged local route,not_applicable,audit verdict keep
route_batch_01,ebf3_matching_network_busbar_set,lunar_candidate_flagged,sensitivity_flag,aluminum_alloy_ingot,machining_basic_v0,keep,lunar_candidate_flagged,sensitivity_flag,ok,ok,Aluminum busbar is plausible locally and current thermal HV clearance risks are flagged,Keep flagged local route,not_applicable,audit verdict keep
route_batch_01,ebf3_matching_network_inductor_bobbin_or_insulation_set,lunar_candidate_flagged,sensitivity_flag,alumina_ceramic_v0,ceramic_base_fabrication_v0,change,route_gap,import_until_gap_resolved,material,overoptimistic_flagged,RF and HV coil insulation performance is not closed by generic ceramic fabrication and secondary coil insulation relies on polymer chemistry,Change to route_gap or split ceramic bobbin from imported qualified insulation,applied,accepted in process_route_review; see updated decision/material/process/flags
route_batch_01,ebf3_matching_network_inductor_winding_set,earth_import,import_nominal,copper_wire_magnet,import_receiving_basic_v0,keep,earth_import,import_nominal,ok,ok,Copper RF winding and controlled coil geometry are correctly import-first,Keep earth_import,not_applicable,audit verdict keep
route_batch_01,ebf3_motor_mount_bracket_fastener_interface_set,lunar_candidate_flagged,sensitivity_flag,steel_stock,fastener_kit_small_fabrication_v0,keep,lunar_candidate_flagged,sensitivity_flag,ok,ok,Local fastener interface is plausible while motor alignment sensitivity is flagged,Keep flagged local route,not_applicable,audit verdict keep
route_batch_01,ebf3_moveable_build_platform_plate,lunar_candidate_flagged,sensitivity_flag,steel_plate_or_sheet,machining_basic_v0,keep,lunar_candidate_flagged,sensitivity_flag,ok,ok,Build plate fabrication is plausible but EBF thermal distortion and flatness are flagged,Keep flagged local route,not_applicable,audit verdict keep
route_batch_01,ebf3_positioning_axis_base_plate,lunar_candidate_flagged,sensitivity_flag,steel_plate_or_sheet,machining_basic_v0,keep,lunar_candidate_flagged,sensitivity_flag,ok,ok,Plate stock and CNC are plausible but flatness and datum quality are not clean local,Keep flagged local route,not_applicable,audit verdict keep
route_batch_01,ebf3_positioning_base_frame_crossmember_set,lunar_candidate,local_nominal,steel_stock,metal_fabrication_basic_v0,keep,lunar_candidate,local_nominal,ok,ok,Crossmember is ordinary structural metalwork with no special seal or precision active function,Keep clean lunar_candidate,not_applicable,audit verdict keep
route_batch_01,ebf3_positioning_bellows_folded_cover,route_gap,import_until_gap_resolved,steel_plate_or_sheet,metal_spinning_process_v0,keep,route_gap,import_until_gap_resolved,ok,ok,Folded cover flex life and vacuum debris risks are not ordinary sheet metal closure,Keep route_gap,not_applicable,audit verdict keep
route_batch_01,ebf3_positioning_feedthrough_motor_power_pin_set,defer_import_fallback,import_until_gap_resolved,alumina_ceramic_v0,electrical_feedthrough_vacuum_fabrication_v0,change,route_gap,import_until_gap_resolved,material,wrong_material,Power pin set needs conductive pins plus hermetic ceramic or glass seal rather than alumina material alone,Change to route_gap with imported qualified pin set until hermetic power feedthrough route is real,applied,accepted in process_route_review; see updated decision/material/process/flags
route_batch_01,ebf3_positioning_signal_cable_insulation_set,earth_import,import_nominal,silicone_rubber,import_receiving_basic_v0,keep,earth_import,import_nominal,ok,ok,Vacuum signal cable insulation is specialty polymer qualification,Keep earth_import,not_applicable,audit verdict keep
route_batch_01,ebf3_power_electronics_conductive_cooling_line_or_strap_set,lunar_candidate_flagged,sensitivity_flag,aluminum_alloy_ingot,machining_basic_v0,keep,lunar_candidate_flagged,sensitivity_flag,ok,ok,CNC aluminum strap simplification is explicit and thermal conductance remains flagged,Keep flagged local route,not_applicable,audit verdict keep
route_batch_01,ebf3_power_electronics_heat_sink_set,lunar_candidate_flagged,sensitivity_flag,aluminum_alloy_ingot,heat_sink_extrusion_v0,change,route_gap,import_until_gap_resolved,material,wrong_process,Heat sink extrusion is modeled as labor-only and does not prove extrusion tooling fin geometry or electronics thermal qualification,Change to route_gap unless the row is rewritten as a CNC-machined heat spreader sensitivity case,applied,accepted in process_route_review; see updated decision/material/process/flags
route_batch_01,ebf3_pressure_adjustment_knob_body,lunar_candidate,local_nominal,steel_stock,machining_basic_v0,keep,lunar_candidate,local_nominal,ok,ok,Steel substitution makes this a simple low-risk manual knob,Keep clean lunar_candidate,not_applicable,audit verdict keep
route_batch_01,ebf3_pressure_spring,route_gap,import_until_gap_resolved,steel_bar_stock,metal_forming_basic_v0,keep,route_gap,import_until_gap_resolved,ok,ok,Spring steel heat treatment fatigue route and Ready forming are missing,Keep route_gap,not_applicable,audit verdict keep
route_batch_01,ebf3_primary_transformer_mount,lunar_candidate_flagged,sensitivity_flag,steel_stock,machining_basic_v0,keep,lunar_candidate_flagged,sensitivity_flag,ok,ok,Mount metalwork is local-feasible while transformer clearance and insulation interface are flagged,Keep flagged local route,not_applicable,audit verdict keep
route_batch_01,ebf3_ripple_inductor_mount,lunar_candidate_flagged,sensitivity_flag,steel_stock,machining_basic_v0,keep,lunar_candidate_flagged,sensitivity_flag,ok,ok,Mount is simple but nearby magnetic and insulation concerns justify the flag,Keep flagged local route,not_applicable,audit verdict keep
route_batch_01,ebf3_rotary_axis_bearing_retainer,lunar_candidate_flagged,sensitivity_flag,steel_stock,machining_basic_v0,keep,lunar_candidate_flagged,sensitivity_flag,ok,ok,Bearing retainer can be machined locally but preload runout and vacuum lubrication stay flagged,Keep flagged local route,not_applicable,audit verdict keep
route_batch_01,ebf3_rotary_axis_table_plate,lunar_candidate_flagged,sensitivity_flag,steel_plate_or_sheet,machining_basic_v0,keep,lunar_candidate_flagged,sensitivity_flag,ok,ok,Rotary table plate can be a local sensitivity case with flatness and balance flags,Keep flagged local route,not_applicable,audit verdict keep
route_batch_01,ebf3_spool_brake_adjuster_knob,lunar_candidate,local_nominal,steel_stock,machining_basic_v0,keep,lunar_candidate,local_nominal,ok,ok,Small steel adjuster knob is ordinary local metalwork,Keep clean lunar_candidate,not_applicable,audit verdict keep
route_batch_01,ebf3_spool_support_shaft,lunar_candidate_flagged,sensitivity_flag,steel_bar_stock,steel_shaft_machining_v1,keep,lunar_candidate_flagged,sensitivity_flag,ok,ok,Shaft is locally machinable but straightness bearing seat and runout are flagged,Keep flagged local route,not_applicable,audit verdict keep
route_batch_01,ebf3_tank_side_bushing_field_grading_shield,lunar_candidate_flagged,sensitivity_flag,aluminum_alloy_ingot,machining_basic_v0,keep,lunar_candidate_flagged,sensitivity_flag,ok,ok,Conductive shield shape is locally machinable and HV field grading performance is flagged,Keep flagged local route,not_applicable,audit verdict keep
route_batch_01,ebf3_thermal_isolation_standoff_body_set,lunar_candidate_flagged,sensitivity_flag,alumina_ceramic_v0,ceramic_base_fabrication_v0,keep,lunar_candidate_flagged,sensitivity_flag,ok,ok,Alumina standoff is plausible locally and thermal isolation performance is flagged,Keep flagged local route,not_applicable,audit verdict keep
route_batch_01,ebf3_transformer_spacer_post_set,lunar_candidate_flagged,sensitivity_flag,alumina_ceramic_v0,ceramic_base_fabrication_v0,change,route_gap,import_until_gap_resolved,material,overoptimistic_flagged,Spacer posts are part of an HV transformer dielectric package and should match the route_gap treatment of section supports,Change to route_gap until oil-compatible HV creepage and aging qualification is modeled,applied,accepted in process_route_review; see updated decision/material/process/flags
route_batch_01,ebf3_wire_feed_control_shield,lunar_candidate_flagged,sensitivity_flag,steel_plate_or_sheet,sheet_metal_cutting_v0,keep,lunar_candidate_flagged,sensitivity_flag,ok,ok,Sheet shield is locally feasible and electronics noise risk is flagged,Keep flagged local route,not_applicable,audit verdict keep
route_batch_01,ebf3_wire_feed_idler_arm,lunar_candidate_flagged,sensitivity_flag,steel_stock,machining_basic_v0,keep,lunar_candidate_flagged,sensitivity_flag,ok,ok,Idler arm is machinable but feed pressure wear and debris are flagged,Keep flagged local route,not_applicable,audit verdict keep
route_batch_01,ebf3_wire_feed_motor_housing,lunar_candidate_flagged,sensitivity_flag,steel_stock,motor_housing_casting_v0,keep,lunar_candidate_flagged,sensitivity_flag,ok,ok,Motor housing fabrication is plausible but bearing alignment and vacuum service are flagged,Keep flagged local route,not_applicable,audit verdict keep
route_batch_01,ebf3_wire_feeder_feedthrough_flange,lunar_candidate_flagged,sensitivity_flag,steel_stock,machining_basic_v0,change,lunar_candidate_flagged,sensitivity_flag,minor,wrong_process,The flange body can be machined locally but secondary feedthrough fabrication is a placeholder and should not imply hermetic closure,Keep flagged local body route but remove or quarantine placeholder feedthrough process from secondary closure,applied,accepted in process_route_review; see updated decision/material/process/flags
route_batch_01,ebf3_wire_feeder_feedthrough_signal_pin_set,defer_import_fallback,import_until_gap_resolved,alumina_ceramic_v0,electrical_feedthrough_vacuum_fabrication_v0,change,route_gap,import_until_gap_resolved,material,wrong_material,Signal pin set needs conductive pins shielding and hermetic seal technology rather than alumina material alone,Change to route_gap with imported qualified pin set until hermetic signal feedthrough route is modeled,applied,accepted in process_route_review; see updated decision/material/process/flags
route_batch_01,ebf3_wire_outlet_guide_tube,lunar_candidate_flagged,sensitivity_flag,steel_stock,machining_basic_v0,keep,lunar_candidate_flagged,sensitivity_flag,ok,ok,Guide tube is machinable while bore finish wear and wire alignment are flagged,Keep flagged local route,not_applicable,audit verdict keep
route_batch_01,ebf3_wire_spool_core,lunar_candidate,local_nominal,steel_stock,machining_basic_v0,keep,lunar_candidate,local_nominal,ok,ok,Spool core is ordinary machined metal with low performance risk,Keep clean lunar_candidate,not_applicable,audit verdict keep
route_batch_01,ebf3_y_axis_ball_screw_shaft,route_gap,import_until_gap_resolved,steel_bar_stock,ball_screw_fabrication_v0,keep,route_gap,import_until_gap_resolved,ok,ok,Ball screw lead accuracy and thread grinding exceed current Ready route,Keep route_gap,not_applicable,audit verdict keep
route_batch_01,ebf3_z_axis_counterbalance_anchor_set,lunar_candidate_flagged,sensitivity_flag,steel_stock,machining_basic_v0,keep,lunar_candidate_flagged,sensitivity_flag,ok,ok,Anchor is local-feasible but load path fatigue and alignment are flagged,Keep flagged local route,not_applicable,audit verdict keep
route_batch_01,ebf3_z_axis_counterbalance_spring_end_seat_set,lunar_candidate_flagged,sensitivity_flag,steel_stock,machining_basic_v0,keep,lunar_candidate_flagged,sensitivity_flag,ok,ok,Spring seat is machinable while preload capture wear and fatigue interface risks are flagged,Keep flagged local route,not_applicable,audit verdict keep
route_batch_02,ebf3_anti_wear_guide_holder,lunar_candidate_flagged,sensitivity_flag,steel,steel_shaft_machining_v0,keep,lunar_candidate_flagged,sensitivity_flag,ok,ok,"Decision, policy, material availability, and selected route are semantically aligned for this level of modeling; performance risks are either low or already handled by the current flag/import/gap boundary.",No edit recommended.,not_applicable,audit verdict keep
route_batch_02,ebf3_axis_motor_mounting_feature_set,lunar_candidate_flagged,sensitivity_flag,steel,mounting_bracket_steel_forming_v0,keep,lunar_candidate_flagged,sensitivity_flag,ok,ok,"Decision, policy, material availability, and selected route are semantically aligned for this level of modeling; performance risks are either low or already handled by the current flag/import/gap boundary.",No edit recommended.,not_applicable,audit verdict keep
route_batch_02,ebf3_ball_nut_rolling_ball_set,defer_import_fallback,import_until_gap_resolved,bearing_steel,bearing_set_heavy_production_v0,change,route_gap,import_until_gap_resolved,material,unclear_boundary,"Precision rolling balls are worth eventual lunar closure, but bearing-grade roundness, hardening, grinding, preload, and vacuum lubrication are not supported by the Ready route; defer understates this as a concrete route gap.","Change route_decision to route_gap; keep import_until_gap_resolved; note missing bearing grinding, heat treatment, inspection, and lubricant qualification route.",applied,accepted in process_route_review; see updated decision/material/process/flags
route_batch_02,ebf3_cabin_access_door_hinge_leaf_or_bracket_set,lunar_candidate_flagged,sensitivity_flag,steel,mounting_bracket_steel_forming_v0,keep,lunar_candidate_flagged,sensitivity_flag,ok,ok,"Decision, policy, material availability, and selected route are semantically aligned for this level of modeling; performance risks are either low or already handled by the current flag/import/gap boundary.",No edit recommended.,not_applicable,audit verdict keep
route_batch_02,ebf3_cabin_access_door_latch_pivot_axle_set,lunar_candidate_flagged,sensitivity_flag,steel,steel_shaft_machining_v0,keep,lunar_candidate_flagged,sensitivity_flag,ok,ok,"Decision, policy, material availability, and selected route are semantically aligned for this level of modeling; performance risks are either low or already handled by the current flag/import/gap boundary.",No edit recommended.,not_applicable,audit verdict keep
route_batch_02,ebf3_cabin_access_door_panel,route_gap,import_until_gap_resolved,steel_sheet,sheet_metal_cutting_v0,keep,route_gap,import_until_gap_resolved,ok,ok,"Decision, policy, material availability, and selected route are semantically aligned for this level of modeling; performance risks are either low or already handled by the current flag/import/gap boundary.",No edit recommended.,not_applicable,audit verdict keep
route_batch_02,ebf3_cabin_frame_member_set,lunar_candidate_flagged,sensitivity_flag,steel_structural_stock,steel_bar_stock_rolling_shop_v0,keep,lunar_candidate_flagged,sensitivity_flag,ok,ok,"Decision, policy, material availability, and selected route are semantically aligned for this level of modeling; performance risks are either low or already handled by the current flag/import/gap boundary.",No edit recommended.,not_applicable,audit verdict keep
route_batch_02,ebf3_cabin_lighting_port_frame,route_gap,import_until_gap_resolved,steel_structural_stock,steel_bar_stock_rolling_shop_v0,keep,route_gap,import_until_gap_resolved,ok,ok,"Decision, policy, material availability, and selected route are semantically aligned for this level of modeling; performance risks are either low or already handled by the current flag/import/gap boundary.",No edit recommended.,not_applicable,audit verdict keep
route_batch_02,ebf3_cabin_sacrificial_liner_retainer_set,lunar_candidate_flagged,sensitivity_flag,steel,mounting_bracket_steel_forming_v0,keep,lunar_candidate_flagged,sensitivity_flag,ok,ok,"Decision, policy, material availability, and selected route are semantically aligned for this level of modeling; performance risks are either low or already handled by the current flag/import/gap boundary.",No edit recommended.,not_applicable,audit verdict keep
route_batch_02,ebf3_cabin_wall_panel_set,route_gap,import_until_gap_resolved,steel_sheet,sheet_metal_cutting_v0,keep,route_gap,import_until_gap_resolved,ok,ok,"Decision, policy, material availability, and selected route are semantically aligned for this level of modeling; performance risks are either low or already handled by the current flag/import/gap boundary.",No edit recommended.,not_applicable,audit verdict keep
route_batch_02,ebf3_can_bus_interface_shield,lunar_candidate_flagged,sensitivity_flag,aluminum_sheet,sheet_metal_cutting_v0,keep,lunar_candidate_flagged,sensitivity_flag,ok,ok,"Decision, policy, material availability, and selected route are semantically aligned for this level of modeling; performance risks are either low or already handled by the current flag/import/gap boundary.",No edit recommended.,not_applicable,audit verdict keep
route_batch_02,ebf3_dc_link_busbar_set,lunar_candidate_flagged,sensitivity_flag,aluminum_conductor,sheet_making_from_ingot_1mm_v0,keep,lunar_candidate_flagged,sensitivity_flag,ok,ok,"Decision, policy, material availability, and selected route are semantically aligned for this level of modeling; performance risks are either low or already handled by the current flag/import/gap boundary.",No edit recommended.,not_applicable,audit verdict keep
route_batch_02,ebf3_ebf_wire_guide_tip_body,lunar_candidate_flagged,sensitivity_flag,hardened_steel,steel_shaft_machining_v0,keep,lunar_candidate_flagged,sensitivity_flag,ok,ok,"Decision, policy, material availability, and selected route are semantically aligned for this level of modeling; performance risks are either low or already handled by the current flag/import/gap boundary.",No edit recommended.,not_applicable,audit verdict keep
route_batch_02,ebf3_emi_filter_choke_bobbin_or_insulation_set,lunar_candidate_flagged,sensitivity_flag,alumina_ceramic,ceramic_block_small_production_v0,keep,lunar_candidate_flagged,sensitivity_flag,ok,ok,"Decision, policy, material availability, and selected route are semantically aligned for this level of modeling; performance risks are either low or already handled by the current flag/import/gap boundary.",No edit recommended.,not_applicable,audit verdict keep
route_batch_02,ebf3_emi_filter_choke_winding_set,defer_import_fallback,import_until_gap_resolved,copper_magnet_wire,wire_copper_magnet_production_v0,change,earth_import,import_nominal,material,overoptimistic_local,"Copper magnet wire is explicitly scarce/high-risk in the lunar material guide, and the Ready winding route does not close enamel/insulation class, EMI impedance, thermal rise, or vacuum outgassing.",Change to earth_import/import_nominal; clear local process/machine fields or leave only as rejected future-route notes.,applied,accepted in process_route_review; see updated decision/material/process/flags
route_batch_02,ebf3_fixed_side_screw_bearing_retainer_set,lunar_candidate_flagged,sensitivity_flag,steel,steel_shaft_machining_v0,keep,lunar_candidate_flagged,sensitivity_flag,ok,ok,"Decision, policy, material availability, and selected route are semantically aligned for this level of modeling; performance risks are either low or already handled by the current flag/import/gap boundary.",No edit recommended.,not_applicable,audit verdict keep
route_batch_02,ebf3_full_bridge_dc_busbar_set,lunar_candidate_flagged,sensitivity_flag,aluminum_conductor,sheet_making_from_ingot_1mm_v0,keep,lunar_candidate_flagged,sensitivity_flag,ok,ok,"Decision, policy, material availability, and selected route are semantically aligned for this level of modeling; performance risks are either low or already handled by the current flag/import/gap boundary.",No edit recommended.,not_applicable,audit verdict keep
route_batch_02,ebf3_gun_cathode_ceramic_standoff_set,lunar_candidate_flagged,sensitivity_flag,alumina_ceramic,ceramic_block_small_production_v0,change,route_gap,import_until_gap_resolved,material,overoptimistic_flagged,"Cathode-adjacent ceramic standoffs are in the electron-gun active region; local alumina and CNC finishing do not close dielectric standoff strength, thermal shock, alignment, or vacuum cleanliness.","Change to route_gap/import_until_gap_resolved until dielectric, thermal shock, cleanliness, and alignment acceptance are modeled.",applied,accepted in process_route_review; see updated decision/material/process/flags
route_batch_02,ebf3_gun_cathode_radiation_shield_spacer_set,earth_import,import_nominal,molybdenum_or_tungsten,,keep,earth_import,import_nominal,ok,ok,"Decision, policy, material availability, and selected route are semantically aligned for this level of modeling; performance risks are either low or already handled by the current flag/import/gap boundary.",No edit recommended.,not_applicable,audit verdict keep
route_batch_02,ebf3_gun_column_optical_axis_datum_set,lunar_candidate_flagged,sensitivity_flag,precision_steel,steel_shaft_machining_v0,change,route_gap,import_until_gap_resolved,material,overoptimistic_flagged,"The steel stock is local-derived, but electron-gun optical-axis datum stability is a metrology and alignment closure problem; Ready CNC/alignment tools do not prove the required thermal drift, surface, or beam-axis performance.",Change to route_gap/import_until_gap_resolved and add a missing metrology/alignment acceptance route for the gun column datum.,applied,accepted in process_route_review; see updated decision/material/process/flags
route_batch_02,ebf3_gun_control_electrode,earth_import,import_nominal,molybdenum_or_tungsten,,keep,earth_import,import_nominal,ok,ok,"Decision, policy, material availability, and selected route are semantically aligned for this level of modeling; performance risks are either low or already handled by the current flag/import/gap boundary.",No edit recommended.,not_applicable,audit verdict keep
route_batch_02,ebf3_gun_feeder_adapter_body,lunar_candidate_flagged,sensitivity_flag,steel,steel_shaft_machining_v0,keep,lunar_candidate_flagged,sensitivity_flag,ok,ok,"Decision, policy, material availability, and selected route are semantically aligned for this level of modeling; performance risks are either low or already handled by the current flag/import/gap boundary.",No edit recommended.,not_applicable,audit verdict keep
route_batch_02,ebf3_gun_hv_insulator_ceramic_body,lunar_candidate_flagged,sensitivity_flag,alumina_ceramic,ceramic_block_small_production_v0,change,route_gap,import_until_gap_resolved,material,overoptimistic_flagged,"Local alumina supports material availability, but a gun HV insulator needs dielectric strength, creepage geometry, vacuum cleanliness, and electron-gun geometry qualification that the Ready ceramic route does not close.","Change to route_gap/import_until_gap_resolved until HV ceramic forming, cleaning, dielectric test, and geometry inspection routes are explicit.",applied,accepted in process_route_review; see updated decision/material/process/flags
route_batch_02,ebf3_gun_main_lens_coil_assembly,earth_import,import_nominal,copper_magnet_wire,wire_copper_magnet_production_v0,change,earth_import,import_nominal,minor,wrong_process,"The earth_import decision is right for a copper magnet-wire beam-focus coil, but retaining wire and winding processes in the selected route can imply a usable local path that the row itself rejects.",Keep earth_import/import_nominal; clear primary/secondary process and ready_machine fields or move them to rejected-route notes.,applied,accepted in process_route_review; see updated decision/material/process/flags
route_batch_02,ebf3_gun_secondary_pickup_insulator,lunar_candidate_flagged,sensitivity_flag,alumina_ceramic,ceramic_block_small_production_v0,keep,lunar_candidate_flagged,sensitivity_flag,ok,ok,"Decision, policy, material availability, and selected route are semantically aligned for this level of modeling; performance risks are either low or already handled by the current flag/import/gap boundary.",No edit recommended.,not_applicable,audit verdict keep
route_batch_02,ebf3_gun_trajectory_corrector_pole_piece_set,lunar_candidate_flagged,sensitivity_flag,electrical_steel,electrical_steel_production_v0,change,route_gap,import_until_gap_resolved,material,overoptimistic_flagged,"Electrical steel production and machining cover material/shape only; beam steering depends on permeability, hysteresis, pole geometry, and magnetic-field acceptance that are not closed by Ready machines.",Change to route_gap/import_until_gap_resolved and add magnetic-property measurement and pole-piece qualification before local nominal/sensitivity use.,applied,accepted in process_route_review; see updated decision/material/process/flags
route_batch_02,ebf3_hv_cable_braided_shield,lunar_candidate_flagged,sensitivity_flag,stainless_steel_braid,wire_forming_process_v0,change,lunar_candidate_flagged,sensitivity_flag,minor,wrong_material,"A local braided shield is plausible, but stainless steel embeds chromium/nickel scarcity; the lunar-material guide favors plain iron/steel unless the alloy constituents are explicitly imported or justified.",Keep flagged local only if route_material_basis becomes plain steel_braid or aluminum/steel conductor; otherwise mark stainless braid as import-dependent.,applied,accepted in process_route_review; see updated decision/material/process/flags
route_batch_02,ebf3_hv_cable_semiconductive_stress_control_layer,earth_import,import_nominal,conductive_polymer_composite,,keep,earth_import,import_nominal,ok,ok,"Decision, policy, material availability, and selected route are semantically aligned for this level of modeling; performance risks are either low or already handled by the current flag/import/gap boundary.",No edit recommended.,not_applicable,audit verdict keep
route_batch_02,ebf3_hv_fill_port,lunar_candidate_flagged,sensitivity_flag,steel,steel_shaft_machining_v0,keep,lunar_candidate_flagged,sensitivity_flag,ok,ok,"Decision, policy, material availability, and selected route are semantically aligned for this level of modeling; performance risks are either low or already handled by the current flag/import/gap boundary.",No edit recommended.,not_applicable,audit verdict keep
route_batch_02,ebf3_hv_tank_lid,lunar_candidate_flagged,sensitivity_flag,steel,sheet_metal_cutting_v0,keep,lunar_candidate_flagged,sensitivity_flag,ok,ok,"Decision, policy, material availability, and selected route are semantically aligned for this level of modeling; performance risks are either low or already handled by the current flag/import/gap boundary.",No edit recommended.,not_applicable,audit verdict keep
route_batch_02,ebf3_hv_tank_temperature_sensor_mount,lunar_candidate_flagged,sensitivity_flag,steel,steel_shaft_machining_v0,keep,lunar_candidate_flagged,sensitivity_flag,ok,ok,"Decision, policy, material availability, and selected route are semantically aligned for this level of modeling; performance risks are either low or already handled by the current flag/import/gap boundary.",No edit recommended.,not_applicable,audit verdict keep
route_batch_02,ebf3_hv_transformer_oil_interface_marker,earth_import,import_nominal,transformer_oil_interface_material,,keep,earth_import,import_nominal,ok,ok,"Decision, policy, material availability, and selected route are semantically aligned for this level of modeling; performance risks are either low or already handled by the current flag/import/gap boundary.",No edit recommended.,not_applicable,audit verdict keep
route_batch_02,ebf3_intermediate_wire_guide_wear_insert,lunar_candidate_flagged,sensitivity_flag,alumina_ceramic,ceramic_block_small_production_v0,keep,lunar_candidate_flagged,sensitivity_flag,ok,ok,"Decision, policy, material availability, and selected route are semantically aligned for this level of modeling; performance risks are either low or already handled by the current flag/import/gap boundary.",No edit recommended.,not_applicable,audit verdict keep
route_batch_02,ebf3_linear_guide_carriage_retainer_set,lunar_candidate_flagged,sensitivity_flag,steel,steel_shaft_machining_v0,keep,lunar_candidate_flagged,sensitivity_flag,ok,ok,"Decision, policy, material availability, and selected route are semantically aligned for this level of modeling; performance risks are either low or already handled by the current flag/import/gap boundary.",No edit recommended.,not_applicable,audit verdict keep
route_batch_02,ebf3_linear_guide_rail_mounting_hole_datum_set,lunar_candidate_flagged,sensitivity_flag,precision_steel,steel_shaft_machining_v0,keep,lunar_candidate_flagged,sensitivity_flag,ok,ok,"Decision, policy, material availability, and selected route are semantically aligned for this level of modeling; performance risks are either low or already handled by the current flag/import/gap boundary.",No edit recommended.,not_applicable,audit verdict keep
route_batch_02,ebf3_matching_network_inductor_core_set,route_gap,import_until_gap_resolved,ferrite_or_laminated_iron,ferrite_powder_synthesis_v0,keep,route_gap,import_until_gap_resolved,ok,ok,"Decision, policy, material availability, and selected route are semantically aligned for this level of modeling; performance risks are either low or already handled by the current flag/import/gap boundary.",No edit recommended.,not_applicable,audit verdict keep
route_batch_02,ebf3_matching_network_mounting_frame,lunar_candidate_flagged,sensitivity_flag,steel_structural_stock,mounting_bracket_steel_forming_v0,keep,lunar_candidate_flagged,sensitivity_flag,ok,ok,"Decision, policy, material availability, and selected route are semantically aligned for this level of modeling; performance risks are either low or already handled by the current flag/import/gap boundary.",No edit recommended.,not_applicable,audit verdict keep
route_batch_02,ebf3_motion_drive_heat_spreader,lunar_candidate_flagged,sensitivity_flag,aluminum,heat_sink_extrusion_v0,keep,lunar_candidate_flagged,sensitivity_flag,ok,ok,"Decision, policy, material availability, and selected route are semantically aligned for this level of modeling; performance risks are either low or already handled by the current flag/import/gap boundary.",No edit recommended.,not_applicable,audit verdict keep
route_batch_02,ebf3_motor_mount_bracket_plate_set,lunar_candidate_flagged,sensitivity_flag,steel,mounting_bracket_steel_forming_v0,keep,lunar_candidate_flagged,sensitivity_flag,ok,ok,"Decision, policy, material availability, and selected route are semantically aligned for this level of modeling; performance risks are either low or already handled by the current flag/import/gap boundary.",No edit recommended.,not_applicable,audit verdict keep
route_batch_02,ebf3_moveable_build_platform_return_contact_pad,lunar_candidate_flagged,sensitivity_flag,aluminum_conductor,aluminum_housing_machining_v0,keep,lunar_candidate_flagged,sensitivity_flag,ok,ok,"Decision, policy, material availability, and selected route are semantically aligned for this level of modeling; performance risks are either low or already handled by the current flag/import/gap boundary.",No edit recommended.,not_applicable,audit verdict keep
route_batch_02,ebf3_positioning_base_frame_mounting_foot_set,lunar_candidate,local_nominal,steel,mounting_bracket_steel_forming_v0,keep,lunar_candidate,local_nominal,ok,ok,"Decision, policy, material availability, and selected route are semantically aligned for this level of modeling; performance risks are either low or already handled by the current flag/import/gap boundary.",No edit recommended.,not_applicable,audit verdict keep
route_batch_02,ebf3_positioning_bellows_mounting_tab_set,lunar_candidate_flagged,sensitivity_flag,steel,mounting_bracket_steel_forming_v0,keep,lunar_candidate_flagged,sensitivity_flag,ok,ok,"Decision, policy, material availability, and selected route are semantically aligned for this level of modeling; performance risks are either low or already handled by the current flag/import/gap boundary.",No edit recommended.,not_applicable,audit verdict keep
route_batch_02,ebf3_positioning_feedthrough_shield_termination_interface,lunar_candidate_flagged,sensitivity_flag,aluminum_or_steel_conductor,electrical_feedthrough_vacuum_fabrication_v0,keep,lunar_candidate_flagged,sensitivity_flag,ok,ok,"Decision, policy, material availability, and selected route are semantically aligned for this level of modeling; performance risks are either low or already handled by the current flag/import/gap boundary.",No edit recommended.,not_applicable,audit verdict keep
route_batch_02,ebf3_positioning_motor_cable_insulation_set,earth_import,import_nominal,vacuum_rated_polymer_insulation,cable_harness_assembly_v0,change,earth_import,import_nominal,minor,wrong_process,"The earth_import decision is right for vacuum-rated polymer cable insulation, but cable_harness_assembly_v0 is the wrong current_process for an insulation material and is itself blocked by non-Ready tools.",Keep earth_import/import_nominal; clear local process/machine fields or replace current_process with blank plus rejected-route note.,applied,accepted in process_route_review; see updated decision/material/process/flags
route_batch_02,ebf3_positioning_signal_cable_shield_set,lunar_candidate_flagged,sensitivity_flag,stainless_steel_braid,wire_forming_process_v0,change,lunar_candidate_flagged,sensitivity_flag,minor,wrong_material,The selected stainless steel braid is not a clean local-derived material because chromium/nickel are scarce; a local flagged shield should use plain steel braid or explicitly carry import dependence.,Keep flagged local only with route_material_basis changed to plain steel_braid/steel conductor; otherwise move stainless braid to import-dependent route.,applied,accepted in process_route_review; see updated decision/material/process/flags
route_batch_02,ebf3_power_electronics_cooling_line_support_clamp_set,lunar_candidate_flagged,sensitivity_flag,steel,mounting_bracket_steel_forming_v0,keep,lunar_candidate_flagged,sensitivity_flag,ok,ok,"Decision, policy, material availability, and selected route are semantically aligned for this level of modeling; performance risks are either low or already handled by the current flag/import/gap boundary.",No edit recommended.,not_applicable,audit verdict keep
route_batch_02,ebf3_power_electronics_thermal_interface_set,defer_import_fallback,import_until_gap_resolved,thermal_interface_composite,thermal_interface_material_synthesis_v0,keep,defer_import_fallback,import_until_gap_resolved,ok,ok,"Decision, policy, material availability, and selected route are semantically aligned for this level of modeling; performance risks are either low or already handled by the current flag/import/gap boundary.",No edit recommended.,not_applicable,audit verdict keep
route_batch_02,ebf3_pressure_adjustment_threaded_insert,lunar_candidate,local_nominal,steel,steel_shaft_machining_v0,keep,lunar_candidate,local_nominal,ok,ok,"Decision, policy, material availability, and selected route are semantically aligned for this level of modeling; performance risks are either low or already handled by the current flag/import/gap boundary.",No edit recommended.,not_applicable,audit verdict keep
route_batch_02,ebf3_primary_transformer_winding_set,defer_import_fallback,import_until_gap_resolved,aluminum_conductor,spool_winding_basic_v0,change,route_gap,import_until_gap_resolved,material,unclear_boundary,"Aluminum conductor is a plausible lunar substitution, but transformer windings are a core HV magnetic route gap because wire drawing, turn insulation, dielectric withstand, coupling, and thermal-rise validation are not Ready.","Change route_decision to route_gap; keep import_until_gap_resolved until aluminum wire drawing, insulation, winding, and HV test routes are closed.",applied,accepted in process_route_review; see updated decision/material/process/flags
route_batch_02,ebf3_ripple_inductor_winding,defer_import_fallback,import_until_gap_resolved,aluminum_conductor,spool_winding_basic_v0,change,route_gap,import_until_gap_resolved,material,unclear_boundary,"The inductor winding is worth future local closure, but the current route lacks Ready wire drawing, insulation, winding geometry control, and ripple-current thermal qualification.",Change route_decision to route_gap; keep import_until_gap_resolved and add missing conductor/insulation/winding acceptance route.,applied,accepted in process_route_review; see updated decision/material/process/flags
route_batch_02,ebf3_rotary_axis_bearing_rolling_element_set,defer_import_fallback,import_until_gap_resolved,bearing_steel,bearing_set_heavy_production_v0,change,route_gap,import_until_gap_resolved,material,unclear_boundary,"Precision bearing rolling elements are not merely deferred convenience parts; they expose a reusable bearing-grade grinding, heat-treatment, roundness, surface-finish, and vacuum lubrication route gap.",Change route_decision to route_gap; keep import_until_gap_resolved until bearing-grade production and inspection routes are Ready.,applied,accepted in process_route_review; see updated decision/material/process/flags
route_batch_02,ebf3_rotary_encoder_scale_ring,defer_import_fallback,import_until_gap_resolved,glass,prism_cut_and_polish_v0,change,earth_import,import_nominal,material,unclear_boundary,"Glass availability and polishing do not close encoder scale patterning, pitch accuracy, optical contrast, concentricity, or metrology; precision encoder scales should be direct import in the first model.",Change to earth_import/import_nominal; treat local encoder-scale fabrication as future research rather than an import-until-gap route.,applied,accepted in process_route_review; see updated decision/material/process/flags
route_batch_02,ebf3_sensor_interface_shield,lunar_candidate_flagged,sensitivity_flag,aluminum_sheet,sheet_metal_cutting_v0,keep,lunar_candidate_flagged,sensitivity_flag,ok,ok,"Decision, policy, material availability, and selected route are semantically aligned for this level of modeling; performance risks are either low or already handled by the current flag/import/gap boundary.",No edit recommended.,not_applicable,audit verdict keep
route_batch_02,ebf3_spool_brake_washer,lunar_candidate_flagged,sensitivity_flag,steel,metal_stamping_process_v0,keep,lunar_candidate_flagged,sensitivity_flag,ok,ok,"Decision, policy, material availability, and selected route are semantically aligned for this level of modeling; performance risks are either low or already handled by the current flag/import/gap boundary.",No edit recommended.,not_applicable,audit verdict keep
route_batch_02,ebf3_substrate_clamp_insulating_pad_set,lunar_candidate_flagged,sensitivity_flag,alumina_ceramic,ceramic_block_small_production_v0,keep,lunar_candidate_flagged,sensitivity_flag,ok,ok,"Decision, policy, material availability, and selected route are semantically aligned for this level of modeling; performance risks are either low or already handled by the current flag/import/gap boundary.",No edit recommended.,not_applicable,audit verdict keep
route_batch_02,ebf3_tank_side_bushing_insulator_body,lunar_candidate_flagged,sensitivity_flag,alumina_ceramic,ceramic_block_small_production_v0,change,route_gap,import_until_gap_resolved,material,overoptimistic_flagged,"A tank-side HV bushing is a dielectric/seal qualification problem, not just an alumina body; Ready ceramic processes do not close partial-discharge margin, oil/vacuum sealing, creepage, or metallization.","Change to route_gap/import_until_gap_resolved and require HV bushing dielectric, seal, and partial-discharge acceptance routes.",applied,accepted in process_route_review; see updated decision/material/process/flags
route_batch_02,ebf3_thermal_isolation_standoff_fastener_interface_set,lunar_candidate_flagged,sensitivity_flag,alumina_ceramic,ceramic_block_small_production_v0,keep,lunar_candidate_flagged,sensitivity_flag,ok,ok,"Decision, policy, material availability, and selected route are semantically aligned for this level of modeling; performance risks are either low or already handled by the current flag/import/gap boundary.",No edit recommended.,not_applicable,audit verdict keep
route_batch_02,ebf3_wire_feed_drive_roll_body,lunar_candidate_flagged,sensitivity_flag,hardened_steel,steel_shaft_machining_v0,keep,lunar_candidate_flagged,sensitivity_flag,ok,ok,"Decision, policy, material availability, and selected route are semantically aligned for this level of modeling; performance risks are either low or already handled by the current flag/import/gap boundary.",No edit recommended.,not_applicable,audit verdict keep
route_batch_02,ebf3_wire_feed_motor_clamp_insulator,lunar_candidate_flagged,sensitivity_flag,alumina_ceramic,ceramic_block_small_production_v0,keep,lunar_candidate_flagged,sensitivity_flag,ok,ok,"Decision, policy, material availability, and selected route are semantically aligned for this level of modeling; performance risks are either low or already handled by the current flag/import/gap boundary.",No edit recommended.,not_applicable,audit verdict keep
route_batch_02,ebf3_wire_feed_motor_mount_clamp_alignment_pin_set,lunar_candidate_flagged,sensitivity_flag,steel,steel_shaft_machining_v0,keep,lunar_candidate_flagged,sensitivity_flag,ok,ok,"Decision, policy, material availability, and selected route are semantically aligned for this level of modeling; performance risks are either low or already handled by the current flag/import/gap boundary.",No edit recommended.,not_applicable,audit verdict keep
route_batch_02,ebf3_wire_feed_pressure_arm_pivot_pin,lunar_candidate_flagged,sensitivity_flag,steel,steel_shaft_machining_v0,keep,lunar_candidate_flagged,sensitivity_flag,ok,ok,"Decision, policy, material availability, and selected route are semantically aligned for this level of modeling; performance risks are either low or already handled by the current flag/import/gap boundary.",No edit recommended.,not_applicable,audit verdict keep
route_batch_02,ebf3_wire_feeder_base_mounting_slot_set,lunar_candidate,local_nominal,steel,steel_shaft_machining_v0,keep,lunar_candidate,local_nominal,ok,ok,"Decision, policy, material availability, and selected route are semantically aligned for this level of modeling; performance risks are either low or already handled by the current flag/import/gap boundary.",No edit recommended.,not_applicable,audit verdict keep
route_batch_02,ebf3_wire_feeder_feedthrough_insulator_body,lunar_candidate_flagged,sensitivity_flag,alumina_ceramic,ceramic_block_small_production_v0,change,route_gap,import_until_gap_resolved,material,overoptimistic_flagged,Feedthrough insulation couples ceramic dielectric performance with a vacuum leak boundary and metallized seal interface; local alumina material availability alone does not close this route.,"Change to route_gap/import_until_gap_resolved until feedthrough ceramic, metallization, seal, leak-test, and dielectric acceptance processes are modeled.",applied,accepted in process_route_review; see updated decision/material/process/flags
route_batch_02,ebf3_wire_feeder_gun_bracket_alignment_pin_set,lunar_candidate_flagged,sensitivity_flag,precision_steel,steel_shaft_machining_v0,keep,lunar_candidate_flagged,sensitivity_flag,ok,ok,"Decision, policy, material availability, and selected route are semantically aligned for this level of modeling; performance risks are either low or already handled by the current flag/import/gap boundary.",No edit recommended.,not_applicable,audit verdict keep
route_batch_02,ebf3_wire_spool_flange_set,lunar_candidate,local_nominal,steel,metal_stamping_process_v0,keep,lunar_candidate,local_nominal,ok,ok,"Decision, policy, material availability, and selected route are semantically aligned for this level of modeling; performance risks are either low or already handled by the current flag/import/gap boundary.",No edit recommended.,not_applicable,audit verdict keep
route_batch_02,ebf3_z_axis_ball_screw_shaft,defer_import_fallback,import_until_gap_resolved,bearing_steel,ball_screw_fabrication_v0,change,route_gap,import_until_gap_resolved,material,unclear_boundary,"A ball-screw shaft is a core precision motion component and the current Ready CNC route only supports coarse steel machining, not lead accuracy, ground race finish, straightness, or preload behavior.",Change route_decision to route_gap; keep import_until_gap_resolved until precision screw grinding/inspection and vacuum lubricant route exist.,applied,accepted in process_route_review; see updated decision/material/process/flags
route_batch_02,ebf3_z_axis_counterbalance_guide_or_link,lunar_candidate_flagged,sensitivity_flag,steel,steel_shaft_machining_v0,keep,lunar_candidate_flagged,sensitivity_flag,ok,ok,"Decision, policy, material availability, and selected route are semantically aligned for this level of modeling; performance risks are either low or already handled by the current flag/import/gap boundary.",No edit recommended.,not_applicable,audit verdict keep
route_batch_03,ebf3_anti_wear_guide_insert,route_gap,import_until_gap_resolved,alumina_ceramic_v0,ceramic_sintering_process_v0,keep,route_gap,import_until_gap_resolved,ok,ok,"Route_gap is appropriate: the material may be lunar-plausible, but the process, machine readiness, or performance qualification gap is explicit and first simulation imports until resolved.",No route decision edit; close the named machine/process/performance gap before moving to local sensitivity.,not_applicable,audit verdict keep
route_batch_03,ebf3_axis_limit_switch_actuator_set,lunar_candidate,local_nominal,steel,machining_basic_v0,keep,lunar_candidate,local_nominal,ok,ok,"Ordinary low-risk local metal hardware with Ready machine support; performance requirements do not cross the audit thresholds for HV, sealing, precision bearing, magnetic, spring fatigue, electronics qualification, or thermal-interface closure.",No edit recommended.,not_applicable,audit verdict keep
route_batch_03,ebf3_ball_nut_wiper_or_seal_set,earth_import,import_nominal,silicone_rubber_or_vacuum_polymer,,keep,earth_import,import_nominal,ok,ok,"Earth import is appropriate for scarce, specialty, precision, polymer/seal, electronics, refractory, or high-qualification hardware with no credible Ready local closure.",No edit recommended for first-pass simulation import policy.,not_applicable,audit verdict keep
route_batch_03,ebf3_beam_current_return_fastener_interface_set,lunar_candidate_flagged,sensitivity_flag,steel_fastener_interface,fastener_kit_small_fabrication_v0,keep,lunar_candidate_flagged,sensitivity_flag,ok,ok,"Flagged local sensitivity case is appropriate: material/forming route uses Ready machines, while the listed performance requirement remains explicit rather than treated as clean local closure.",Keep flagged local sensitivity treatment and preserve the performance flag in any downstream route edits.,not_applicable,audit verdict keep
route_batch_03,ebf3_cabin_access_door_hinge_pin_or_shaft_set,lunar_candidate_flagged,sensitivity_flag,steel,machining_basic_v0,keep,lunar_candidate_flagged,sensitivity_flag,ok,ok,"Flagged local sensitivity case is appropriate: material/forming route uses Ready machines, while the listed performance requirement remains explicit rather than treated as clean local closure.",Keep flagged local sensitivity treatment and preserve the performance flag in any downstream route edits.,not_applicable,audit verdict keep
route_batch_03,ebf3_cabin_access_door_latch_return_spring_set,route_gap,import_until_gap_resolved,spring_steel,heat_treat_basic_v0,keep,route_gap,import_until_gap_resolved,ok,ok,"Route_gap is appropriate: the material may be lunar-plausible, but the process, machine readiness, or performance qualification gap is explicit and first simulation imports until resolved.",No route decision edit; close the named machine/process/performance gap before moving to local sensitivity.,not_applicable,audit verdict keep
route_batch_03,ebf3_cabin_access_door_vacuum_seal,defer_import_fallback,import_until_gap_resolved,metal_gasket_or_imported_vacuum_elastomer,vacuum_seal_assembly_fabrication_v0,change,route_gap,import_until_gap_resolved,material,unclear_boundary,"A large cabin/chamber door seal is leak-critical and likely reusable technology; assembly labor alone does not close gasket material, springback/compression set, or leak verification.",Change decision to route_gap while keeping import_until_gap_resolved; keep metal-gasket or vacuum-elastomer material gap explicit.,applied,accepted in process_route_review; see updated decision/material/process/flags
route_batch_03,ebf3_cabin_frame_mounting_foot_set,lunar_candidate_flagged,sensitivity_flag,steel_structural_stock,frame_fabrication_from_raw_metal_v0,keep,lunar_candidate_flagged,sensitivity_flag,ok,ok,"Flagged local sensitivity case is appropriate: material/forming route uses Ready machines, while the listed performance requirement remains explicit rather than treated as clean local closure.",Keep flagged local sensitivity treatment and preserve the performance flag in any downstream route edits.,not_applicable,audit verdict keep
route_batch_03,ebf3_cabin_lighting_shield_mount,lunar_candidate_flagged,sensitivity_flag,steel,frame_fabrication_from_raw_metal_v0,keep,lunar_candidate_flagged,sensitivity_flag,ok,ok,"Flagged local sensitivity case is appropriate: material/forming route uses Ready machines, while the listed performance requirement remains explicit rather than treated as clean local closure.",Keep flagged local sensitivity treatment and preserve the performance flag in any downstream route edits.,not_applicable,audit verdict keep
route_batch_03,ebf3_cabin_wall_stiffener_set,lunar_candidate_flagged,sensitivity_flag,steel,frame_fabrication_from_raw_metal_v0,keep,lunar_candidate_flagged,sensitivity_flag,ok,ok,"Flagged local sensitivity case is appropriate: material/forming route uses Ready machines, while the listed performance requirement remains explicit rather than treated as clean local closure.",Keep flagged local sensitivity treatment and preserve the performance flag in any downstream route edits.,not_applicable,audit verdict keep
route_batch_03,ebf3_dc_link_mounting_frame,lunar_candidate_flagged,sensitivity_flag,steel_structural_stock,frame_fabrication_from_raw_metal_v0,keep,lunar_candidate_flagged,sensitivity_flag,ok,ok,"Flagged local sensitivity case is appropriate: material/forming route uses Ready machines, while the listed performance requirement remains explicit rather than treated as clean local closure.",Keep flagged local sensitivity treatment and preserve the performance flag in any downstream route edits.,not_applicable,audit verdict keep
route_batch_03,ebf3_ebf_wire_guide_tip_mounting_feature,lunar_candidate_flagged,sensitivity_flag,steel,machining_basic_v0,keep,lunar_candidate_flagged,sensitivity_flag,ok,ok,"Flagged local sensitivity case is appropriate: material/forming route uses Ready machines, while the listed performance requirement remains explicit rather than treated as clean local closure.",Keep flagged local sensitivity treatment and preserve the performance flag in any downstream route edits.,not_applicable,audit verdict keep
route_batch_03,ebf3_emi_filter_choke_core_set,route_gap,import_until_gap_resolved,iron_oxide_ferrite_or_electrical_steel_proxy,ferrite_sintering_process_v0,keep,route_gap,import_until_gap_resolved,ok,ok,"Route_gap is appropriate: the material may be lunar-plausible, but the process, machine readiness, or performance qualification gap is explicit and first simulation imports until resolved.",No route decision edit; close the named machine/process/performance gap before moving to local sensitivity.,not_applicable,audit verdict keep
route_batch_03,ebf3_feed_liner_end_ferrule_set,lunar_candidate_flagged,sensitivity_flag,steel,machining_basic_v0,keep,lunar_candidate_flagged,sensitivity_flag,ok,ok,"Flagged local sensitivity case is appropriate: material/forming route uses Ready machines, while the listed performance requirement remains explicit rather than treated as clean local closure.",Keep flagged local sensitivity treatment and preserve the performance flag in any downstream route edits.,not_applicable,audit verdict keep
route_batch_03,ebf3_floating_side_screw_bearing_block_body_set,lunar_candidate_flagged,sensitivity_flag,steel,machining_basic_v0,keep,lunar_candidate_flagged,sensitivity_flag,ok,ok,"Flagged local sensitivity case is appropriate: material/forming route uses Ready machines, while the listed performance requirement remains explicit rather than treated as clean local closure.",Keep flagged local sensitivity treatment and preserve the performance flag in any downstream route edits.,not_applicable,audit verdict keep
route_batch_03,ebf3_full_bridge_heat_sink,lunar_candidate_flagged,sensitivity_flag,aluminum,aluminum_housing_machining_v1,keep,lunar_candidate_flagged,sensitivity_flag,ok,ok,"Flagged local sensitivity case is appropriate: material/forming route uses Ready machines, while the listed performance requirement remains explicit rather than treated as clean local closure.",Keep flagged local sensitivity treatment and preserve the performance flag in any downstream route edits.,not_applicable,audit verdict keep
route_batch_03,ebf3_gun_cathode_locating_clamp,earth_import,import_nominal,tungsten_or_tantalum_refractory_part,,keep,earth_import,import_nominal,ok,ok,"Earth import is appropriate for scarce, specialty, precision, polymer/seal, electronics, refractory, or high-qualification hardware with no credible Ready local closure.",No edit recommended for first-pass simulation import policy.,not_applicable,audit verdict keep
route_batch_03,ebf3_gun_column_body_shell,lunar_candidate_flagged,sensitivity_flag,steel,machining_basic_v0,keep,lunar_candidate_flagged,sensitivity_flag,ok,ok,"Flagged local sensitivity case is appropriate: material/forming route uses Ready machines, while the listed performance requirement remains explicit rather than treated as clean local closure.",Keep flagged local sensitivity treatment and preserve the performance flag in any downstream route edits.,not_applicable,audit verdict keep
route_batch_03,ebf3_gun_control_electrode_insulator,earth_import,import_nominal,molybdenum_or_tungsten_refractory_part,,change,earth_import,import_nominal,material,wrong_material,"The item name says insulator, but the selected material is molybdenum/tungsten refractory electrode stock. Either ceramic-insulator or electrode geometry would still be import-first, but the material/name conflict should not stand.",Resolve whether this leaf is an HV ceramic insulator or a refractory control electrode; keep nominal import until the split is corrected.,applied,accepted in process_route_review; see updated decision/material/process/flags
route_batch_03,ebf3_gun_deflection_x_coil_pair,defer_import_fallback,import_until_gap_resolved,aluminum_or_copper_winding_with_insulation,coil_winding_basic_v0,change,route_gap,import_until_gap_resolved,material,unclear_boundary,"Deflection coils directly control beam steering. The route depends on non-Ready winding equipment plus unproven conductor insulation, symmetry, heat rejection, and calibration.",Change decision to route_gap; keep first simulation import_until_gap_resolved.,applied,accepted in process_route_review; see updated decision/material/process/flags
route_batch_03,ebf3_gun_dynamic_lens_coil_assembly,defer_import_fallback,import_until_gap_resolved,aluminum_or_copper_winding_with_soft_iron_core,coil_winding_basic_v0,change,route_gap,import_until_gap_resolved,material,unclear_boundary,"Electron-gun lens coils are core electromagnetic performance items. Coil winding uses a non-Ready coil_winding_machine and local conductor/insulation/field calibration are unresolved, making this a route gap rather than a deferred fallback.","Change decision to route_gap; retain import_until_gap_resolved until winding, insulation, vacuum outgassing, and magnetic field verification are modeled.",applied,accepted in process_route_review; see updated decision/material/process/flags
route_batch_03,ebf3_gun_feeder_wire_path_alignment_sleeve,lunar_candidate_flagged,sensitivity_flag,steel,machining_basic_v0,keep,lunar_candidate_flagged,sensitivity_flag,ok,ok,"Flagged local sensitivity case is appropriate: material/forming route uses Ready machines, while the listed performance requirement remains explicit rather than treated as clean local closure.",Keep flagged local sensitivity treatment and preserve the performance flag in any downstream route edits.,not_applicable,audit verdict keep
route_batch_03,ebf3_gun_hv_insulator_field_grading_electrode_set,earth_import,import_nominal,molybdenum_or_tungsten_refractory_electrode,,keep,earth_import,import_nominal,ok,ok,"Earth import is appropriate for scarce, specialty, precision, polymer/seal, electronics, refractory, or high-qualification hardware with no credible Ready local closure.",No edit recommended for first-pass simulation import policy.,not_applicable,audit verdict keep
route_batch_03,ebf3_gun_main_lens_pole_pieces,lunar_candidate_flagged,sensitivity_flag,soft_iron_or_electrical_steel,machining_basic_v0,change,route_gap,import_until_gap_resolved,material,overoptimistic_flagged,"Soft iron/electrical steel availability and CNC machining do not prove pole-piece permeability, anneal state, pole geometry, and beam-lens magnetic performance.",Change to route_gap; require magnetic material property control and lens field/alignment validation before using as a local sensitivity case.,applied,accepted in process_route_review; see updated decision/material/process/flags
route_batch_03,ebf3_gun_signal_shield_termination_interface,lunar_candidate_flagged,sensitivity_flag,aluminum_or_steel_shield_interface,sheet_making_from_ingot_to_metal_sheet_v0,keep,lunar_candidate_flagged,sensitivity_flag,ok,ok,"Flagged local sensitivity case is appropriate: material/forming route uses Ready machines, while the listed performance requirement remains explicit rather than treated as clean local closure.",Keep flagged local sensitivity treatment and preserve the performance flag in any downstream route edits.,not_applicable,audit verdict keep
route_batch_03,ebf3_heater_supply_enclosure,lunar_candidate_flagged,sensitivity_flag,steel,machining_basic_v0,keep,lunar_candidate_flagged,sensitivity_flag,ok,ok,"Flagged local sensitivity case is appropriate: material/forming route uses Ready machines, while the listed performance requirement remains explicit rather than treated as clean local closure.",Keep flagged local sensitivity treatment and preserve the performance flag in any downstream route edits.,not_applicable,audit verdict keep
route_batch_03,ebf3_hv_bleeder_chain_insulating_support,defer_import_fallback,import_until_gap_resolved,alumina_ceramic_or_fused_silica,ceramic_sintering_process_v0,change,route_gap,import_until_gap_resolved,minor,unclear_boundary,"Lunar ceramic/glass feedstock is plausible and broadly useful, but the fired/glass process equipment is non-Ready and HV dielectric tracking/creepage performance is not verified.",Change decision to route_gap rather than defer_import_fallback; keep import_until_gap_resolved.,applied,accepted in process_route_review; see updated decision/material/process/flags
route_batch_03,ebf3_hv_cable_central_conductor,route_gap,import_until_gap_resolved,aluminum_conductor,wire_drawing_aluminum_v0,keep,route_gap,import_until_gap_resolved,ok,ok,"Route_gap is appropriate: the material may be lunar-plausible, but the process, machine readiness, or performance qualification gap is explicit and first simulation imports until resolved.",No route decision edit; close the named machine/process/performance gap before moving to local sensitivity.,not_applicable,audit verdict keep
route_batch_03,ebf3_hv_lead_conductor_set,route_gap,import_until_gap_resolved,aluminum_conductor,wire_drawing_aluminum_v0,keep,route_gap,import_until_gap_resolved,ok,ok,"Route_gap is appropriate: the material may be lunar-plausible, but the process, machine readiness, or performance qualification gap is explicit and first simulation imports until resolved.",No route decision edit; close the named machine/process/performance gap before moving to local sensitivity.,not_applicable,audit verdict keep
route_batch_03,ebf3_hv_tank_bonding_anchor,lunar_candidate_flagged,sensitivity_flag,steel_or_aluminum_grounding_anchor,machining_basic_v0,keep,lunar_candidate_flagged,sensitivity_flag,ok,ok,"Flagged local sensitivity case is appropriate: material/forming route uses Ready machines, while the listed performance requirement remains explicit rather than treated as clean local closure.",Keep flagged local sensitivity treatment and preserve the performance flag in any downstream route edits.,not_applicable,audit verdict keep
route_batch_03,ebf3_hv_tank_lid_seal,defer_import_fallback,import_until_gap_resolved,metal_gasket_or_imported_vacuum_elastomer,vacuum_seal_assembly_fabrication_v0,change,route_gap,import_until_gap_resolved,material,unclear_boundary,"The HV tank lid seal is a reusable leak-critical sealing technology, not just a one-off fallback. The Ready route only covers generic assembly and does not close oil compatibility, gasket material, compression life, or leak verification.",Change decision to route_gap; retain import_until_gap_resolved until the seal material and qualification path are explicit.,applied,accepted in process_route_review; see updated decision/material/process/flags
route_batch_03,ebf3_hv_transformer_internal_hv_lead_set,defer_import_fallback,import_until_gap_resolved,aluminum_or_copper_hv_lead,wire_drawing_aluminum_v0,change,route_gap,import_until_gap_resolved,minor,unclear_boundary,"Aluminum HV leads are a plausible lunar manufacturing target, but wire drawing dies are non-Ready and HV insulation/termination qualification is unresolved.",Change decision to route_gap while preserving import_until_gap_resolved.,applied,accepted in process_route_review; see updated decision/material/process/flags
route_batch_03,ebf3_hv_transformer_primary_winding_set,earth_import,import_nominal,copper_magnet_wire,coil_winding_basic_v0,keep,earth_import,import_nominal,ok,ok,"Earth import is appropriate for scarce, specialty, precision, polymer/seal, electronics, refractory, or high-qualification hardware with no credible Ready local closure.",No edit recommended for first-pass simulation import policy.,not_applicable,audit verdict keep
route_batch_03,ebf3_input_rectifier_busbar_set,lunar_candidate_flagged,sensitivity_flag,aluminum_busbar,machining_basic_v0,keep,lunar_candidate_flagged,sensitivity_flag,ok,ok,"Flagged local sensitivity case is appropriate: material/forming route uses Ready machines, while the listed performance requirement remains explicit rather than treated as clean local closure.",Keep flagged local sensitivity treatment and preserve the performance flag in any downstream route edits.,not_applicable,audit verdict keep
route_batch_03,ebf3_linear_encoder_mounting_bracket_set,lunar_candidate_flagged,sensitivity_flag,steel,machining_basic_v0,keep,lunar_candidate_flagged,sensitivity_flag,ok,ok,"Flagged local sensitivity case is appropriate: material/forming route uses Ready machines, while the listed performance requirement remains explicit rather than treated as clean local closure.",Keep flagged local sensitivity treatment and preserve the performance flag in any downstream route edits.,not_applicable,audit verdict keep
route_batch_03,ebf3_linear_guide_carriage_rolling_element_set,route_gap,import_until_gap_resolved,bearing_steel,precision_grinding_basic_v0,keep,route_gap,import_until_gap_resolved,ok,ok,"Route_gap is appropriate: the material may be lunar-plausible, but the process, machine readiness, or performance qualification gap is explicit and first simulation imports until resolved.",No route decision edit; close the named machine/process/performance gap before moving to local sensitivity.,not_applicable,audit verdict keep
route_batch_03,ebf3_lv_distribution_busbar_set,lunar_candidate_flagged,sensitivity_flag,aluminum_busbar,machining_basic_v0,keep,lunar_candidate_flagged,sensitivity_flag,ok,ok,"Flagged local sensitivity case is appropriate: material/forming route uses Ready machines, while the listed performance requirement remains explicit rather than treated as clean local closure.",Keep flagged local sensitivity treatment and preserve the performance flag in any downstream route edits.,not_applicable,audit verdict keep
route_batch_03,ebf3_matching_network_inductor_mounting_base_set,lunar_candidate_flagged,sensitivity_flag,steel_or_aluminum,machining_basic_v0,keep,lunar_candidate_flagged,sensitivity_flag,ok,ok,"Flagged local sensitivity case is appropriate: material/forming route uses Ready machines, while the listed performance requirement remains explicit rather than treated as clean local closure.",Keep flagged local sensitivity treatment and preserve the performance flag in any downstream route edits.,not_applicable,audit verdict keep
route_batch_03,ebf3_motor_coupling_clamp_screw_set,lunar_candidate_flagged,sensitivity_flag,steel_fastener_set,fastener_kit_small_fabrication_v0,keep,lunar_candidate_flagged,sensitivity_flag,ok,ok,"Flagged local sensitivity case is appropriate: material/forming route uses Ready machines, while the listed performance requirement remains explicit rather than treated as clean local closure.",Keep flagged local sensitivity treatment and preserve the performance flag in any downstream route edits.,not_applicable,audit verdict keep
route_batch_03,ebf3_motor_mount_bracket_spacer_set,lunar_candidate_flagged,sensitivity_flag,steel,machining_basic_v0,keep,lunar_candidate_flagged,sensitivity_flag,ok,ok,"Flagged local sensitivity case is appropriate: material/forming route uses Ready machines, while the listed performance requirement remains explicit rather than treated as clean local closure.",Keep flagged local sensitivity treatment and preserve the performance flag in any downstream route edits.,not_applicable,audit verdict keep
route_batch_03,ebf3_multi_channel_driver_enclosure,lunar_candidate_flagged,sensitivity_flag,steel,machining_basic_v0,keep,lunar_candidate_flagged,sensitivity_flag,ok,ok,"Flagged local sensitivity case is appropriate: material/forming route uses Ready machines, while the listed performance requirement remains explicit rather than treated as clean local closure.",Keep flagged local sensitivity treatment and preserve the performance flag in any downstream route edits.,not_applicable,audit verdict keep
route_batch_03,ebf3_positioning_base_frame_rail_set,lunar_candidate_flagged,sensitivity_flag,steel_structural_stock,frame_fabrication_from_raw_metal_v0,keep,lunar_candidate_flagged,sensitivity_flag,ok,ok,"Flagged local sensitivity case is appropriate: material/forming route uses Ready machines, while the listed performance requirement remains explicit rather than treated as clean local closure.",Keep flagged local sensitivity treatment and preserve the performance flag in any downstream route edits.,not_applicable,audit verdict keep
route_batch_03,ebf3_positioning_feedthrough_flange,lunar_candidate_flagged,sensitivity_flag,steel,machining_basic_v0,keep,lunar_candidate_flagged,sensitivity_flag,ok,ok,"Flagged local sensitivity case is appropriate: material/forming route uses Ready machines, while the listed performance requirement remains explicit rather than treated as clean local closure.",Keep flagged local sensitivity treatment and preserve the performance flag in any downstream route edits.,not_applicable,audit verdict keep
route_batch_03,ebf3_positioning_feedthrough_signal_pin_set,defer_import_fallback,import_until_gap_resolved,kovar_or_copper_alloy_pin_set,electrical_feedthrough_vacuum_fabrication_v0,change,earth_import,import_nominal,material,wrong_policy,"Hermetic feedthrough pins rely on Kovar/copper alloy, ceramic/glass sealing, matched thermal expansion, and leak-qualified contact geometry; the KB process is only a placeholder using scarce/import materials.",Change to earth_import/import_nominal for first EBF3 simulation; treat local feedthrough pin technology as a separate future research route.,applied,accepted in process_route_review; see updated decision/material/process/flags
route_batch_03,ebf3_positioning_motor_cable_shield_set,lunar_candidate_flagged,sensitivity_flag,aluminum_or_steel_shield,sheet_making_from_ingot_to_metal_sheet_v0,keep,lunar_candidate_flagged,sensitivity_flag,ok,ok,"Flagged local sensitivity case is appropriate: material/forming route uses Ready machines, while the listed performance requirement remains explicit rather than treated as clean local closure.",Keep flagged local sensitivity treatment and preserve the performance flag in any downstream route edits.,not_applicable,audit verdict keep
route_batch_03,ebf3_positioning_signal_conductor_set,route_gap,import_until_gap_resolved,aluminum_signal_conductor,wire_drawing_aluminum_v0,keep,route_gap,import_until_gap_resolved,ok,ok,"Route_gap is appropriate: the material may be lunar-plausible, but the process, machine readiness, or performance qualification gap is explicit and first simulation imports until resolved.",No route decision edit; close the named machine/process/performance gap before moving to local sensitivity.,not_applicable,audit verdict keep
route_batch_03,ebf3_power_input_gland_body,lunar_candidate_flagged,sensitivity_flag,steel,machining_basic_v0,keep,lunar_candidate_flagged,sensitivity_flag,ok,ok,"Flagged local sensitivity case is appropriate: material/forming route uses Ready machines, while the listed performance requirement remains explicit rather than treated as clean local closure.",Keep flagged local sensitivity treatment and preserve the performance flag in any downstream route edits.,not_applicable,audit verdict keep
route_batch_03,ebf3_primary_transformer_core,route_gap,import_until_gap_resolved,electrical_steel_sheet,electrical_steel_production_v0,keep,route_gap,import_until_gap_resolved,ok,ok,"Route_gap is appropriate: the material may be lunar-plausible, but the process, machine readiness, or performance qualification gap is explicit and first simulation imports until resolved.",No route decision edit; close the named machine/process/performance gap before moving to local sensitivity.,not_applicable,audit verdict keep
route_batch_03,ebf3_ripple_inductor_core,route_gap,import_until_gap_resolved,electrical_steel_or_ferrite_core,electrical_steel_production_v0,keep,route_gap,import_until_gap_resolved,ok,ok,"Route_gap is appropriate: the material may be lunar-plausible, but the process, machine readiness, or performance qualification gap is explicit and first simulation imports until resolved.",No route decision edit; close the named machine/process/performance gap before moving to local sensitivity.,not_applicable,audit verdict keep
route_batch_03,ebf3_rotary_axis_bearing_inner_ring,route_gap,import_until_gap_resolved,bearing_steel,precision_grinding_basic_v0,keep,route_gap,import_until_gap_resolved,ok,ok,"Route_gap is appropriate: the material may be lunar-plausible, but the process, machine readiness, or performance qualification gap is explicit and first simulation imports until resolved.",No route decision edit; close the named machine/process/performance gap before moving to local sensitivity.,not_applicable,audit verdict keep
route_batch_03,ebf3_rotary_axis_table_hub,lunar_candidate_flagged,sensitivity_flag,steel,machining_basic_v0,keep,lunar_candidate_flagged,sensitivity_flag,ok,ok,"Flagged local sensitivity case is appropriate: material/forming route uses Ready machines, while the listed performance requirement remains explicit rather than treated as clean local closure.",Keep flagged local sensitivity treatment and preserve the performance flag in any downstream route edits.,not_applicable,audit verdict keep
route_batch_03,ebf3_spatter_shield_mounting_tab_set,lunar_candidate_flagged,sensitivity_flag,steel_or_aluminum,machining_basic_v0,keep,lunar_candidate_flagged,sensitivity_flag,ok,ok,"Flagged local sensitivity case is appropriate: material/forming route uses Ready machines, while the listed performance requirement remains explicit rather than treated as clean local closure.",Keep flagged local sensitivity treatment and preserve the performance flag in any downstream route edits.,not_applicable,audit verdict keep
route_batch_03,ebf3_spool_hub,lunar_candidate,local_nominal,steel,machining_basic_v0,keep,lunar_candidate,local_nominal,ok,ok,"Ordinary low-risk local metal hardware with Ready machine support; performance requirements do not cross the audit thresholds for HV, sealing, precision bearing, magnetic, spring fatigue, electronics qualification, or thermal-interface closure.",No edit recommended.,not_applicable,audit verdict keep
route_batch_03,ebf3_substrate_clamp_jaw_set,lunar_candidate_flagged,sensitivity_flag,steel,machining_basic_v0,keep,lunar_candidate_flagged,sensitivity_flag,ok,ok,"Flagged local sensitivity case is appropriate: material/forming route uses Ready machines, while the listed performance requirement remains explicit rather than treated as clean local closure.",Keep flagged local sensitivity treatment and preserve the performance flag in any downstream route edits.,not_applicable,audit verdict keep
route_batch_03,ebf3_tank_side_bushing_mounting_flange,lunar_candidate_flagged,sensitivity_flag,steel,machining_basic_v0,keep,lunar_candidate_flagged,sensitivity_flag,ok,ok,"Flagged local sensitivity case is appropriate: material/forming route uses Ready machines, while the listed performance requirement remains explicit rather than treated as clean local closure.",Keep flagged local sensitivity treatment and preserve the performance flag in any downstream route edits.,not_applicable,audit verdict keep
route_batch_03,ebf3_thermal_isolation_standoff_washer_set,route_gap,import_until_gap_resolved,alumina_ceramic_v0,ceramic_sintering_process_v0,keep,route_gap,import_until_gap_resolved,ok,ok,"Route_gap is appropriate: the material may be lunar-plausible, but the process, machine readiness, or performance qualification gap is explicit and first simulation imports until resolved.",No route decision edit; close the named machine/process/performance gap before moving to local sensitivity.,not_applicable,audit verdict keep
route_batch_03,ebf3_wire_feed_drive_roll_groove_profile,lunar_candidate_flagged,sensitivity_flag,hardened_steel,machining_basic_v0,change,route_gap,import_until_gap_resolved,material,overoptimistic_flagged,"The selected material is hardened steel and the function depends on wear, grip, concentricity, and surface finish. CNC machining alone does not close heat treatment or wear-qualified groove performance.",Change to route_gap until heat_treat_basic_v0 and wear/traction validation are Ready.,applied,accepted in process_route_review; see updated decision/material/process/flags
route_batch_03,ebf3_wire_feed_motor_mount_clamp_fastener_set,lunar_candidate_flagged,sensitivity_flag,steel_fastener_set,fastener_kit_small_fabrication_v0,keep,lunar_candidate_flagged,sensitivity_flag,ok,ok,"Flagged local sensitivity case is appropriate: material/forming route uses Ready machines, while the listed performance requirement remains explicit rather than treated as clean local closure.",Keep flagged local sensitivity treatment and preserve the performance flag in any downstream route edits.,not_applicable,audit verdict keep
route_batch_03,ebf3_wire_feed_pressure_roll,lunar_candidate_flagged,sensitivity_flag,steel,machining_basic_v0,change,route_gap,import_until_gap_resolved,material,overoptimistic_flagged,"A wire-feed pressure roll is a wear/contact motion part. Ready CNC supports shape, but not hardened surface, concentricity, contamination control, or feed-life performance.",Change to route_gap until local heat treatment and roll wear qualification are explicit.,applied,accepted in process_route_review; see updated decision/material/process/flags
route_batch_03,ebf3_wire_feeder_base_plate,lunar_candidate_flagged,sensitivity_flag,steel_plate,sheet_making_from_ingot_to_metal_sheet_v0,keep,lunar_candidate_flagged,sensitivity_flag,ok,ok,"Flagged local sensitivity case is appropriate: material/forming route uses Ready machines, while the listed performance requirement remains explicit rather than treated as clean local closure.",Keep flagged local sensitivity treatment and preserve the performance flag in any downstream route edits.,not_applicable,audit verdict keep
route_batch_03,ebf3_wire_feeder_base_stiffener,lunar_candidate,local_nominal,steel,frame_fabrication_from_raw_metal_v0,keep,lunar_candidate,local_nominal,ok,ok,"Ordinary low-risk local metal hardware with Ready machine support; performance requirements do not cross the audit thresholds for HV, sealing, precision bearing, magnetic, spring fatigue, electronics qualification, or thermal-interface closure.",No edit recommended.,not_applicable,audit verdict keep
route_batch_03,ebf3_wire_feeder_feedthrough_motor_power_pin_set,defer_import_fallback,import_until_gap_resolved,kovar_or_copper_alloy_power_pin_set,electrical_feedthrough_vacuum_fabrication_v0,change,earth_import,import_nominal,material,wrong_policy,"Motor feedthrough power pins are hermetic conductor/seal hardware with Kovar/copper alloy, dielectric standoff, current capacity, and leak-rate requirements. The placeholder feedthrough process does not close those critical properties.",Change to earth_import/import_nominal; model local hermetic feedthrough pins only after seal alloy/ceramic process and leak testing are closed.,applied,accepted in process_route_review; see updated decision/material/process/flags
route_batch_03,ebf3_wire_feeder_gun_bracket_body,lunar_candidate_flagged,sensitivity_flag,steel,machining_basic_v0,keep,lunar_candidate_flagged,sensitivity_flag,ok,ok,"Flagged local sensitivity case is appropriate: material/forming route uses Ready machines, while the listed performance requirement remains explicit rather than treated as clean local closure.",Keep flagged local sensitivity treatment and preserve the performance flag in any downstream route edits.,not_applicable,audit verdict keep
route_batch_03,ebf3_wire_spool_retention_feature_set,lunar_candidate,local_nominal,steel,machining_basic_v0,keep,lunar_candidate,local_nominal,ok,ok,"Ordinary low-risk local metal hardware with Ready machine support; performance requirements do not cross the audit thresholds for HV, sealing, precision bearing, magnetic, spring fatigue, electronics qualification, or thermal-interface closure.",No edit recommended.,not_applicable,audit verdict keep
route_batch_03,ebf3_z_axis_counterbalance_metal_spring_element,route_gap,import_until_gap_resolved,spring_steel,heat_treat_basic_v0,keep,route_gap,import_until_gap_resolved,ok,ok,"Route_gap is appropriate: the material may be lunar-plausible, but the process, machine readiness, or performance qualification gap is explicit and first simulation imports until resolved.",No route decision edit; close the named machine/process/performance gap before moving to local sensitivity.,not_applicable,audit verdict keep
route_batch_04,ebf3_axis_home_sensor_target_set,lunar_candidate_flagged,sensitivity_flag,steel_plate_or_sheet,machining_basic_v0,keep,lunar_candidate_flagged,sensitivity_flag,ok,ok,"Flagged local sensitivity treatment is appropriate: steel_plate_or_sheet is lunar-plausible, Ready blank-tag machines support basic fabrication, and the row explicitly carries performance risk for repeatable sensor target geometry; stable mounting; nonmagnetic or known magnetic response if sensor type requires it.",Keep as sensitivity_flag; do not promote to clean local unless the named performance checks are closed.,not_applicable,audit verdict keep
route_batch_04,ebf3_ball_nut_body_set,defer_import_fallback,import_until_gap_resolved,hardened_bearing_steel,ball_screw_fabrication_v0,change,route_gap,import_until_gap_resolved,material,unclear_boundary,"Ball nut body is not merely a low-priority import fallback: bearing-grade race geometry, preload, hardening, finish, and vacuum lubrication are core local manufacturing gaps, and the cited ball-screw route is not Ready.","Reclassify as route_gap so the first simulation imports it until a precision ball-nut route, heat treatment, grinding, and QA are closed.",applied,accepted in process_route_review; see updated decision/material/process/flags
route_batch_04,ebf3_beam_current_return_flexible_conductor,defer_import_fallback,import_until_gap_resolved,aluminum_flexible_conductor,metal_wire_drawing_process_v0,change,route_gap,import_until_gap_resolved,material,unclear_boundary,"Aluminum is a plausible lunar conductor, but flexible high-current braid/strap fabrication, terminations, contact resistance, thermal cycling, and vacuum insulation/clearance are explicit process and performance gaps.","Use route_gap rather than defer_import_fallback; keep import_until_gap_resolved until wire/braid drawing, termination tooling, and current-return qualification are modeled.",applied,accepted in process_route_review; see updated decision/material/process/flags
route_batch_04,ebf3_cabin_access_door_hinge_bushing_or_bearing_set,lunar_candidate_flagged,sensitivity_flag,steel_bushing_or_bearing_steel,machining_basic_v0,keep,lunar_candidate_flagged,sensitivity_flag,ok,ok,"Flagged local sensitivity treatment is appropriate: steel_bushing_or_bearing_steel is lunar-plausible, Ready blank-tag machines support basic fabrication, and the row explicitly carries performance risk for hinge load; wear clearance; galling control; dry or vacuum compatible lubrication.",Keep as sensitivity_flag; do not promote to clean local unless the named performance checks are closed.,not_applicable,audit verdict keep
route_batch_04,ebf3_cabin_access_door_latch_fastener_interface_set,lunar_candidate_flagged,sensitivity_flag,steel_fastener_interface,machining_basic_v0,keep,lunar_candidate_flagged,sensitivity_flag,ok,ok,"Flagged local sensitivity treatment is appropriate: steel_fastener_interface is lunar-plausible, Ready blank-tag machines support basic fabrication, and the row explicitly carries performance risk for latch strength; thread fit; vibration retention.",Keep as sensitivity_flag; do not promote to clean local unless the named performance checks are closed.,not_applicable,audit verdict keep
route_batch_04,ebf3_cabin_access_door_latch_strike_or_bar_set,lunar_candidate_flagged,sensitivity_flag,steel_bar_or_strike,machining_basic_v0,keep,lunar_candidate_flagged,sensitivity_flag,ok,ok,"Flagged local sensitivity treatment is appropriate: steel_bar_or_strike is lunar-plausible, Ready blank-tag machines support basic fabrication, and the row explicitly carries performance risk for latch load path; wear face hardness; door alignment tolerance.",Keep as sensitivity_flag; do not promote to clean local unless the named performance checks are closed.,not_applicable,audit verdict keep
route_batch_04,ebf3_cabin_gun_port_flange_ring,lunar_candidate_flagged,sensitivity_flag,steel_plate_or_ring,machining_basic_v0,keep,lunar_candidate_flagged,sensitivity_flag,ok,ok,"Flagged local sensitivity treatment is appropriate: steel_plate_or_ring is lunar-plausible, Ready blank-tag machines support basic fabrication, and the row explicitly carries performance risk for vacuum sealing face flatness; bolt circle accuracy; low distortion; electron gun alignment stability.",Keep as sensitivity_flag; do not promote to clean local unless the named performance checks are closed.,not_applicable,audit verdict keep
route_batch_04,ebf3_cabin_positioning_floor_mount_plate,lunar_candidate_flagged,sensitivity_flag,steel_plate_or_sheet,machining_basic_v0,keep,lunar_candidate_flagged,sensitivity_flag,ok,ok,"Flagged local sensitivity treatment is appropriate: steel_plate_or_sheet is lunar-plausible, Ready blank-tag machines support basic fabrication, and the row explicitly carries performance risk for flatness; hole pattern tolerance; stiffness under positioning loads; vacuum compatible surface.",Keep as sensitivity_flag; do not promote to clean local unless the named performance checks are closed.,not_applicable,audit verdict keep
route_batch_04,ebf3_cabin_wire_feeder_port_flange_ring,lunar_candidate_flagged,sensitivity_flag,steel_plate_or_ring,machining_basic_v0,keep,lunar_candidate_flagged,sensitivity_flag,ok,ok,"Flagged local sensitivity treatment is appropriate: steel_plate_or_ring is lunar-plausible, Ready blank-tag machines support basic fabrication, and the row explicitly carries performance risk for vacuum sealing face flatness; feedthrough alignment; bolt preload retention.",Keep as sensitivity_flag; do not promote to clean local unless the named performance checks are closed.,not_applicable,audit verdict keep
route_batch_04,ebf3_disconnect_switch_actuator,earth_import,import_nominal,silicone_rubber_or_engineering_polymer,silicone_rubber_vulcanization_v0,keep,earth_import,import_nominal,ok,ok,"Earth import is appropriate: silicone_rubber_or_engineering_polymer is scarce, polymer/electronics/precision metrology, refractory, copper, or qualification-heavy, and lunar material availability does not close electrical isolation; arc tracking resistance; mechanical life; operator force; outgassing if inside vacuum.",Keep import_nominal for the first simulation baseline.,not_applicable,audit verdict keep
route_batch_04,ebf3_drive_roll_carrier_body,lunar_candidate,local_nominal,steel_stock,machining_basic_v0,keep,lunar_candidate,local_nominal,ok,ok,"Clean local treatment is semantically acceptable: ebf3_drive_roll_carrier_body is ordinary low-risk local metal/assembly hardware, uses Ready blank-tag machines, and the listed requirements are within basic machining/assembly tolerance rather than hidden HV, vacuum seal, electronics, magnetic, or precision-bearing closure.",No route decision edit recommended.,not_applicable,audit verdict keep
route_batch_04,ebf3_drive_roll_carrier_spacer,lunar_candidate,local_nominal,steel_spacer,machining_basic_v0,keep,lunar_candidate,local_nominal,ok,ok,"Clean local treatment is semantically acceptable: ebf3_drive_roll_carrier_spacer is ordinary low-risk local metal/assembly hardware, uses Ready blank-tag machines, and the listed requirements are within basic machining/assembly tolerance rather than hidden HV, vacuum seal, electronics, magnetic, or precision-bearing closure.",No route decision edit recommended.,not_applicable,audit verdict keep
route_batch_04,ebf3_ebf_wire_guide_tip_wear_orifice,route_gap,import_until_gap_resolved,alumina_ceramic_v0,ceramic_forming_basic_v0,keep,route_gap,import_until_gap_resolved,ok,ok,"Route gap treatment is appropriate: alumina_ceramic_v0 may be lunar-plausible, but the row identifies missing Ready process/machine support or unresolved performance qualification for wear orifice diameter; dielectric strength; thermal shock resistance; wire sliding wear.",Keep import_until_gap_resolved until the stated process and performance gaps are closed.,not_applicable,audit verdict keep
route_batch_04,ebf3_emi_filter_choke_mounting_base_set,lunar_candidate_flagged,sensitivity_flag,aluminum_or_steel_mount,machining_basic_v0,keep,lunar_candidate_flagged,sensitivity_flag,ok,ok,"Flagged local sensitivity treatment is appropriate: aluminum_or_steel_mount is lunar-plausible, Ready blank-tag machines support basic fabrication, and the row explicitly carries performance risk for creepage clearance if conductive; mechanical retention; magnetic field interaction kept low.",Keep as sensitivity_flag; do not promote to clean local unless the named performance checks are closed.,not_applicable,audit verdict keep
route_batch_04,ebf3_feed_liner_tube,route_gap,import_until_gap_resolved,composite_placeholder,,keep,route_gap,import_until_gap_resolved,ok,ok,"Route gap treatment is appropriate: composite_placeholder may be lunar-plausible, but the row identifies missing Ready process/machine support or unresolved performance qualification for wire feed friction; wear; vacuum outgassing; thermal stability.",Keep import_until_gap_resolved until the stated process and performance gaps are closed.,not_applicable,audit verdict keep
route_batch_04,ebf3_floating_side_screw_bearing_retainer_set,lunar_candidate_flagged,sensitivity_flag,steel_retainer,machining_basic_v0,keep,lunar_candidate_flagged,sensitivity_flag,ok,ok,"Flagged local sensitivity treatment is appropriate: steel_retainer is lunar-plausible, Ready blank-tag machines support basic fabrication, and the row explicitly carries performance risk for bearing retention tolerance; runout contribution; preload stability; vacuum compatible fasteners.",Keep as sensitivity_flag; do not promote to clean local unless the named performance checks are closed.,not_applicable,audit verdict keep
route_batch_04,ebf3_gun_beam_boundary_collector_electrode,earth_import,import_nominal,molybdenum_or_tungsten,tungsten_sintering_high_temp_v0,keep,earth_import,import_nominal,ok,ok,"Earth import is appropriate: molybdenum_or_tungsten is scarce, polymer/electronics/precision metrology, refractory, copper, or qualification-heavy, and lunar material availability does not close electron beam interception heat load; dimensional stability; low secondary emission uncertainty; vacuum cleanliness.",Keep import_nominal for the first simulation baseline.,not_applicable,audit verdict keep
route_batch_04,ebf3_gun_cathode_radiation_shield_clip_set,lunar_candidate_flagged,sensitivity_flag,steel_or_refractory_foil,machining_basic_v0,keep,lunar_candidate_flagged,sensitivity_flag,minor,wrong_material,"Decision/policy are acceptable because the row is flagged, but route_material_basis mixes a local steel baseline with a refractory-foil fallback; refractory foil is not local_derived under the guide.","Keep flagged route, but split or clarify the material: steel clip as local sensitivity case; refractory foil clip as import or route_gap.",not_applicable,audit verdict keep
route_batch_04,ebf3_gun_column_gun_side_mating_flange,lunar_candidate_flagged,sensitivity_flag,steel_vacuum_flange,machining_basic_v0,keep,lunar_candidate_flagged,sensitivity_flag,ok,ok,"Flagged local sensitivity treatment is appropriate: steel_vacuum_flange is lunar-plausible, Ready blank-tag machines support basic fabrication, and the row explicitly carries performance risk for electron gun coaxiality; vacuum seal face; HV clearance; thermal distortion.",Keep as sensitivity_flag; do not promote to clean local unless the named performance checks are closed.,not_applicable,audit verdict keep
route_batch_04,ebf3_gun_deflection_y_coil_pair,defer_import_fallback,import_until_gap_resolved,aluminum_wire_plus_insulation,coil_winding_basic_v0,change,route_gap,import_until_gap_resolved,material,unclear_boundary,"Deflection coils sit in the electron-beam active control path; local aluminum wire alone does not close winding geometry, insulation class, vacuum outgassing, or magnetic-field linearity, and coil winding is not Ready.","Reclassify as route_gap; import until coil winding, insulation, and magnetic performance verification routes are represented.",applied,accepted in process_route_review; see updated decision/material/process/flags
route_batch_04,ebf3_gun_dynamic_lens_pole_pieces,lunar_candidate_flagged,sensitivity_flag,soft_iron_or_low_carbon_steel,machining_basic_v0,keep,lunar_candidate_flagged,sensitivity_flag,ok,ok,"Flagged local sensitivity treatment is appropriate: soft_iron_or_low_carbon_steel is lunar-plausible, Ready blank-tag machines support basic fabrication, and the row explicitly carries performance risk for magnetic permeability; saturation; pole face geometry; low remanence after anneal; electron beam alignment.",Keep as sensitivity_flag; do not promote to clean local unless the named performance checks are closed.,not_applicable,audit verdict keep
route_batch_04,ebf3_gun_hv_input_central_conductor,lunar_candidate_flagged,sensitivity_flag,aluminum_conductor,machining_basic_v0,keep,lunar_candidate_flagged,sensitivity_flag,ok,ok,"Flagged local sensitivity treatment is appropriate: aluminum_conductor is lunar-plausible, Ready blank-tag machines support basic fabrication, and the row explicitly carries performance risk for HV creepage and clearance; smooth radius to avoid corona; contact resistance; vacuum cleanliness.",Keep as sensitivity_flag; do not promote to clean local unless the named performance checks are closed.,not_applicable,audit verdict keep
route_batch_04,ebf3_gun_hv_insulator_metallized_end_interface_set,defer_import_fallback,import_until_gap_resolved,metallized_alumina_ceramic,ceramic_forming_basic_v0,change,route_gap,import_until_gap_resolved,material,unclear_boundary,"Metallized alumina for an HV vacuum interface is a repeatable capability gap, not just a deferrable one; ceramic forming/sintering and metallization/braze qualification are not Ready.","Reclassify as route_gap and require ceramic forming, high-temperature sintering, metallization, brazing, dielectric, and leak-rate validation before local credit.",applied,accepted in process_route_review; see updated decision/material/process/flags
route_batch_04,ebf3_gun_main_lens_yoke,lunar_candidate_flagged,sensitivity_flag,soft_iron_or_low_carbon_steel,machining_basic_v0,keep,lunar_candidate_flagged,sensitivity_flag,ok,ok,"Flagged local sensitivity treatment is appropriate: soft_iron_or_low_carbon_steel is lunar-plausible, Ready blank-tag machines support basic fabrication, and the row explicitly carries performance risk for magnetic flux capacity; low remanence; lens alignment; thermal stability near gun.",Keep as sensitivity_flag; do not promote to clean local unless the named performance checks are closed.,not_applicable,audit verdict keep
route_batch_04,ebf3_gun_screen_electrode,earth_import,import_nominal,molybdenum_or_tungsten,tungsten_sintering_high_temp_v0,keep,earth_import,import_nominal,ok,ok,"Earth import is appropriate: molybdenum_or_tungsten is scarce, polymer/electronics/precision metrology, refractory, copper, or qualification-heavy, and lunar material availability does not close electron optics geometry; high temperature stability; low sputter and contamination; precise aperture.",Keep import_nominal for the first simulation baseline.,not_applicable,audit verdict keep
route_batch_04,ebf3_gun_trajectory_corrector_insulator_set,defer_import_fallback,import_until_gap_resolved,alumina_ceramic_v0,ceramic_forming_basic_v0,change,route_gap,import_until_gap_resolved,material,unclear_boundary,"The material is lunar-plausible alumina, but shaped HV ceramic manufacturing and dielectric/tracking qualification are missing; this is a clear KB route gap for electron-gun hardware.",Change to route_gap with import_until_gap_resolved until Ready ceramic forming/sintering and HV insulation tests exist.,applied,accepted in process_route_review; see updated decision/material/process/flags
route_batch_04,ebf3_heater_supply_heat_sink,lunar_candidate_flagged,sensitivity_flag,aluminum_heat_sink,heat_sink_extrusion_v0,keep,lunar_candidate_flagged,sensitivity_flag,minor,wrong_process,"Flagged decision is reasonable, but the primary heat-sink extrusion route is not evidenced by a Ready extrusion machine; Ready support appears to be machining of aluminum stock rather than extrusion closure.","Keep lunar_candidate_flagged, but make machined aluminum heat sink the local route unless a Ready extrusion route is added.",not_applicable,audit verdict keep
route_batch_04,ebf3_hv_cable_dielectric_insulation,earth_import,import_nominal,polymer_hv_dielectric,power_cable_assembly_v0,keep,earth_import,import_nominal,ok,ok,"Earth import is appropriate: polymer_hv_dielectric is scarce, polymer/electronics/precision metrology, refractory, copper, or qualification-heavy, and lunar material availability does not close dielectric strength; partial discharge margin; bend radius; vacuum outgassing; radiation aging.",Keep import_nominal for the first simulation baseline.,not_applicable,audit verdict keep
route_batch_04,ebf3_hv_lead_support_standoff_set,defer_import_fallback,import_until_gap_resolved,alumina_ceramic_v0,ceramic_forming_basic_v0,change,route_gap,import_until_gap_resolved,material,unclear_boundary,"HV lead standoffs are recurring ceramic insulation hardware; alumina availability does not close shaped ceramic production, creepage design, dielectric withstand, or vacuum cleanliness.",Reclassify as route_gap for the local ceramic/HV standoff route; keep import until ceramic manufacturing and test coverage are Ready.,applied,accepted in process_route_review; see updated decision/material/process/flags
route_batch_04,ebf3_hv_pressure_relief_seal,earth_import,import_nominal,silicone_rubber,silicone_rubber_vulcanization_v0,keep,earth_import,import_nominal,ok,ok,"Earth import is appropriate: silicone_rubber is scarce, polymer/electronics/precision metrology, refractory, copper, or qualification-heavy, and lunar material availability does not close HV oil compatibility; pressure relief leak rate; compression set; outgassing; thermal aging.",Keep import_nominal for the first simulation baseline.,not_applicable,audit verdict keep
route_batch_04,ebf3_hv_return_current_monitor_insulating_mount,defer_import_fallback,import_until_gap_resolved,alumina_ceramic_v0,ceramic_forming_basic_v0,change,route_gap,import_until_gap_resolved,material,unclear_boundary,"This is a shaped HV ceramic insulating mount with leakage, creepage, and alignment requirements; current Ready machines only support labor, not ceramic part fabrication or dielectric QA.",Use route_gap and keep import_until_gap_resolved until alumina forming/sintering and HV leakage validation close.,applied,accepted in process_route_review; see updated decision/material/process/flags
route_batch_04,ebf3_hv_tank_ground_lug,lunar_candidate_flagged,sensitivity_flag,aluminum_or_steel_lug,machining_basic_v0,keep,lunar_candidate_flagged,sensitivity_flag,ok,ok,"Flagged local sensitivity treatment is appropriate: aluminum_or_steel_lug is lunar-plausible, Ready blank-tag machines support basic fabrication, and the row explicitly carries performance risk for low resistance bond; fault-current capacity; corrosion and loosening control; HV grounding geometry.",Keep as sensitivity_flag; do not promote to clean local unless the named performance checks are closed.,not_applicable,audit verdict keep
route_batch_04,ebf3_hv_tank_shell,route_gap,import_until_gap_resolved,steel_sheet_or_shell,machining_basic_v0,keep,route_gap,import_until_gap_resolved,ok,ok,"Route gap treatment is appropriate: steel_sheet_or_shell may be lunar-plausible, but the row identifies missing Ready process/machine support or unresolved performance qualification for oil or vacuum containment; HV clearance; leak tight seams; structural stiffness; thermal expansion.",Keep import_until_gap_resolved until the stated process and performance gaps are closed.,not_applicable,audit verdict keep
route_batch_04,ebf3_hv_transformer_interwinding_insulation_set,earth_import,import_nominal,high_voltage_insulation_material,coil_insulation_production_v0,keep,earth_import,import_nominal,ok,ok,"Earth import is appropriate: high_voltage_insulation_material is scarce, polymer/electronics/precision metrology, refractory, copper, or qualification-heavy, and lunar material availability does not close dielectric withstand; partial discharge; thermal class; oil compatibility; layer thickness control.",Keep import_nominal for the first simulation baseline.,not_applicable,audit verdict keep
route_batch_04,ebf3_hv_transformer_secondary_winding_set,earth_import,import_nominal,copper_magnet_wire,copper_wire_drawing_and_insulation_v0,keep,earth_import,import_nominal,ok,ok,"Earth import is appropriate: copper_magnet_wire is scarce, polymer/electronics/precision metrology, refractory, copper, or qualification-heavy, and lunar material availability does not close current density; insulation build; HV layer spacing; thermal rise; winding geometry.",Keep import_nominal for the first simulation baseline.,not_applicable,audit verdict keep
route_batch_04,ebf3_input_rectifier_heat_sink,lunar_candidate_flagged,sensitivity_flag,aluminum_heat_sink,heat_sink_extrusion_v0,keep,lunar_candidate_flagged,sensitivity_flag,minor,wrong_process,"Flagged decision is reasonable, but heat_sink_extrusion_v0 is not clearly supported by a Ready extrusion machine; thermal adequacy should be modeled as machined or otherwise qualified local stock.","Keep lunar_candidate_flagged; clarify that Ready local credit is for machined aluminum heat-sink geometry, not closed extrusion.",not_applicable,audit verdict keep
route_batch_04,ebf3_linear_encoder_scale_strip_set,earth_import,import_nominal,precision_glass_scale,glass_melting_and_forming_v0,keep,earth_import,import_nominal,ok,ok,"Earth import is appropriate: precision_glass_scale is scarce, polymer/electronics/precision metrology, refractory, copper, or qualification-heavy, and lunar material availability does not close scale pitch accuracy; thermal expansion calibration; optical surface quality; read-head compatibility.",Keep import_nominal for the first simulation baseline.,not_applicable,audit verdict keep
route_batch_04,ebf3_linear_guide_rail_body_set,defer_import_fallback,import_until_gap_resolved,hardened_steel_rail,steel_shaft_machining_v1,change,route_gap,import_until_gap_resolved,material,unclear_boundary,"Precision linear guide rails are foundational motion hardware; steel stock and CNC shaft machining do not close raceway hardness, straightness, preload, finish, or vacuum lubrication.","Change from defer_import_fallback to route_gap; import until precision rail grinding, heat treatment, and inspection routes exist.",applied,accepted in process_route_review; see updated decision/material/process/flags
route_batch_04,ebf3_matching_network_inductor_terminal_set,lunar_candidate_flagged,sensitivity_flag,aluminum_terminal,machining_basic_v0,keep,lunar_candidate_flagged,sensitivity_flag,ok,ok,"Flagged local sensitivity treatment is appropriate: aluminum_terminal is lunar-plausible, Ready blank-tag machines support basic fabrication, and the row explicitly carries performance risk for RF or high-current contact resistance; thermal rise; clearance; magnetic field heating.",Keep as sensitivity_flag; do not promote to clean local unless the named performance checks are closed.,not_applicable,audit verdict keep
route_batch_04,ebf3_motor_coupling_hub_set,lunar_candidate_flagged,sensitivity_flag,steel_hub,machining_basic_v0,keep,lunar_candidate_flagged,sensitivity_flag,ok,ok,"Flagged local sensitivity treatment is appropriate: steel_hub is lunar-plausible, Ready blank-tag machines support basic fabrication, and the row explicitly carries performance risk for concentricity; torque capacity; clamp screw fit; balance; vacuum compatible interface.",Keep as sensitivity_flag; do not promote to clean local unless the named performance checks are closed.,not_applicable,audit verdict keep
route_batch_04,ebf3_moveable_build_platform_clamp_slot_set,lunar_candidate_flagged,sensitivity_flag,steel_plate_or_sheet,machining_basic_v0,keep,lunar_candidate_flagged,sensitivity_flag,ok,ok,"Flagged local sensitivity treatment is appropriate: steel_plate_or_sheet is lunar-plausible, Ready blank-tag machines support basic fabrication, and the row explicitly carries performance risk for slot position tolerance; clamp repeatability; stiffness; thermal distortion near build area.",Keep as sensitivity_flag; do not promote to clean local unless the named performance checks are closed.,not_applicable,audit verdict keep
route_batch_04,ebf3_multi_channel_heat_sink,lunar_candidate_flagged,sensitivity_flag,aluminum_heat_sink,heat_sink_extrusion_v0,keep,lunar_candidate_flagged,sensitivity_flag,minor,wrong_process,"Flagged decision is reasonable, but the cited extrusion process is stronger than the Ready machine evidence; electronics thermal performance still needs sensitivity treatment.",Keep lunar_candidate_flagged; clarify machined aluminum local basis or add a real Ready extrusion route.,not_applicable,audit verdict keep
route_batch_04,ebf3_positioning_bellows_end_retainer_set,lunar_candidate_flagged,sensitivity_flag,steel_retainer,machining_basic_v0,keep,lunar_candidate_flagged,sensitivity_flag,ok,ok,"Flagged local sensitivity treatment is appropriate: steel_retainer is lunar-plausible, Ready blank-tag machines support basic fabrication, and the row explicitly carries performance risk for retainer fit; abrasion avoidance; fastener retention.",Keep as sensitivity_flag; do not promote to clean local unless the named performance checks are closed.,not_applicable,audit verdict keep
route_batch_04,ebf3_positioning_feedthrough_insulator_body,defer_import_fallback,import_until_gap_resolved,alumina_ceramic_v0,electrical_feedthrough_vacuum_fabrication_v0,change,route_gap,import_until_gap_resolved,material,unclear_boundary,"A vacuum electrical feedthrough insulator combines ceramic manufacturing, metallized/sealed interfaces, pin alignment, dielectric withstand, and leak-rate qualification; this is a major local route gap.",Reclassify as route_gap with import_until_gap_resolved until qualified feedthrough fabrication and ceramic routes are modeled.,applied,accepted in process_route_review; see updated decision/material/process/flags
route_batch_04,ebf3_positioning_motor_power_conductor_set,defer_import_fallback,import_until_gap_resolved,aluminum_wire_with_vacuum_insulation,metal_wire_drawing_process_v0,change,route_gap,import_until_gap_resolved,material,unclear_boundary,"Vacuum-compatible moving motor cabling is a repeated machine capability gap: wire drawing, cable termination, insulation, flex life, strain relief, and outgassing are not Ready.",Reclassify as route_gap; keep import_until_gap_resolved until local aluminum cable fabrication and vacuum cable qualification exist.,applied,accepted in process_route_review; see updated decision/material/process/flags
route_batch_04,ebf3_power_electronics_cold_plate_port_interface_set,lunar_candidate_flagged,sensitivity_flag,aluminum_cold_plate_port,machining_basic_v0,keep,lunar_candidate_flagged,sensitivity_flag,ok,ok,"Flagged local sensitivity treatment is appropriate: aluminum_cold_plate_port is lunar-plausible, Ready blank-tag machines support basic fabrication, and the row explicitly carries performance risk for thermal contact resistance; leak tight coolant or conduction interface; flatness; vacuum conduction assumption validity.",Keep as sensitivity_flag; do not promote to clean local unless the named performance checks are closed.,not_applicable,audit verdict keep
route_batch_04,ebf3_power_electronics_cooling_plate_set,lunar_candidate_flagged,sensitivity_flag,aluminum_plate,machining_basic_v0,keep,lunar_candidate_flagged,sensitivity_flag,ok,ok,"Flagged local sensitivity treatment is appropriate: aluminum_plate is lunar-plausible, Ready blank-tag machines support basic fabrication, and the row explicitly carries performance risk for thermal spreading resistance; flatness; mounting pattern; electrical isolation if needed.",Keep as sensitivity_flag; do not promote to clean local unless the named performance checks are closed.,not_applicable,audit verdict keep
route_batch_04,ebf3_power_input_gland_seal,earth_import,import_nominal,silicone_rubber,silicone_rubber_vulcanization_v0,keep,earth_import,import_nominal,ok,ok,"Earth import is appropriate: silicone_rubber is scarce, polymer/electronics/precision metrology, refractory, copper, or qualification-heavy, and lunar material availability does not close vacuum leak rate; cable compression sealing; outgassing; thermal cycling.",Keep import_nominal for the first simulation baseline.,not_applicable,audit verdict keep
route_batch_04,ebf3_primary_transformer_insulation_set,earth_import,import_nominal,high_voltage_insulation_material,coil_insulation_production_v0,keep,earth_import,import_nominal,ok,ok,"Earth import is appropriate: high_voltage_insulation_material is scarce, polymer/electronics/precision metrology, refractory, copper, or qualification-heavy, and lunar material availability does not close dielectric strength; thermal class; partial discharge margin; creepage; lifetime under switching stress.",Keep import_nominal for the first simulation baseline.,not_applicable,audit verdict keep
route_batch_04,ebf3_ripple_inductor_insulation_set,earth_import,import_nominal,coil_insulation_material,coil_insulation_production_v0,keep,earth_import,import_nominal,ok,ok,"Earth import is appropriate: coil_insulation_material is scarce, polymer/electronics/precision metrology, refractory, copper, or qualification-heavy, and lunar material availability does not close dielectric class; thermal rise; vibration endurance; outgassing; winding abrasion resistance.",Keep import_nominal for the first simulation baseline.,not_applicable,audit verdict keep
route_batch_04,ebf3_rotary_axis_bearing_outer_ring,defer_import_fallback,import_until_gap_resolved,hardened_bearing_steel,bearing_set_heavy_production_v0,change,route_gap,import_until_gap_resolved,material,unclear_boundary,"Bearing outer rings require bearing-grade hardening, roundness, race finish, runout control, and lubrication compatibility; local steel material is not enough and bearing production machines are non-Ready.","Use route_gap rather than defer_import_fallback; import until bearing ring production, grinding, heat treatment, and QA are closed.",applied,accepted in process_route_review; see updated decision/material/process/flags
route_batch_04,ebf3_rotary_axis_table_mounting_pattern,lunar_candidate_flagged,sensitivity_flag,steel_plate_or_sheet,machining_basic_v0,keep,lunar_candidate_flagged,sensitivity_flag,ok,ok,"Flagged local sensitivity treatment is appropriate: steel_plate_or_sheet is lunar-plausible, Ready blank-tag machines support basic fabrication, and the row explicitly carries performance risk for bolt pattern accuracy; rotary axis concentricity; clamp repeatability; stiffness.",Keep as sensitivity_flag; do not promote to clean local unless the named performance checks are closed.,not_applicable,audit verdict keep
route_batch_04,ebf3_spatter_shield_retainer_set,lunar_candidate,local_nominal,steel_stock,machining_basic_v0,keep,lunar_candidate,local_nominal,ok,ok,"Clean local treatment is semantically acceptable: ebf3_spatter_shield_retainer_set is ordinary low-risk local metal/assembly hardware, uses Ready blank-tag machines, and the listed requirements are within basic machining/assembly tolerance rather than hidden HV, vacuum seal, electronics, magnetic, or precision-bearing closure.",No route decision edit recommended.,not_applicable,audit verdict keep
route_batch_04,ebf3_spool_retaining_ring,lunar_candidate_flagged,sensitivity_flag,steel_retaining_ring,machining_basic_v0,keep,lunar_candidate_flagged,sensitivity_flag,ok,ok,"Flagged local sensitivity treatment is appropriate: steel_retaining_ring is lunar-plausible, Ready blank-tag machines support basic fabrication, and the row explicitly carries performance risk for retention load; spring or snap fit if applicable.",Keep as sensitivity_flag; do not promote to clean local unless the named performance checks are closed.,not_applicable,audit verdict keep
route_batch_04,ebf3_tank_side_bushing_central_conductor,lunar_candidate_flagged,sensitivity_flag,aluminum_conductor,machining_basic_v0,keep,lunar_candidate_flagged,sensitivity_flag,ok,ok,"Flagged local sensitivity treatment is appropriate: aluminum_conductor is lunar-plausible, Ready blank-tag machines support basic fabrication, and the row explicitly carries performance risk for HV field grading radius; contact resistance; bushing seal interface; vacuum or oil cleanliness.",Keep as sensitivity_flag; do not promote to clean local unless the named performance checks are closed.,not_applicable,audit verdict keep
route_batch_04,ebf3_thermal_imager_housing,lunar_candidate_flagged,sensitivity_flag,aluminum_housing,aluminum_housing_machining_v1,keep,lunar_candidate_flagged,sensitivity_flag,ok,ok,"Flagged local sensitivity treatment is appropriate: aluminum_housing is lunar-plausible, Ready blank-tag machines support basic fabrication, and the row explicitly carries performance risk for camera thermal path; vacuum compatibility; optical alignment mounting; electronics shielding.",Keep as sensitivity_flag; do not promote to clean local unless the named performance checks are closed.,not_applicable,audit verdict keep
route_batch_04,ebf3_transformer_insulation_barrier_set,earth_import,import_nominal,high_voltage_insulation_material,coil_insulation_production_v0,keep,earth_import,import_nominal,ok,ok,"Earth import is appropriate: high_voltage_insulation_material is scarce, polymer/electronics/precision metrology, refractory, copper, or qualification-heavy, and lunar material availability does not close dielectric withstand; creepage spacing; thermal class; oil or vacuum compatibility; dimensional stability.",Keep import_nominal for the first simulation baseline.,not_applicable,audit verdict keep
route_batch_04,ebf3_visible_camera_housing,lunar_candidate_flagged,sensitivity_flag,aluminum_housing,aluminum_housing_machining_v1,keep,lunar_candidate_flagged,sensitivity_flag,ok,ok,"Flagged local sensitivity treatment is appropriate: aluminum_housing is lunar-plausible, Ready blank-tag machines support basic fabrication, and the row explicitly carries performance risk for optical axis mounting; thermal stability; vacuum compatibility; electronics shielding.",Keep as sensitivity_flag; do not promote to clean local unless the named performance checks are closed.,not_applicable,audit verdict keep
route_batch_04,ebf3_wire_feed_encoder_target,lunar_candidate_flagged,sensitivity_flag,steel_encoder_target,machining_basic_v0,keep,lunar_candidate_flagged,sensitivity_flag,ok,ok,"Flagged local sensitivity treatment is appropriate: steel_encoder_target is lunar-plausible, Ready blank-tag machines support basic fabrication, and the row explicitly carries performance risk for encoder target runout; index geometry; stable mounting; sensor material compatibility.",Keep as sensitivity_flag; do not promote to clean local unless the named performance checks are closed.,not_applicable,audit verdict keep
route_batch_04,ebf3_wire_feed_motor_mount_clamp_half_set,lunar_candidate_flagged,sensitivity_flag,steel_clamp_halves,machining_basic_v0,keep,lunar_candidate_flagged,sensitivity_flag,ok,ok,"Flagged local sensitivity treatment is appropriate: steel_clamp_halves is lunar-plausible, Ready blank-tag machines support basic fabrication, and the row explicitly carries performance risk for motor alignment; clamp preload; vibration retention; electrical isolation if required.",Keep as sensitivity_flag; do not promote to clean local unless the named performance checks are closed.,not_applicable,audit verdict keep
route_batch_04,ebf3_wire_feeder_base_standoff_set,route_gap,import_until_gap_resolved,alumina_ceramic_v0,ceramic_forming_basic_v0,keep,route_gap,import_until_gap_resolved,ok,ok,"Route gap treatment is appropriate: alumina_ceramic_v0 may be lunar-plausible, but the row identifies missing Ready process/machine support or unresolved performance qualification for compressive strength; dielectric isolation if required; mounting tolerance; thermal stability.",Keep import_until_gap_resolved until the stated process and performance gaps are closed.,not_applicable,audit verdict keep
route_batch_04,ebf3_wire_feeder_feedthrough_shield_termination_interface,lunar_candidate_flagged,sensitivity_flag,aluminum_or_steel_shield,machining_basic_v0,keep,lunar_candidate_flagged,sensitivity_flag,ok,ok,"Flagged local sensitivity treatment is appropriate: aluminum_or_steel_shield is lunar-plausible, Ready blank-tag machines support basic fabrication, and the row explicitly carries performance risk for shield continuity; HV clearance; vacuum leak compatibility; contact resistance.",Keep as sensitivity_flag; do not promote to clean local unless the named performance checks are closed.,not_applicable,audit verdict keep
route_batch_04,ebf3_wire_feeder_gun_bracket_fastener_interface_set,lunar_candidate,local_nominal,steel_fastener_interface,assembly_basic_v0,change,lunar_candidate_flagged,sensitivity_flag,minor,overoptimistic_local,"The part is generic steel hardware, but it is on the wire-feeder-to-gun interface; preload, vibration retention, and alignment near the gun should not be a clean local nominal assumption.",Change to lunar_candidate_flagged with sensitivity_flag; keep Ready assembly/machining but carry the gun-interface alignment risk.,applied,accepted in process_route_review; see updated decision/material/process/flags
route_batch_04,ebf3_wire_inlet_guide,lunar_candidate_flagged,sensitivity_flag,steel_wire_guide,machining_basic_v0,keep,lunar_candidate_flagged,sensitivity_flag,ok,ok,"Flagged local sensitivity treatment is appropriate: steel_wire_guide is lunar-plausible, Ready blank-tag machines support basic fabrication, and the row explicitly carries performance risk for wire path smoothness; wear; burr-free surface; alignment to feed rolls.",Keep as sensitivity_flag; do not promote to clean local unless the named performance checks are closed.,not_applicable,audit verdict keep
route_batch_04,ebf3_x_axis_ball_screw_shaft,defer_import_fallback,import_until_gap_resolved,hardened_steel_bar,steel_shaft_machining_v1,change,route_gap,import_until_gap_resolved,material,unclear_boundary,"A ball-screw shaft is a precision motion element; local steel stock does not close lead accuracy, ground thread/race finish, hardness, straightness, or lubricant interface, and secondary grinding is non-Ready.",Reclassify as route_gap aligned with the other ball-screw shaft rows; import until precision screw grinding and inspection routes exist.,applied,accepted in process_route_review; see updated decision/material/process/flags
route_batch_04,ebf3_z_axis_brake_mount,lunar_candidate_flagged,sensitivity_flag,steel_mount,machining_basic_v0,keep,lunar_candidate_flagged,sensitivity_flag,ok,ok,"Flagged local sensitivity treatment is appropriate: steel_mount is lunar-plausible, Ready blank-tag machines support basic fabrication, and the row explicitly carries performance risk for brake alignment; holding load path; stiffness; vibration retention.",Keep as sensitivity_flag; do not promote to clean local unless the named performance checks are closed.,not_applicable,audit verdict keep
route_batch_04,ebf3_z_axis_counterbalance_preload_adjustment_interface,lunar_candidate_flagged,sensitivity_flag,steel_adjuster_interface,machining_basic_v0,keep,lunar_candidate_flagged,sensitivity_flag,ok,ok,"Flagged local sensitivity treatment is appropriate: steel_adjuster_interface is lunar-plausible, Ready blank-tag machines support basic fabrication, and the row explicitly carries performance risk for preload adjustability; thread locking; fatigue margin; force calibration.",Keep as sensitivity_flag; do not promote to clean local unless the named performance checks are closed.,not_applicable,audit verdict keep
