item_id,item_path,mass_kg,item_material,route_material_basis,route_decision,simulation_import_mass_policy,recipe,is_import,issue_types,severity,name,notes
ebf3_adc_converter_board,kb/items/parts/ebf3_adc_converter_board.yaml,0.4,electronic,electronic,import_as_leaf,import_nominal,,True,item_material_family_only;route_material_basis_family_only,medium,EBF3 adc converter board,Child of ebf3_analog_input_adc_module. Adc converter board for EBF3 analog input and ADC module.
ebf3_adc_module_connector_set,kb/items/parts/ebf3_adc_module_connector_set.yaml,0.1,electronic,electronic,import_as_leaf,import_nominal,,True,item_material_family_only;route_material_basis_family_only,medium,EBF3 adc module connector set,Child of ebf3_analog_input_adc_module. Connector set for EBF3 analog input and ADC module.
ebf3_adc_module_shield,kb/items/parts/ebf3_adc_module_shield.yaml,0.1,steel,steel_plate_or_sheet,lunar_candidate,local_nominal,recipe_ebf3_adc_module_shield,,,,EBF3 adc module shield,Child of ebf3_analog_input_adc_module. Shield for EBF3 analog input and ADC module.
ebf3_analog_input_protection_front_end,kb/items/parts/ebf3_analog_input_protection_front_end.yaml,0.2,electronic,electronic,import_as_leaf,import_nominal,,True,item_material_family_only;route_material_basis_family_only,medium,EBF3 analog input protection front end,Child of ebf3_analog_input_adc_module. Input protection front end for EBF3 analog input and ADC module.
ebf3_anti_wear_guide_holder,kb/items/parts/ebf3_anti_wear_guide_holder.yaml,0.03,steel,steel,lunar_candidate_flagged,sensitivity_flag,recipe_ebf3_anti_wear_guide_holder,,,,EBF3 anti wear guide holder,Child of ebf3_anti_wear_guide. Guide holder for EBF3 anti-wear guide.
ebf3_anti_wear_guide_insert,kb/items/parts/ebf3_anti_wear_guide_insert.yaml,0.07,ceramic,alumina_ceramic_v0,lunar_candidate_flagged,sensitivity_flag,recipe_ebf3_anti_wear_guide_insert,,item_material_family_only,medium,EBF3 anti wear guide insert,Child of ebf3_anti_wear_guide. Anti-wear insert for EBF3 anti-wear guide.
ebf3_aux_dc_converter_module_set,kb/items/parts/ebf3_aux_dc_converter_module_set.yaml,2.0,electronic,electronic,import_as_leaf,import_nominal,,True,item_material_family_only;route_material_basis_family_only,high,EBF3 aux dc converter module set,Child of ebf3_auxiliary_low_voltage_dc_supply. Dc converter module set for EBF3 auxiliary low-voltage DC supply.
ebf3_aux_dc_distribution_terminal_set,kb/items/parts/ebf3_aux_dc_distribution_terminal_set.yaml,0.7,electronic,mixed_electrical_or_polymer_harness,earth_import,import_nominal,,True,item_material_family_only,medium,EBF3 aux dc distribution terminal set,Child of ebf3_auxiliary_low_voltage_dc_supply. Distribution terminal set for EBF3 auxiliary low-voltage DC supply.
ebf3_aux_dc_filter_capacitor_set,kb/items/parts/ebf3_aux_dc_filter_capacitor_set.yaml,0.8,electronic,electronic,import_as_leaf,import_nominal,,True,item_material_family_only;route_material_basis_family_only,medium,EBF3 aux dc filter capacitor set,Child of ebf3_auxiliary_low_voltage_dc_supply. Filter capacitor set for EBF3 auxiliary low-voltage DC supply.
ebf3_axis_home_sensor_body_set,kb/items/parts/ebf3_axis_home_sensor_body_set.yaml,0.14,electronic,electronic,import_as_leaf,import_nominal,,True,item_material_family_only;route_material_basis_family_only,medium,EBF3 axis home sensor body set,Child of ebf3_axis_home_sensors. Home sensor body set for EBF3 axis home sensors.
ebf3_axis_home_sensor_lead_set,kb/items/parts/ebf3_axis_home_sensor_lead_set.yaml,0.08,composite,mixed_electrical_or_polymer_harness,earth_import,import_nominal,,True,item_material_family_only,medium,EBF3 axis home sensor lead set,Child of ebf3_axis_home_sensors. Home sensor lead set for EBF3 axis home sensors.
ebf3_axis_home_sensor_target_set,kb/items/parts/ebf3_axis_home_sensor_target_set.yaml,0.08,steel,steel_plate_or_sheet,lunar_candidate,local_nominal,recipe_ebf3_axis_home_sensor_target_set,,,,EBF3 axis home sensor target set,Child of ebf3_axis_home_sensors. Home sensor target set for EBF3 axis home sensors.
ebf3_axis_limit_switch_actuator_set,kb/items/parts/ebf3_axis_limit_switch_actuator_set.yaml,0.05,steel,steel,lunar_candidate,local_nominal,recipe_ebf3_axis_limit_switch_actuator_set,,,,EBF3 axis limit switch actuator set,Child of ebf3_axis_travel_limit_switches. Limit switch actuator set for EBF3 axis travel limit switches.
ebf3_axis_limit_switch_body_set,kb/items/parts/ebf3_axis_limit_switch_body_set.yaml,0.1,electronic,electronic,import_as_leaf,import_nominal,,True,item_material_family_only;route_material_basis_family_only,medium,EBF3 axis limit switch body set,Child of ebf3_axis_travel_limit_switches. Limit switch body set for EBF3 axis travel limit switches.
ebf3_axis_limit_switch_lead_set,kb/items/parts/ebf3_axis_limit_switch_lead_set.yaml,0.05,composite,mixed_electrical_or_polymer_harness,earth_import,import_nominal,,True,item_material_family_only,medium,EBF3 axis limit switch lead set,Child of ebf3_axis_travel_limit_switches. Limit switch lead set for EBF3 axis travel limit switches.
ebf3_axis_motor_body_set,kb/items/parts/ebf3_axis_motor_body_set.yaml,3.2,electronic,electronic,import_as_leaf,import_nominal,,True,item_material_family_only;route_material_basis_family_only,high,EBF3 axis motor body set,Child of ebf3_axis_motors. Axis motor body set for EBF3 axis motors.
ebf3_axis_motor_housing_set,kb/items/parts/ebf3_axis_motor_housing_set.yaml,1.0,steel,steel_stock,lunar_candidate,local_nominal,recipe_ebf3_axis_motor_housing_set,,,,EBF3 axis motor housing set,Child of ebf3_axis_motors. Motor housing set for EBF3 axis motors.
ebf3_axis_motor_lead_set,kb/items/parts/ebf3_axis_motor_lead_set.yaml,0.8,composite,mixed_electrical_or_polymer_harness,earth_import,import_nominal,,True,item_material_family_only,medium,EBF3 axis motor lead set,Child of ebf3_axis_motors. Motor lead set for EBF3 axis motors.
ebf3_axis_motor_mounting_feature_set,kb/items/parts/ebf3_axis_motor_mounting_feature_set.yaml,1.0,steel,steel,lunar_candidate,local_nominal,recipe_ebf3_axis_motor_mounting_feature_set,,,,EBF3 axis motor mounting feature set,Child of ebf3_axis_motors. Motor mounting feature set for EBF3 axis motors.
ebf3_ball_nut_body_set,kb/items/parts/ebf3_ball_nut_body_set.yaml,1.1,bearing_steel,hardened_bearing_steel,route_gap,import_until_gap_resolved,,True,,,EBF3 ball nut body set,Child of ebf3_ball_nuts. Ball nut body set for EBF3 ball nuts.
ebf3_ball_nut_recirculation_insert_set,kb/items/parts/ebf3_ball_nut_recirculation_insert_set.yaml,0.3,steel,steel_bar_stock,route_gap,import_until_gap_resolved,,True,,,EBF3 ball nut recirculation insert set,Child of ebf3_ball_nuts. Recirculation insert set for EBF3 ball nuts.
ebf3_ball_nut_rolling_ball_set,kb/items/parts/ebf3_ball_nut_rolling_ball_set.yaml,0.45,bearing_steel,bearing_steel,route_gap,import_until_gap_resolved,,True,,,EBF3 ball nut rolling ball set,Child of ebf3_ball_nuts. Rolling ball set for EBF3 ball nuts.
ebf3_ball_nut_wiper_or_seal_set,kb/items/parts/ebf3_ball_nut_wiper_or_seal_set.yaml,0.15,polymer,silicone_rubber_or_vacuum_polymer,earth_import,import_nominal,,True,item_material_family_only,medium,EBF3 ball nut wiper or seal set,Child of ebf3_ball_nuts. Wiper or seal set for EBF3 ball nuts.
ebf3_beam_current_return_fastener_interface_set,kb/items/parts/ebf3_beam_current_return_fastener_interface_set.yaml,0.06,steel,steel_fastener_interface,lunar_candidate_flagged,sensitivity_flag,recipe_ebf3_beam_current_return_fastener_interface_set,,,,EBF3 beam current return fastener interface set,"Child of ebf3_beam_current_return_strap. Local fastener/interface set for attaching the platform/substrate continuity strap. This item is limited to the local platform/substrate continuity interface. Fastener type, isolation washers, contact preparation, and first-pass manufacturing/import route is "
ebf3_beam_current_return_flexible_conductor,kb/items/parts/ebf3_beam_current_return_flexible_conductor.yaml,0.32,aluminum,aluminum_flexible_conductor,route_gap,import_until_gap_resolved,,True,,,EBF3 beam current return flexible conductor,"Child of ebf3_beam_current_return_strap. Flexible conductor for platform/substrate beam-current continuity in the positioning package. This is not the complete system-level HV return conductor. Conductor sizing, material, routing, surface treatment, and first-pass manufacturing/import route is recor"
ebf3_beam_current_return_lug_set,kb/items/parts/ebf3_beam_current_return_lug_set.yaml,0.12,aluminum,aluminum_conductor,lunar_candidate_flagged,sensitivity_flag,recipe_ebf3_beam_current_return_lug_set,,,,EBF3 beam current return lug set,"Child of ebf3_beam_current_return_strap. Lug set for connecting the platform/substrate continuity strap to its local attachment points. This does not define the global HV return bus. Lug geometry, contact surface, fastener pattern, material, and first-pass manufacturing/import route is recorded in t"
ebf3_bias_supply_converter_board,kb/items/parts/ebf3_bias_supply_converter_board.yaml,1.1,electronic,electronic,import_as_leaf,import_nominal,,True,item_material_family_only;route_material_basis_family_only,high,EBF3 bias supply converter board,Child of ebf3_control_electrode_bias_supply. Converter board for EBF3 control electrode bias supply.
ebf3_bias_supply_hv_output_filter,kb/items/parts/ebf3_bias_supply_hv_output_filter.yaml,0.7,electronic,electronic,import_as_leaf,import_nominal,,True,item_material_family_only;route_material_basis_family_only,medium,EBF3 bias supply hv output filter,Child of ebf3_control_electrode_bias_supply. Hv output filter for EBF3 control electrode bias supply.
ebf3_bias_supply_terminal_set,kb/items/parts/ebf3_bias_supply_terminal_set.yaml,0.3,electronic,electronic,import_as_leaf,import_nominal,,True,item_material_family_only;route_material_basis_family_only,medium,EBF3 bias supply terminal set,Child of ebf3_control_electrode_bias_supply. Terminal set for EBF3 control electrode bias supply.
ebf3_cabin_access_door_hinge_bushing_or_bearing_set,kb/items/parts/ebf3_cabin_access_door_hinge_bushing_or_bearing_set.yaml,0.5,bearing_steel,steel_bushing_or_bearing_steel,route_gap,import_until_gap_resolved,,True,,,EBF3 cabin access door hinge bushing or bearing set,Bushing/bearing or sliding-contact hardware for the EBF3 cabin access door hinge set. Child of `ebf3_cabin_access_door_hinge_set` from research/ebf3_bom_sources/organized/split_before_route_leaf_decomposition_plan.md. This is not local-ready and has no manufacturing recipe.
ebf3_cabin_access_door_hinge_fastener_interface_set,kb/items/parts/ebf3_cabin_access_door_hinge_fastener_interface_set.yaml,0.7,steel,steel_stock,lunar_candidate_flagged,sensitivity_flag,recipe_ebf3_cabin_access_door_hinge_fastener_interface_set,,,,EBF3 cabin access door hinge fastener interface set,Fastener/interface hardware for mounting the EBF3 cabin access door hinge set. Child of `ebf3_cabin_access_door_hinge_set` from research/ebf3_bom_sources/organized/split_before_route_leaf_decomposition_plan.md. This is not local-ready and has no manufacturing recipe.
ebf3_cabin_access_door_hinge_leaf_or_bracket_set,kb/items/parts/ebf3_cabin_access_door_hinge_leaf_or_bracket_set.yaml,0.9,steel,steel,lunar_candidate,local_nominal,recipe_ebf3_cabin_access_door_hinge_leaf_or_bracket_set,,,,EBF3 cabin access door hinge leaf or bracket set,Hinge leaf/bracket hardware for the EBF3 cabin access door hinge set. Child of `ebf3_cabin_access_door_hinge_set` from research/ebf3_bom_sources/organized/split_before_route_leaf_decomposition_plan.md.
ebf3_cabin_access_door_hinge_pin_or_shaft_set,kb/items/parts/ebf3_cabin_access_door_hinge_pin_or_shaft_set.yaml,0.4,steel,steel,lunar_candidate,local_nominal,recipe_ebf3_cabin_access_door_hinge_pin_or_shaft_set,,,,EBF3 cabin access door hinge pin or shaft set,Hinge pin/shaft hardware for the EBF3 cabin access door hinge set. Child of `ebf3_cabin_access_door_hinge_set` from research/ebf3_bom_sources/organized/split_before_route_leaf_decomposition_plan.md.
ebf3_cabin_access_door_latch_fastener_interface_set,kb/items/parts/ebf3_cabin_access_door_latch_fastener_interface_set.yaml,0.5,steel,steel_fastener_interface,lunar_candidate,local_nominal,recipe_ebf3_cabin_access_door_latch_fastener_interface_set,,,,EBF3 cabin access door latch fastener interface set,Fastener/interface hardware for mounting the EBF3 cabin access door latch set. Child of `ebf3_cabin_access_door_latch_set` from research/ebf3_bom_sources/organized/split_before_route_leaf_decomposition_plan.md.
ebf3_cabin_access_door_latch_handle_or_cam_set,kb/items/parts/ebf3_cabin_access_door_latch_handle_or_cam_set.yaml,0.6,steel,steel_stock,lunar_candidate,local_nominal,recipe_ebf3_cabin_access_door_latch_handle_or_cam_set,,,,EBF3 cabin access door latch handle or cam set,Handle/cam actuation hardware for the EBF3 cabin access door latch set. Child of `ebf3_cabin_access_door_latch_set` from research/ebf3_bom_sources/organized/split_before_route_leaf_decomposition_plan.md.
ebf3_cabin_access_door_latch_pivot_axle_set,kb/items/parts/ebf3_cabin_access_door_latch_pivot_axle_set.yaml,0.4,steel,steel,lunar_candidate_flagged,sensitivity_flag,recipe_ebf3_cabin_access_door_latch_pivot_axle_set,,,,EBF3 cabin access door latch pivot axle set,Common pivot/axle hardware for the EBF3 cabin access door latch set. Child of `ebf3_cabin_access_door_latch_set` from research/ebf3_bom_sources/organized/split_before_route_leaf_decomposition_plan.md. This is not local-ready and has no manufacturing recipe.
ebf3_cabin_access_door_latch_return_spring_set,kb/items/parts/ebf3_cabin_access_door_latch_return_spring_set.yaml,0.2,spring_steel,spring_steel,route_gap,import_until_gap_resolved,,True,,,EBF3 cabin access door latch return spring set,Return spring hardware for the EBF3 cabin access door latch set. Child of `ebf3_cabin_access_door_latch_set` from research/ebf3_bom_sources/organized/split_before_route_leaf_decomposition_plan.md. This is not local-ready and has no manufacturing recipe.
ebf3_cabin_access_door_latch_strike_or_bar_set,kb/items/parts/ebf3_cabin_access_door_latch_strike_or_bar_set.yaml,0.8,steel,steel_bar_or_strike,lunar_candidate,local_nominal,recipe_ebf3_cabin_access_door_latch_strike_or_bar_set,,,,EBF3 cabin access door latch strike or bar set,Strike/bar or catch hardware for the EBF3 cabin access door latch set. Child of `ebf3_cabin_access_door_latch_set` from research/ebf3_bom_sources/organized/split_before_route_leaf_decomposition_plan.md.
ebf3_cabin_access_door_panel,kb/items/parts/ebf3_cabin_access_door_panel.yaml,13.0,steel,steel_sheet,route_gap,import_until_gap_resolved,,True,,,EBF3 cabin access door panel,Child of MC-3. Main door panel for service access to the manufacture cabin.
ebf3_cabin_access_door_vacuum_seal,kb/items/parts/ebf3_cabin_access_door_vacuum_seal.yaml,2.0,polymer,metal_gasket_or_imported_vacuum_elastomer,route_gap,import_until_gap_resolved,,True,item_material_family_only,high,EBF3 cabin access door vacuum seal,Child of MC-3. Vacuum seal for the access door.
ebf3_cabin_frame_corner_gusset_set,kb/items/parts/ebf3_cabin_frame_corner_gusset_set.yaml,7.0,steel,steel_plate_or_sheet,lunar_candidate_flagged,sensitivity_flag,recipe_ebf3_cabin_frame_corner_gusset_set,,,,EBF3 cabin frame corner gusset set,Child of MC-1. Corner gussets or local reinforcement pieces for the cabin frame.
ebf3_cabin_frame_member_set,kb/items/parts/ebf3_cabin_frame_member_set.yaml,24.0,steel,steel_structural_stock,lunar_candidate_flagged,sensitivity_flag,recipe_ebf3_cabin_frame_member_set,,,,EBF3 cabin frame member set,Child of MC-1. Structural rail/member set for the manufacture cabin frame.
ebf3_cabin_frame_mounting_foot_set,kb/items/parts/ebf3_cabin_frame_mounting_foot_set.yaml,4.0,steel,steel_structural_stock,lunar_candidate,local_nominal,recipe_ebf3_cabin_frame_mounting_foot_set,,,,EBF3 cabin frame mounting foot set,Child of MC-1. Frame mounting feet or pads for locating the cabin structure.
ebf3_cabin_gun_port_flange_ring,kb/items/parts/ebf3_cabin_gun_port_flange_ring.yaml,5.0,steel,steel_plate_or_ring,lunar_candidate_flagged,sensitivity_flag,recipe_ebf3_cabin_gun_port_flange_ring,,,,EBF3 cabin gun port flange ring,Child of MC-5. Chamber-side flange ring around the fixed-gun insertion port.
ebf3_cabin_gun_port_reinforcement_ring,kb/items/parts/ebf3_cabin_gun_port_reinforcement_ring.yaml,3.0,steel,steel_plate_or_sheet,lunar_candidate,local_nominal,recipe_ebf3_cabin_gun_port_reinforcement_ring,,,,EBF3 cabin gun port reinforcement ring,Child of MC-5. Local reinforcement for the gun mounting opening in the cabin shell.
ebf3_cabin_lighting_port_frame,kb/items/parts/ebf3_cabin_lighting_port_frame.yaml,30.0,steel,steel_structural_stock,route_gap,import_until_gap_resolved,,True,,,EBF3 cabin lighting port frame,Child of MC-9. Passive chamber-side frame or port for process lighting access.
ebf3_cabin_lighting_shield_mount,kb/items/parts/ebf3_cabin_lighting_shield_mount.yaml,12.08,steel,steel,lunar_candidate,local_nominal,recipe_ebf3_cabin_lighting_shield_mount,,,,EBF3 cabin lighting shield mount,Child of MC-9. Passive mount or shield support associated with cabin lighting.
ebf3_cabin_positioning_floor_mount_plate,kb/items/parts/ebf3_cabin_positioning_floor_mount_plate.yaml,12.0,steel,steel_plate_or_sheet,lunar_candidate,local_nominal,recipe_ebf3_cabin_positioning_floor_mount_plate,,,,EBF3 cabin positioning floor mount plate,Child of MC-8. Chamber-floor plate or reinforced interface for the four-axis positioning system. Positioning hardware and build-platform tooling remain in the positioning subsystem.
ebf3_cabin_positioning_leveling_pad_set,kb/items/parts/ebf3_cabin_positioning_leveling_pad_set.yaml,3.0,steel,steel_stock,lunar_candidate,local_nominal,recipe_ebf3_cabin_positioning_leveling_pad_set,,,,EBF3 cabin positioning leveling pad set,Child of MC-8. Leveling or support pad set at the cabin-side positioning interface.
ebf3_cabin_sacrificial_liner_panel_set,kb/items/parts/ebf3_cabin_sacrificial_liner_panel_set.yaml,10.0,steel,steel_plate_or_sheet,lunar_candidate_flagged,sensitivity_flag,recipe_ebf3_cabin_sacrificial_liner_panel_set,,,,EBF3 cabin sacrificial liner panel set,"Child of MC-7. Replaceable liner panel set protecting chamber walls from deposition, spatter, and process debris."
ebf3_cabin_sacrificial_liner_retainer_set,kb/items/parts/ebf3_cabin_sacrificial_liner_retainer_set.yaml,2.0,steel,steel,lunar_candidate,local_nominal,recipe_ebf3_cabin_sacrificial_liner_retainer_set,,,,EBF3 cabin sacrificial liner retainer set,Child of MC-7. Retainers or clips for replaceable liner panels.
ebf3_cabin_wall_panel_seam_set,kb/items/parts/ebf3_cabin_wall_panel_seam_set.yaml,3.0,composite,composite,defer_split_import_fallback,import_until_gap_resolved,,True,item_material_family_only;route_material_basis_family_only,high,EBF3 cabin wall panel seam set,"Child of MC-2. Seams, weld lands, or seal interfaces between chamber wall panels."
ebf3_cabin_wall_panel_set,kb/items/parts/ebf3_cabin_wall_panel_set.yaml,34.0,steel,steel_sheet,route_gap,import_until_gap_resolved,,True,,,EBF3 cabin wall panel set,Child of MC-2. Vacuum-boundary chamber wall panel set.
ebf3_cabin_wall_stiffener_set,kb/items/parts/ebf3_cabin_wall_stiffener_set.yaml,8.0,steel,steel,lunar_candidate_flagged,sensitivity_flag,recipe_ebf3_cabin_wall_stiffener_set,,,,EBF3 cabin wall stiffener set,Child of MC-2. Stiffeners for cabin wall panels.
ebf3_cabin_wire_feeder_port_flange_ring,kb/items/parts/ebf3_cabin_wire_feeder_port_flange_ring.yaml,6.0,steel,steel_plate_or_ring,lunar_candidate_flagged,sensitivity_flag,recipe_ebf3_cabin_wire_feeder_port_flange_ring,,,,EBF3 cabin wire-feeder port flange ring,Child of MC-6. Chamber-side flange ring for the wire-feeder mounting port.
ebf3_cabin_wire_feeder_port_reinforcement_ring,kb/items/parts/ebf3_cabin_wire_feeder_port_reinforcement_ring.yaml,4.0,steel,steel_plate_or_sheet,lunar_candidate,local_nominal,recipe_ebf3_cabin_wire_feeder_port_reinforcement_ring,,,,EBF3 cabin wire-feeder port reinforcement ring,Child of MC-6. Local reinforcement for the wire-feeder opening in the cabin wall.
ebf3_can_bus_connector_set,kb/items/parts/ebf3_can_bus_connector_set.yaml,0.15,electronic,electronic,import_as_leaf,import_nominal,,True,item_material_family_only;route_material_basis_family_only,medium,EBF3 can bus connector set,Child of ebf3_can_bus_interface. Connector set for EBF3 CAN-bus communication interface.
ebf3_can_bus_interface_shield,kb/items/parts/ebf3_can_bus_interface_shield.yaml,0.1,aluminum,aluminum_sheet,lunar_candidate,local_nominal,recipe_ebf3_can_bus_interface_shield,,,,EBF3 can bus interface shield,Child of ebf3_can_bus_interface. Shield for EBF3 CAN-bus communication interface.
ebf3_can_transceiver_board,kb/items/parts/ebf3_can_transceiver_board.yaml,0.25,electronic,electronic,import_as_leaf,import_nominal,,True,item_material_family_only;route_material_basis_family_only,medium,EBF3 can transceiver board,Child of ebf3_can_bus_interface. Can transceiver board for EBF3 CAN-bus communication interface.
ebf3_control_computer_io_connector_set,kb/items/parts/ebf3_control_computer_io_connector_set.yaml,0.5,electronic,electronic,import_as_leaf,import_nominal,,True,item_material_family_only;route_material_basis_family_only,medium,EBF3 control computer io connector set,Child of ebf3_control_computer. I/o connector set for EBF3 control computer.
ebf3_control_computer_processor_board,kb/items/parts/ebf3_control_computer_processor_board.yaml,1.2,electronic,electronic,import_as_leaf,import_nominal,,True,item_material_family_only;route_material_basis_family_only,high,EBF3 control computer processor board,Child of ebf3_control_computer. Processor board for EBF3 control computer.
ebf3_control_computer_storage_module,kb/items/parts/ebf3_control_computer_storage_module.yaml,0.3,electronic,electronic,import_as_leaf,import_nominal,,True,item_material_family_only;route_material_basis_family_only,medium,EBF3 control computer storage module,Child of ebf3_control_computer. Storage module for EBF3 control computer.
ebf3_control_software,kb/items/parts/ebf3_control_software.yaml,0.01,software,software,import_as_leaf,import_nominal,,True,,,EBF3 control software,"CTL-3. Control software stored on controller media; command sequencing, interlocks, data logging, and process control logic. Intentional Level-2 leaf: this is a software artifact. Do not split into modules unless software-function modeling becomes a project goal. See research/ebf3_bom_sources/organi"
ebf3_controls_cabinet_cable_duct_set,kb/items/parts/ebf3_controls_cabinet_cable_duct_set.yaml,0.7,polymer,mixed_electrical_or_polymer_harness,earth_import,import_nominal,,True,item_material_family_only,medium,EBF3 controls cabinet cable duct set,Child of ebf3_controls_cabinet. Cable duct set for EBF3 controls cabinet.
ebf3_controls_cabinet_door_and_latch,kb/items/parts/ebf3_controls_cabinet_door_and_latch.yaml,0.69,steel,steel_plate_or_sheet,lunar_candidate_flagged,sensitivity_flag,recipe_ebf3_controls_cabinet_door_and_latch,,,,EBF3 controls cabinet door and latch,Child of ebf3_controls_cabinet. Door and latch for EBF3 controls cabinet.
ebf3_controls_cabinet_mounting_rail_set,kb/items/parts/ebf3_controls_cabinet_mounting_rail_set.yaml,0.9,steel,steel_plate_or_sheet,lunar_candidate,local_nominal,recipe_ebf3_controls_cabinet_mounting_rail_set,,,,EBF3 controls cabinet mounting rail set,Child of ebf3_controls_cabinet. Mounting rail set for EBF3 controls cabinet.
ebf3_controls_cabinet_panel_terminal_set,kb/items/parts/ebf3_controls_cabinet_panel_terminal_set.yaml,1.0,electronic,mixed_electrical_or_polymer_harness,earth_import,import_nominal,,True,item_material_family_only,high,EBF3 controls cabinet panel terminal set,Child of ebf3_controls_cabinet. Panel terminal set for EBF3 controls cabinet.
ebf3_data_logger_board,kb/items/parts/ebf3_data_logger_board.yaml,0.25,electronic,electronic,import_as_leaf,import_nominal,,True,item_material_family_only;route_material_basis_family_only,medium,EBF3 data logger board,Child of ebf3_data_logger_timebase. Data logger board for EBF3 data logger and timebase.
ebf3_data_logger_connector_set,kb/items/parts/ebf3_data_logger_connector_set.yaml,0.05,electronic,electronic,import_as_leaf,import_nominal,,True,item_material_family_only;route_material_basis_family_only,medium,EBF3 data logger connector set,Child of ebf3_data_logger_timebase. Connector set for EBF3 data logger and timebase.
ebf3_data_logger_storage_module,kb/items/parts/ebf3_data_logger_storage_module.yaml,0.1,electronic,electronic,import_as_leaf,import_nominal,,True,item_material_family_only;route_material_basis_family_only,medium,EBF3 data logger storage module,Child of ebf3_data_logger_timebase. Storage module for EBF3 data logger and timebase.
ebf3_dc_link_busbar_set,kb/items/parts/ebf3_dc_link_busbar_set.yaml,0.9,aluminum,aluminum_conductor,lunar_candidate_flagged,sensitivity_flag,recipe_ebf3_dc_link_busbar_set,,,,EBF3 dc link busbar set,Child of ebf3_dc_link_capacitor_bank. Busbar set for EBF3 DC-link capacitor bank.
ebf3_dc_link_capacitor_module_set,kb/items/parts/ebf3_dc_link_capacitor_module_set.yaml,3.0,electronic,electronic,import_as_leaf,import_nominal,,True,item_material_family_only;route_material_basis_family_only,high,EBF3 dc link capacitor module set,Child of ebf3_dc_link_capacitor_bank. Capacitor module set for EBF3 DC-link capacitor bank.
ebf3_dc_link_discharge_resistor_set,kb/items/parts/ebf3_dc_link_discharge_resistor_set.yaml,0.4,electronic,electronic,import_as_leaf,import_nominal,,True,item_material_family_only;route_material_basis_family_only,medium,EBF3 dc link discharge resistor set,Child of ebf3_dc_link_capacitor_bank. Discharge resistor set for EBF3 DC-link capacitor bank.
ebf3_dc_link_mounting_frame,kb/items/parts/ebf3_dc_link_mounting_frame.yaml,0.7,steel,steel_structural_stock,lunar_candidate,local_nominal,recipe_ebf3_dc_link_mounting_frame,,,,EBF3 dc link mounting frame,Child of ebf3_dc_link_capacitor_bank. Mounting frame for EBF3 DC-link capacitor bank.
ebf3_disconnect_switch_actuator,kb/items/parts/ebf3_disconnect_switch_actuator.yaml,0.4,polymer,silicone_rubber_or_engineering_polymer,earth_import,import_nominal,,True,item_material_family_only,medium,EBF3 disconnect switch actuator,Child of ebf3_main_disconnect_switch. Switch actuator for EBF3 main disconnect switch.
ebf3_disconnect_switch_contact_set,kb/items/parts/ebf3_disconnect_switch_contact_set.yaml,0.7,electronic,electronic,import_as_leaf,import_nominal,,True,item_material_family_only;route_material_basis_family_only,medium,EBF3 disconnect switch contact set,Child of ebf3_main_disconnect_switch. Switch contact set for EBF3 main disconnect switch.
ebf3_disconnect_switch_housing,kb/items/parts/ebf3_disconnect_switch_housing.yaml,0.6,steel_or_aluminum,steel_or_aluminum_housing,lunar_candidate,local_nominal,recipe_ebf3_disconnect_switch_housing,,,,EBF3 disconnect switch housing,Child of ebf3_main_disconnect_switch. Switch housing for EBF3 main disconnect switch.
ebf3_disconnect_switch_terminal_set,kb/items/parts/ebf3_disconnect_switch_terminal_set.yaml,0.3,electronic,mixed_electrical_or_polymer_harness,earth_import,import_nominal,,True,item_material_family_only,medium,EBF3 disconnect switch terminal set,Child of ebf3_main_disconnect_switch. Terminal set for EBF3 main disconnect switch.
ebf3_drive_roll_carrier_body,kb/items/parts/ebf3_drive_roll_carrier_body.yaml,0.11,steel,steel_stock,lunar_candidate,local_nominal,recipe_ebf3_drive_roll_carrier_body,,,,EBF3 drive roll carrier body,Level-3 child of WF-10. Carrier body holding the drive-roll bearing set and keeping the drive roll aligned with the wire path.
ebf3_drive_roll_carrier_spacer,kb/items/parts/ebf3_drive_roll_carrier_spacer.yaml,0.1,steel,steel_spacer,lunar_candidate,local_nominal,recipe_ebf3_drive_roll_carrier_spacer,,,,EBF3 drive roll carrier spacer,WF-11. Spacer maintaining drive-roll carrier spacing and alignment. Intentional Level-2 single-part spacer leaf; thickness tolerance and material choice remain material/process details. See research/ebf3_bom_sources/organized/wire_feeder_level_2_audit.md. First-pass manufacturing/import route is rec
ebf3_drive_roll_cover_fastener_tab_set,kb/items/parts/ebf3_drive_roll_cover_fastener_tab_set.yaml,0.12,steel,steel_plate_or_sheet,lunar_candidate,local_nominal,recipe_ebf3_drive_roll_cover_fastener_tab_set,,,,EBF3 drive roll cover fastener tab set,Child of ebf3_drive_roll_cover. Fastener tab set for EBF3 drive-roll cover.
ebf3_drive_roll_cover_shell,kb/items/parts/ebf3_drive_roll_cover_shell.yaml,0.48,steel,steel_sheet_1mm,lunar_candidate_flagged,sensitivity_flag,recipe_ebf3_drive_roll_cover_shell,,,,EBF3 drive roll cover shell,Child of ebf3_drive_roll_cover. Cover shell for EBF3 drive-roll cover.
ebf3_ebf_wire_guide_tip_body,kb/items/parts/ebf3_ebf_wire_guide_tip_body.yaml,0.12,hardened_steel,hardened_steel,route_gap,import_until_gap_resolved,,True,,,EBF3 ebf wire guide tip body,Child of ebf3_ebf_wire_guide_tip. Guide tip body for EBF3 EBF wire guide tip.
ebf3_ebf_wire_guide_tip_mounting_feature,kb/items/parts/ebf3_ebf_wire_guide_tip_mounting_feature.yaml,0.03,steel,steel,lunar_candidate,local_nominal,recipe_ebf3_ebf_wire_guide_tip_mounting_feature,,,,EBF3 ebf wire guide tip mounting feature,Child of ebf3_ebf_wire_guide_tip. Mounting feature for EBF3 EBF wire guide tip.
ebf3_ebf_wire_guide_tip_wear_orifice,kb/items/parts/ebf3_ebf_wire_guide_tip_wear_orifice.yaml,0.05,ceramic,alumina_ceramic_v0,route_gap,import_until_gap_resolved,,True,item_material_family_only,medium,EBF3 ebf wire guide tip wear orifice,Child of ebf3_ebf_wire_guide_tip. Wear orifice for EBF3 EBF wire guide tip.
ebf3_emi_filter_capacitor_set,kb/items/parts/ebf3_emi_filter_capacitor_set.yaml,0.7,electronic,electronic,import_as_leaf,import_nominal,,True,item_material_family_only;route_material_basis_family_only,medium,EBF3 emi filter capacitor set,Child of ebf3_emi_filter. Filter capacitor set for EBF3 EMI filter.
ebf3_emi_filter_choke_bobbin_or_insulation_set,kb/items/parts/ebf3_emi_filter_choke_bobbin_or_insulation_set.yaml,0.12,insulator,alumina_ceramic,lunar_candidate_flagged,sensitivity_flag,recipe_ebf3_emi_filter_choke_bobbin_or_insulation_set,,item_material_family_only,medium,EBF3 EMI filter choke bobbin or insulation set,Bobbin/insulation support for the EBF3 EMI filter choke set. Child of `ebf3_emi_filter_choke_set` from research/ebf3_bom_sources/organized/split_before_route_leaf_decomposition_plan.md. This is not local-ready and has no manufacturing recipe.
ebf3_emi_filter_choke_core_set,kb/items/parts/ebf3_emi_filter_choke_core_set.yaml,0.25,magnetic_material,iron_oxide_ferrite_or_electrical_steel_proxy,route_gap,import_until_gap_resolved,,True,item_material_family_only,medium,EBF3 EMI filter choke core set,Magnetic/ferrite core set for the EBF3 EMI filter choke set. Child of `ebf3_emi_filter_choke_set` from research/ebf3_bom_sources/organized/split_before_route_leaf_decomposition_plan.md. This is not local-ready and has no manufacturing recipe.
ebf3_emi_filter_choke_mounting_base_set,kb/items/parts/ebf3_emi_filter_choke_mounting_base_set.yaml,0.07,steel_or_aluminum,aluminum_or_steel_mount,lunar_candidate,local_nominal,recipe_ebf3_emi_filter_choke_mounting_base_set,,,,EBF3 EMI filter choke mounting base set,Mounting/base hardware for the EBF3 EMI filter choke set. Child of `ebf3_emi_filter_choke_set` from research/ebf3_bom_sources/organized/split_before_route_leaf_decomposition_plan.md.
ebf3_emi_filter_choke_terminal_set,kb/items/parts/ebf3_emi_filter_choke_terminal_set.yaml,0.06,conductive_metal,aluminum_terminal,lunar_candidate_flagged,sensitivity_flag,recipe_ebf3_emi_filter_choke_terminal_set,,item_material_family_only,medium,EBF3 EMI filter choke terminal set,Terminal lead set for the EBF3 EMI filter choke set. Child of `ebf3_emi_filter_choke_set` from research/ebf3_bom_sources/organized/split_before_route_leaf_decomposition_plan.md.
ebf3_emi_filter_choke_winding_set,kb/items/parts/ebf3_emi_filter_choke_winding_set.yaml,0.3,copper,copper_magnet_wire,earth_import,import_nominal,,True,,,EBF3 EMI filter choke winding set,Conductor winding set for the EBF3 EMI filter choke set. Child of `ebf3_emi_filter_choke_set` from research/ebf3_bom_sources/organized/split_before_route_leaf_decomposition_plan.md. This is not local-ready and has no manufacturing recipe.
ebf3_emi_filter_enclosure,kb/items/parts/ebf3_emi_filter_enclosure.yaml,0.3,steel,steel_plate_or_sheet,lunar_candidate,local_nominal,recipe_ebf3_emi_filter_enclosure,,,,EBF3 emi filter enclosure,Child of ebf3_emi_filter. Enclosure for EBF3 EMI filter.
ebf3_emi_filter_terminal_set,kb/items/parts/ebf3_emi_filter_terminal_set.yaml,0.2,electronic,mixed_electrical_or_polymer_harness,earth_import,import_nominal,,True,item_material_family_only,medium,EBF3 emi filter terminal set,Child of ebf3_emi_filter. Terminal set for EBF3 EMI filter.
ebf3_feed_liner_end_ferrule_set,kb/items/parts/ebf3_feed_liner_end_ferrule_set.yaml,0.08,steel,steel,lunar_candidate,local_nominal,recipe_ebf3_feed_liner_end_ferrule_set,,,,EBF3 feed liner end ferrule set,Level-3 child of WF-20. End ferrules or retention collars for seating the feed liner in the downstream wire path.
ebf3_feed_liner_tube,kb/items/parts/ebf3_feed_liner_tube.yaml,0.28,composite,steel_tube_stock,lunar_candidate_flagged,sensitivity_flag,,True,item_material_family_only,medium,EBF3 feed liner tube,Level-3 child of WF-20. Replaceable tube or liner body guiding wire through the downstream feed path after the drive rolls.
ebf3_fixed_side_screw_angular_contact_bearing_set,kb/items/parts/ebf3_fixed_side_screw_angular_contact_bearing_set.yaml,0.35,precision_metal,precision_metal,defer_split_import_fallback,import_until_gap_resolved,,True,item_material_family_only;route_material_basis_family_only,medium,EBF3 fixed-side screw angular-contact bearing set,Level-3 child of FS-7. Angular-contact or thrust-capable bearing set for the fixed side of the ball screw.
ebf3_fixed_side_screw_bearing_block_body_set,kb/items/parts/ebf3_fixed_side_screw_bearing_block_body_set.yaml,0.5,precision_metal,steel_stock,lunar_candidate,local_nominal,recipe_ebf3_fixed_side_screw_bearing_block_body_set,,item_material_family_only,medium,EBF3 fixed-side screw bearing block body set,Level-3 child of FS-7. Fixed-side bearing block bodies for ball-screw support.
ebf3_fixed_side_screw_bearing_retainer_set,kb/items/parts/ebf3_fixed_side_screw_bearing_retainer_set.yaml,0.15,steel,steel,lunar_candidate_flagged,sensitivity_flag,recipe_ebf3_fixed_side_screw_bearing_retainer_set,,,,EBF3 fixed-side screw bearing retainer set,"Level-3 child of FS-7. Retainers, caps, or lock hardware for the fixed-side screw bearing block."
ebf3_floating_side_screw_bearing_block_body_set,kb/items/parts/ebf3_floating_side_screw_bearing_block_body_set.yaml,0.55,precision_metal,steel,lunar_candidate,local_nominal,recipe_ebf3_floating_side_screw_bearing_block_body_set,,item_material_family_only,medium,EBF3 floating-side screw bearing block body set,Level-3 child of FS-8. Floating-side bearing block bodies for ball-screw support.
ebf3_floating_side_screw_bearing_retainer_set,kb/items/parts/ebf3_floating_side_screw_bearing_retainer_set.yaml,0.15,steel,steel_retainer,lunar_candidate,local_nominal,recipe_ebf3_floating_side_screw_bearing_retainer_set,,,,EBF3 floating-side screw bearing retainer set,Level-3 child of FS-8. Retainers or caps for floating-side screw bearing blocks.
ebf3_floating_side_screw_radial_bearing_set,kb/items/parts/ebf3_floating_side_screw_radial_bearing_set.yaml,0.3,precision_metal,precision_metal,defer_split_import_fallback,import_until_gap_resolved,,True,item_material_family_only;route_material_basis_family_only,medium,EBF3 floating-side screw radial bearing set,Level-3 child of FS-8. Radial bearing set for floating-side ball-screw support.
ebf3_full_bridge_dc_busbar_set,kb/items/parts/ebf3_full_bridge_dc_busbar_set.yaml,0.9,aluminum,aluminum_conductor,lunar_candidate_flagged,sensitivity_flag,recipe_ebf3_full_bridge_dc_busbar_set,,,,EBF3 full bridge dc busbar set,Child of ebf3_full_bridge_inverter. Dc busbar set for EBF3 full-bridge inverter.
ebf3_full_bridge_gate_driver_board_set,kb/items/parts/ebf3_full_bridge_gate_driver_board_set.yaml,0.8,electronic,electronic,import_as_leaf,import_nominal,,True,item_material_family_only;route_material_basis_family_only,medium,EBF3 full bridge gate driver board set,Child of ebf3_full_bridge_inverter. Gate driver board set for EBF3 full-bridge inverter.
ebf3_full_bridge_heat_sink,kb/items/parts/ebf3_full_bridge_heat_sink.yaml,1.5,aluminum,aluminum,lunar_candidate_flagged,sensitivity_flag,recipe_ebf3_full_bridge_heat_sink,,,,EBF3 full bridge heat sink,Child of ebf3_full_bridge_inverter. Heat sink for EBF3 full-bridge inverter.
ebf3_full_bridge_power_semiconductor_module_set,kb/items/parts/ebf3_full_bridge_power_semiconductor_module_set.yaml,2.2,electronic,electronic,import_as_leaf,import_nominal,,True,item_material_family_only;route_material_basis_family_only,high,EBF3 full bridge power semiconductor module set,Child of ebf3_full_bridge_inverter. Power semiconductor module set for EBF3 full-bridge inverter.
ebf3_full_bridge_snubber_component_set,kb/items/parts/ebf3_full_bridge_snubber_component_set.yaml,0.6,electronic,electronic,import_as_leaf,import_nominal,,True,item_material_family_only;route_material_basis_family_only,medium,EBF3 full bridge snubber component set,Child of ebf3_full_bridge_inverter. Snubber component set for EBF3 full-bridge inverter.
ebf3_gun_anode,kb/items/parts/ebf3_gun_anode.yaml,0.25,refractory_metal,molybdenum_metal,earth_import,import_nominal,,True,,,EBF3 gun anode,FG-2. Precision accelerating electrode with beam aperture for the EBF3 fixed electron beam gun. Intentional Level-2 leaf: current evidence supports the anode as a precision electrode. See research/ebf3_bom_sources/organized/electrode_family_decomposition_plan.md.
ebf3_gun_beam_boundary_collector_electrode,kb/items/parts/ebf3_gun_beam_boundary_collector_electrode.yaml,0.12,conductive_metal,molybdenum_or_tungsten,earth_import,import_nominal,,True,item_material_family_only,medium,EBF3 gun beam-boundary collector electrode,Level-3 child of FG-9. Beam-boundary pickup collector or intercept electrode for detecting beam deviation beyond the allowed envelope. Adopted as the minimal physical sensing element named by the beam-boundary pickup function.
ebf3_gun_beam_boundary_pickup_insulator,kb/items/parts/ebf3_gun_beam_boundary_pickup_insulator.yaml,0.06,ceramic,alumina_ceramic_v0,route_gap,import_until_gap_resolved,,True,item_material_family_only,medium,EBF3 gun beam-boundary pickup insulator,Level-3 child of FG-9. Local electrical isolation for the beam-boundary collector electrode. Adopted because charged-particle pickup sources require the collector signal to be isolated from grounded structure.
ebf3_gun_cathode,kb/items/parts/ebf3_gun_cathode.yaml,0.02,scarce_trace_refractory_metal,scarce_trace_refractory_metal,import_as_leaf,import_nominal,,True,,,EBF3 gun cathode,"FG-1. Thermionic electron emitter for the EBF3 fixed electron beam gun. Active package direction is a direct-heated tungsten hairpin/filament for lunar closure. Intentional Level-2 leaf: in this package direction, the emitter and heater are the same hot tungsten conductor, while base, contacts, lead"
ebf3_gun_cathode_cartridge_base,kb/items/parts/ebf3_gun_cathode_cartridge_base.yaml,0.18,composite,composite,defer_split_import_fallback,import_until_gap_resolved,,True,item_material_family_only;route_material_basis_family_only,medium,EBF3 gun cathode cartridge base,Level-3 child of FG-15. Replaceable base/holder body for locating the selected direct-heated tungsten hairpin/filament cathode package. Adopted as a physical child because BINP supports a preliminary adjusted cartridge and electron-gun package sources support mounted cathode assemblies. Exact materi
ebf3_gun_cathode_ceramic_standoff_set,kb/items/parts/ebf3_gun_cathode_ceramic_standoff_set.yaml,0.05,ceramic,alumina_ceramic,route_gap,import_until_gap_resolved,,True,item_material_family_only,medium,EBF3 gun cathode ceramic standoff set,Level-3 child of FG-15. Ceramic standoff/support set for electrically isolating and mechanically supporting the cartridge hot-contact region. Adopted from electron-gun package sources that support ceramic standoffs and high-vacuum support constraints.
ebf3_gun_cathode_current_lead_pair,kb/items/parts/ebf3_gun_cathode_current_lead_pair.yaml,0.1,scarce_trace_refractory_metal,scarce_trace_refractory_metal,import_as_leaf,import_nominal,,True,,,EBF3 gun cathode current lead pair,Level-3 child of FG-14. Pair of high-temperature current leads feeding the directly heated tungsten hairpin/filament cathode through the cartridge contact interface.
ebf3_gun_cathode_hot_contact_pair,kb/items/parts/ebf3_gun_cathode_hot_contact_pair.yaml,0.03,scarce_trace_refractory_metal,scarce_trace_refractory_metal,import_as_leaf,import_nominal,,True,,,EBF3 gun cathode hot contact pair,"Level-3 child of FG-15. Hot-side electrical contact pair between the cartridge and the directly heated tungsten hairpin/filament cathode. Adopted because the selected package requires two current contacts, but contact material, weld or clamp method, and serviceability are still unresolved."
ebf3_gun_cathode_lead_termination_set,kb/items/parts/ebf3_gun_cathode_lead_termination_set.yaml,0.05,composite,composite,import_as_leaf,import_nominal,,True,item_material_family_only;route_material_basis_family_only,medium,EBF3 gun cathode lead termination set,"Level-3 child of FG-14. Termination hardware between the cathode current leads and the cartridge hot contacts or upstream heater supply interface. Adopted as a boundary item so later work can assign welds, clamps, or feedthrough-side terminals without merging them into the filament emitter."
ebf3_gun_cathode_locating_clamp,kb/items/parts/ebf3_gun_cathode_locating_clamp.yaml,0.04,refractory_metal,tungsten_or_tantalum_refractory_part,earth_import,import_nominal,,True,,,EBF3 gun cathode locating clamp,Level-3 child of FG-15. Clamp or locating-retention hardware for holding the replaceable cathode cartridge package against its alignment datum.
ebf3_gun_cathode_radiation_shield_clip_set,kb/items/parts/ebf3_gun_cathode_radiation_shield_clip_set.yaml,0.01,refractory_metal,steel_or_refractory_foil,route_gap,import_until_gap_resolved,,True,,,EBF3 gun cathode radiation shield clip set,Child of ebf3_gun_cathode_radiation_shield. Shield clip set for EBF3 gun cathode radiation shield.
ebf3_gun_cathode_radiation_shield_foil_stack,kb/items/parts/ebf3_gun_cathode_radiation_shield_foil_stack.yaml,0.07,refractory_metal,molybdenum_metal,earth_import,import_nominal,,True,,,EBF3 gun cathode radiation shield foil stack,Child of ebf3_gun_cathode_radiation_shield. Refractory foil shield stack for EBF3 gun cathode radiation shield.
ebf3_gun_cathode_radiation_shield_spacer_set,kb/items/parts/ebf3_gun_cathode_radiation_shield_spacer_set.yaml,0.02,refractory_metal,molybdenum_or_tungsten,earth_import,import_nominal,,True,,,EBF3 gun cathode radiation shield spacer set,Child of ebf3_gun_cathode_radiation_shield. Shield spacer set for EBF3 gun cathode radiation shield.
ebf3_gun_column_body_shell,kb/items/parts/ebf3_gun_column_body_shell.yaml,2.2,vacuum_structural_metal,steel,lunar_candidate_flagged,sensitivity_flag,recipe_ebf3_gun_column_body_shell,,,,EBF3 gun column body shell,"Level-3 child of FG-17. Gun-side structural body/column shell for the fixed electron beam gun package. Adopted because primary EBF3 sources describe a gun package inserted through the chamber boundary. Exact alloy, wall geometry, weldments, and first-pass manufacturing/import route is recorded in th"
ebf3_gun_column_gun_side_mating_flange,kb/items/parts/ebf3_gun_column_gun_side_mating_flange.yaml,0.55,vacuum_structural_metal,steel_vacuum_flange,lunar_candidate_flagged,sensitivity_flag,recipe_ebf3_gun_column_gun_side_mating_flange,,,,EBF3 gun column gun-side mating flange,Level-3 child of FG-17. Gun-side flange or mating datum for the fixed gun package at the chamber boundary. The chamber-side port/flange remains ebf3_cabin_gun_mounting_port.
ebf3_gun_column_internal_support_frame,kb/items/parts/ebf3_gun_column_internal_support_frame.yaml,0.75,vacuum_structural_metal,steel_stock,lunar_candidate_flagged,sensitivity_flag,recipe_ebf3_gun_column_internal_support_frame,,,,EBF3 gun column internal support frame,"Level-3 child of FG-17. Internal support frame or bracket set for locating electrodes, lenses, diagnostics, and gun-side HV hardware inside the column."
ebf3_gun_column_optical_axis_datum_set,kb/items/parts/ebf3_gun_column_optical_axis_datum_set.yaml,0.25,precision_metal,precision_steel,route_gap,import_until_gap_resolved,,True,item_material_family_only,medium,EBF3 gun column optical-axis datum set,"Level-3 child of FG-17. Alignment datum features used to keep cathode, electrodes, lenses, and diagnostics on the fixed gun optical axis."
ebf3_gun_control_electrode,kb/items/parts/ebf3_gun_control_electrode.yaml,0.08,refractory_metal,molybdenum_or_tungsten,earth_import,import_nominal,,True,,,EBF3 gun control electrode,"FG-3. Wehnelt/control-grid style precision electrode for beam-current control, cut-off behavior, and initial beam shaping near the cathode. Intentional Level-2 leaf: current evidence supports a distinct precision electrode. See research/ebf3_bom_sources/organized/electrode_family_decomposition_plan."
ebf3_gun_control_electrode_insulator,kb/items/parts/ebf3_gun_control_electrode_insulator.yaml,0.12,ceramic,unresolved_hv_insulator_or_refractory_electrode,earth_import,import_nominal,,True,item_material_family_only,medium,EBF3 gun control electrode insulator,FG-4. Ceramic standoff/sleeve candidate that supports and electrically isolates the control electrode from adjacent gun structures. Intentional Level-2 ceramic leaf until source evidence shows a multi-part insulator or ceramic-to-metal assembly. See research/ebf3_bom_sources/organized/electrode_fami
ebf3_gun_deflection_magnetic_yoke,kb/items/parts/ebf3_gun_deflection_magnetic_yoke.yaml,0.4,composite,composite,defer_split_import_fallback,import_until_gap_resolved,,True,item_material_family_only;route_material_basis_family_only,medium,EBF3 gun deflection magnetic yoke,"FG-8 child item adopted from research/ebf3_bom_sources/organized/magnetic_steering_decomposition_plan.md. Kept as an unresolved yoke assembly or part candidate until magnetic material, segmentation, machining constraints, vacuum compatibility, and field-response requirements are reviewed."
ebf3_gun_deflection_x_coil_pair,kb/items/parts/ebf3_gun_deflection_x_coil_pair.yaml,0.3,copper,aluminum_or_copper_winding_with_insulation,route_gap,import_until_gap_resolved,,True,,,EBF3 gun X-axis deflection coil pair,"FG-8 child item adopted from research/ebf3_bom_sources/organized/magnetic_steering_decomposition_plan.md. Coil leaf review treats this as a terminal BOM leaf; winding pattern, conductor grade, insulation, vacuum compatibility, inductance/current limits, and current-driver interface remain material/p"
ebf3_gun_deflection_y_coil_pair,kb/items/parts/ebf3_gun_deflection_y_coil_pair.yaml,0.3,copper,aluminum_wire_plus_insulation,route_gap,import_until_gap_resolved,,True,,,EBF3 gun Y-axis deflection coil pair,"FG-8 child item adopted from research/ebf3_bom_sources/organized/magnetic_steering_decomposition_plan.md. Coil leaf review treats this as a terminal BOM leaf; winding pattern, conductor grade, insulation, vacuum compatibility, inductance/current limits, and current-driver interface remain material/p"
ebf3_gun_diagnostic_signal_feedthrough_insert,kb/items/parts/ebf3_gun_diagnostic_signal_feedthrough_insert.yaml,0.18,composite,composite,import_as_leaf,import_nominal,,True,item_material_family_only;route_material_basis_family_only,medium,EBF3 gun diagnostic signal feedthrough insert,Level-3 child of FG-19. Gun-diagnostic signal feedthrough insert/interface marker for carrying pickup and gun-side sensor signals across the vacuum boundary. The cabin owns the passive chamber port or shared plate; controls own external acquisition and processing.
ebf3_gun_dynamic_lens_coil_assembly,kb/items/parts/ebf3_gun_dynamic_lens_coil_assembly.yaml,0.5,copper,aluminum_or_copper_winding_with_soft_iron_core,route_gap,import_until_gap_resolved,,True,,,EBF3 gun dynamic lens coil assembly,"FG-6 dynamic lens coil. Coil leaf review treats this as a terminal BOM leaf; conductor grade, insulation, winding method, vacuum compatibility, electrical interface, and thermal checks remain material/process readiness work. See research/ebf3_bom_sources/organized/coil_level_decomposition_plan.md."
ebf3_gun_dynamic_lens_pole_pieces,kb/items/parts/ebf3_gun_dynamic_lens_pole_pieces.yaml,0.3,electrical_steel_or_soft_iron,soft_iron_or_low_carbon_steel,route_gap,import_until_gap_resolved,,True,,,EBF3 gun dynamic lens pole pieces,FG-6 magnetic pole-piece set for shaping the dynamic lens focusing field near the beam bore.
ebf3_gun_dynamic_lens_yoke,kb/items/parts/ebf3_gun_dynamic_lens_yoke.yaml,0.4,electrical_steel_or_soft_iron,electrical_steel_sheet,route_gap,import_until_gap_resolved,,True,,,EBF3 gun dynamic lens yoke,FG-6 magnetic return-path structure for the dynamic magnetic lens. Modeled separately from pole pieces because source evidence distinguishes yoke magnetic path from pole-piece field-shaping function.
ebf3_gun_feeder_adapter_body,kb/items/parts/ebf3_gun_feeder_adapter_body.yaml,0.42,vacuum_structural_metal,steel,lunar_candidate_flagged,sensitivity_flag,recipe_ebf3_gun_feeder_adapter_body,,,,EBF3 gun-feeder adapter body,Level-3 child of WF-22. Adapter body connecting the wire feeder output toward the fixed-gun-side wire path. It is feeder-owned and does not replace the permanent gun-column datum or chamber-side port.
ebf3_gun_feeder_wire_path_alignment_sleeve,kb/items/parts/ebf3_gun_feeder_wire_path_alignment_sleeve.yaml,0.12,steel,steel,lunar_candidate,local_nominal,recipe_ebf3_gun_feeder_wire_path_alignment_sleeve,,,,EBF3 gun-feeder wire-path alignment sleeve,Level-3 child of WF-22. Alignment sleeve or short guide feature that keeps the feeder outlet aligned to the downstream gun-side wire path. It does not define the final guide tip or melt-pool nozzle geometry.
ebf3_gun_hv_input_central_conductor,kb/items/parts/ebf3_gun_hv_input_central_conductor.yaml,0.18,conductive_metal,aluminum_conductor,lunar_candidate_flagged,sensitivity_flag,recipe_ebf3_gun_hv_input_central_conductor,,item_material_family_only,medium,EBF3 gun HV input central conductor,Level-3 child of FG-12. Central high-voltage conductor carrying accelerating potential from the gun-side receiving terminal into the electron gun high-voltage region. Do not merge with tank-side HV cable conductor.
ebf3_gun_hv_input_flange_housing,kb/items/parts/ebf3_gun_hv_input_flange_housing.yaml,0.28,steel,steel_stock,lunar_candidate_flagged,sensitivity_flag,recipe_ebf3_gun_hv_input_flange_housing,,,,EBF3 gun HV input flange housing,"Level-3 child of FG-12. Gun-side mechanical housing or flange for the HV input receiving assembly. Adopted as the local mounting envelope for the conductor and receiving terminal, not as the chamber-side gun port or tank-side bushing."
ebf3_gun_hv_input_receiving_terminal,kb/items/parts/ebf3_gun_hv_input_receiving_terminal.yaml,0.14,composite,composite,import_as_leaf,import_nominal,,True,item_material_family_only;route_material_basis_family_only,medium,EBF3 gun HV input receiving terminal,Level-3 child of FG-12. Gun-side receiving terminal or socket interface for the main HV cable from the high-voltage tank. Adopted to make the gun-side termination visible while keeping the main cable and tank-side termination in the HV tank subsystem.
ebf3_gun_hv_insulator_ceramic_body,kb/items/parts/ebf3_gun_hv_insulator_ceramic_body.yaml,0.45,ceramic,alumina_ceramic,route_gap,import_until_gap_resolved,,True,item_material_family_only,medium,EBF3 gun HV insulator ceramic body,"Level-3 child of FG-13. Standalone ceramic insulating body for the gun high-voltage insulator. This is intentionally separate from the FG-12 gun HV input conductor/feedthrough path. Alumina-class HV insulators are supported by external feedthrough/electron-gun sources, but final ceramic grade, shape"
ebf3_gun_hv_insulator_field_grading_electrode_set,kb/items/parts/ebf3_gun_hv_insulator_field_grading_electrode_set.yaml,0.1,conductive_metal,molybdenum_or_tungsten_refractory_electrode,earth_import,import_nominal,,True,item_material_family_only,medium,EBF3 gun HV insulator field grading electrode set,"Level-3 child of FG-13. Gun-side field-grading or corona-control electrode marker associated with the high-voltage insulator. External HV feedthrough and electron-gun insulator sources support flashover/corona/electric-field concerns, but final ring/shield geometry, potential connection, material, s"
ebf3_gun_hv_insulator_metallized_end_interface_set,kb/items/parts/ebf3_gun_hv_insulator_metallized_end_interface_set.yaml,0.08,metal_ceramic_interface,metallized_alumina_ceramic,route_gap,import_until_gap_resolved,,True,,,EBF3 gun HV insulator metallized end interface set,"Level-3 child of FG-13. Metallized or brazed end-interface marker for joining the gun HV insulator body to adjacent metal hardware. This preserves the ceramic-to-metal interface as a fidelity issue. Metallization stack, braze alloy, compatible metals, vacuum cleanliness, and first-pass manufacturing"
ebf3_gun_hv_insulator_mounting_collar_set,kb/items/parts/ebf3_gun_hv_insulator_mounting_collar_set.yaml,0.12,alumina_ceramic,alumina_ceramic_v0,route_gap,import_until_gap_resolved,,True,,,EBF3 gun HV insulator mounting collar set,"Level-3 child of FG-13. Mounting collar or clamp-interface marker for holding the standalone gun high-voltage insulator in the gun structure. It is not the FG-12 HV input flange and not the chamber gun port. Collar geometry, fasteners, contact pressure, material choice, and first-pass manufacturing/"
ebf3_gun_local_diagnostic_signal_lead_set,kb/items/parts/ebf3_gun_local_diagnostic_signal_lead_set.yaml,0.08,composite,composite,defer_split_import_fallback,import_until_gap_resolved,,True,item_material_family_only;route_material_basis_family_only,medium,EBF3 gun local diagnostic signal lead set,"Level-3 child of FG-19. Local in-gun signal leads from beam diagnostic pickups and other gun-side sensors toward the gun-side interface. This item stops before any vacuum feedthrough insert, chamber port, controls cabinet harness, DAQ, or processing hardware."
ebf3_gun_main_lens_coil_assembly,kb/items/parts/ebf3_gun_main_lens_coil_assembly.yaml,0.9,copper,copper_magnet_wire,earth_import,import_nominal,,True,,,EBF3 gun main lens coil assembly,"FG-7 lens focusing coil. Coil leaf review treats this as a terminal BOM leaf; conductor grade, insulation, winding method, vacuum compatibility, electrical interface, and thermal checks remain material/process readiness work. See research/ebf3_bom_sources/organized/coil_level_decomposition_plan.md."
ebf3_gun_main_lens_pole_pieces,kb/items/parts/ebf3_gun_main_lens_pole_pieces.yaml,0.7,electrical_steel_or_soft_iron,soft_iron_or_electrical_steel,route_gap,import_until_gap_resolved,,True,,,EBF3 gun main lens pole pieces,FG-7 magnetic pole-piece set for shaping the focusing field near the beam bore.
ebf3_gun_main_lens_yoke,kb/items/parts/ebf3_gun_main_lens_yoke.yaml,0.6,electrical_steel_or_soft_iron,soft_iron_or_low_carbon_steel,route_gap,import_until_gap_resolved,,True,,,EBF3 gun main lens yoke,FG-7 magnetic return-path structure for the main magnetic lens. Modeled separately from pole pieces because source evidence distinguishes yoke magnetic path from pole-piece field-shaping function.
ebf3_gun_screen_electrode,kb/items/parts/ebf3_gun_screen_electrode.yaml,0.08,refractory_metal,molybdenum_or_tungsten,earth_import,import_nominal,,True,,,EBF3 gun screen electrode,FG-5. Boundary/screen electrode used to shape the electric field near the cathode and reduce unwanted side or edge emission effects. Intentional Level-2 leaf: current evidence supports the screen electrode function. See research/ebf3_bom_sources/organized/electrode_family_decomposition_plan.md and r
ebf3_gun_secondary_electron_ring_collector,kb/items/parts/ebf3_gun_secondary_electron_ring_collector.yaml,0.1,conductive_metal,steel_plate_or_sheet,lunar_candidate_flagged,sensitivity_flag,recipe_ebf3_gun_secondary_electron_ring_collector,,item_material_family_only,medium,EBF3 gun secondary-electron ring collector,Level-3 child of FG-10. Ring-style collector for secondary or reflected electron/current pickup near the beam/work region. Adopted as the current preferred geometry because electron-beam-welding secondary-current sources support ring collectors.
ebf3_gun_secondary_pickup_insulator,kb/items/parts/ebf3_gun_secondary_pickup_insulator.yaml,0.05,ceramic,alumina_ceramic,route_gap,import_until_gap_resolved,,True,item_material_family_only,medium,EBF3 gun secondary pickup insulator,Level-3 child of FG-10. Local electrical isolation for the secondary-electron collector. Adopted to keep the pickup signal path distinct from grounded gun structure.
ebf3_gun_side_oil_tank,kb/items/parts/ebf3_gun_side_oil_tank.yaml,0.9,composite,composite,defer_split_import_fallback,import_until_gap_resolved,,True,item_material_family_only;route_material_basis_family_only,medium,EBF3 gun-side oil tank,"FG-18. Gun-side oil tank assembly providing local high-voltage insulation volume near the cathode and HV region. Unresolved Level-2 boundary marker: source evidence supports only the general electron-gun/HV oil-tank package class. This item is not the main high-voltage tank, tank-side bushing, HV ca"
ebf3_gun_signal_shield_termination_interface,kb/items/parts/ebf3_gun_signal_shield_termination_interface.yaml,0.05,conductive_metal,aluminum_or_steel_shield_interface,lunar_candidate_flagged,sensitivity_flag,recipe_ebf3_gun_signal_shield_termination_interface,,item_material_family_only,medium,EBF3 gun signal shield termination interface,"Level-3 child of FG-19. Physical shield termination/interface marker for gun-side diagnostic signal wiring. It keeps the signal-shield boundary visible without merging it into protective ground, HV source return, beam-current return, or controls-side acquisition."
ebf3_gun_trajectory_corrector_coil_set,kb/items/parts/ebf3_gun_trajectory_corrector_coil_set.yaml,0.3,electronic,electronic,import_as_leaf,import_nominal,,True,item_material_family_only;route_material_basis_family_only,medium,EBF3 gun trajectory corrector coil set,Child of ebf3_gun_trajectory_corrector. Corrector coil set for EBF3 gun trajectory corrector.
ebf3_gun_trajectory_corrector_insulator_set,kb/items/parts/ebf3_gun_trajectory_corrector_insulator_set.yaml,0.08,insulator,alumina_ceramic_v0,route_gap,import_until_gap_resolved,,True,item_material_family_only,medium,EBF3 gun trajectory corrector insulator set,Child of ebf3_gun_trajectory_corrector. Insulator set for EBF3 gun trajectory corrector.
ebf3_gun_trajectory_corrector_mount,kb/items/parts/ebf3_gun_trajectory_corrector_mount.yaml,0.04,steel,steel_stock,lunar_candidate_flagged,sensitivity_flag,recipe_ebf3_gun_trajectory_corrector_mount,,,,EBF3 gun trajectory corrector mount,Child of ebf3_gun_trajectory_corrector. Mount for EBF3 gun trajectory corrector.
ebf3_gun_trajectory_corrector_pole_piece_set,kb/items/parts/ebf3_gun_trajectory_corrector_pole_piece_set.yaml,0.18,electrical_steel_or_soft_iron,electrical_steel,route_gap,import_until_gap_resolved,,True,,,EBF3 gun trajectory corrector pole piece set,Child of ebf3_gun_trajectory_corrector. Pole piece set for EBF3 gun trajectory corrector.
ebf3_heater_supply_current_regulator_board,kb/items/parts/ebf3_heater_supply_current_regulator_board.yaml,1.4,electronic,electronic,import_as_leaf,import_nominal,,True,item_material_family_only;route_material_basis_family_only,high,EBF3 heater supply current regulator board,Child of ebf3_cathode_heater_supply. Current regulator board for EBF3 cathode heater supply.
ebf3_heater_supply_enclosure,kb/items/parts/ebf3_heater_supply_enclosure.yaml,0.6,steel,steel,lunar_candidate,local_nominal,recipe_ebf3_heater_supply_enclosure,,,,EBF3 heater supply enclosure,Child of ebf3_cathode_heater_supply. Enclosure for EBF3 cathode heater supply.
ebf3_heater_supply_heat_sink,kb/items/parts/ebf3_heater_supply_heat_sink.yaml,1.2,aluminum,aluminum_heat_sink,lunar_candidate_flagged,sensitivity_flag,recipe_ebf3_heater_supply_heat_sink,,,,EBF3 heater supply heat sink,Child of ebf3_cathode_heater_supply. Heat sink for EBF3 cathode heater supply.
ebf3_heater_supply_output_terminal_set,kb/items/parts/ebf3_heater_supply_output_terminal_set.yaml,0.5,electronic,mixed_electrical_or_polymer_harness,earth_import,import_nominal,,True,item_material_family_only,medium,EBF3 heater supply output terminal set,Child of ebf3_cathode_heater_supply. Output terminal set for EBF3 cathode heater supply.
ebf3_heater_supply_power_stage,kb/items/parts/ebf3_heater_supply_power_stage.yaml,1.3,electronic,electronic,import_as_leaf,import_nominal,,True,item_material_family_only;route_material_basis_family_only,high,EBF3 heater supply power stage,Child of ebf3_cathode_heater_supply. Power stage for EBF3 cathode heater supply.
ebf3_hv_bleeder_chain_insulating_support,kb/items/parts/ebf3_hv_bleeder_chain_insulating_support.yaml,0.16,insulator,alumina_ceramic_or_fused_silica,route_gap,import_until_gap_resolved,,True,item_material_family_only,medium,EBF3 hv bleeder chain insulating support,Child of ebf3_hv_discharge_bleeder_resistor_chain. Insulating support for EBF3 HV discharge bleeder resistor chain.
ebf3_hv_bleeder_chain_terminal_set,kb/items/parts/ebf3_hv_bleeder_chain_terminal_set.yaml,0.08,conductive_metal,aluminum_or_copper_conductor,import_as_leaf,import_nominal,,True,item_material_family_only,medium,EBF3 hv bleeder chain terminal set,Child of ebf3_hv_discharge_bleeder_resistor_chain. Terminal set for EBF3 HV discharge bleeder resistor chain.
ebf3_hv_bleeder_resistor_element_stack,kb/items/parts/ebf3_hv_bleeder_resistor_element_stack.yaml,0.36,electronic,electronic,import_as_leaf,import_nominal,,True,item_material_family_only;route_material_basis_family_only,medium,EBF3 hv bleeder resistor element stack,Child of ebf3_hv_discharge_bleeder_resistor_chain. Resistor element stack for EBF3 HV discharge bleeder resistor chain.
ebf3_hv_cable_braided_shield,kb/items/parts/ebf3_hv_cable_braided_shield.yaml,0.18,conductive_metal,plain_steel_or_aluminum_braid,route_gap,import_until_gap_resolved,,True,item_material_family_only,medium,EBF3 HV cable braided shield,Level-3 child of HV-9. Cable shield braid around the HV cable insulation system. Adopted from HV cable source evidence for braided shielding.
ebf3_hv_cable_central_conductor,kb/items/parts/ebf3_hv_cable_central_conductor.yaml,0.22,conductive_metal,aluminum_conductor,route_gap,import_until_gap_resolved,,True,item_material_family_only,medium,EBF3 HV cable central conductor,Level-3 child of HV-9. Main conductor within the high-voltage cable carrying accelerating potential from the HV tank toward the gun.
ebf3_hv_cable_dielectric_insulation,kb/items/parts/ebf3_hv_cable_dielectric_insulation.yaml,0.36,polymer_dielectric,polymer_hv_dielectric,earth_import,import_nominal,,True,,,EBF3 HV cable dielectric insulation,Level-3 child of HV-9. Bulk high-voltage dielectric insulation around the central conductor.
ebf3_hv_cable_outer_jacket,kb/items/parts/ebf3_hv_cable_outer_jacket.yaml,0.16,polymer,silicone_rubber,earth_import,import_nominal,,True,item_material_family_only,medium,EBF3 HV cable outer jacket,Level-3 child of HV-9. Outer protective jacket for the HV cable assembly.
ebf3_hv_cable_semiconductive_stress_control_layer,kb/items/parts/ebf3_hv_cable_semiconductive_stress_control_layer.yaml,0.08,conductive_polymer_composite,conductive_polymer_composite,earth_import,import_nominal,,True,,,EBF3 HV cable semiconductive stress-control layer,Level-3 child of HV-9. Semiconductive layer or stress-control interface within the HV cable insulation system.
ebf3_hv_drain_valve,kb/items/parts/ebf3_hv_drain_valve.yaml,0.2,steel,steel_stock,route_gap,import_until_gap_resolved,,True,,,EBF3 HV tank drain valve,Child of HV-13. Drain valve or drain fitting for transformer insulating fluid.
ebf3_hv_fill_port,kb/items/parts/ebf3_hv_fill_port.yaml,0.12,steel,steel,lunar_candidate_flagged,sensitivity_flag,recipe_ebf3_hv_fill_port,,,,EBF3 HV tank fill port,Child of HV-13. Fill port for transformer insulating fluid.
ebf3_hv_lead_conductor_set,kb/items/parts/ebf3_hv_lead_conductor_set.yaml,0.6,aluminum,aluminum_conductor,route_gap,import_until_gap_resolved,,True,,,EBF3 HV lead conductor set,"Child of HV-6. Oil-side high-voltage conductors between transformer, rectifier/filter sections, and output bushing."
ebf3_hv_lead_support_standoff_set,kb/items/parts/ebf3_hv_lead_support_standoff_set.yaml,0.2,insulator,alumina_ceramic_v0,route_gap,import_until_gap_resolved,,True,item_material_family_only,medium,EBF3 HV lead support standoff set,"Child of HV-6. Insulating supports for oil-side HV leads. This is local lead support, not the full transformer insulation spacer system."
ebf3_hv_output_filter_capacitor,kb/items/parts/ebf3_hv_output_filter_capacitor.yaml,2.0,electronic,electronic,import_as_leaf,import_nominal,,True,item_material_family_only;route_material_basis_family_only,high,EBF3 HV output filter capacitor,HV-5 functional constituent of `ebf3_hv_section_module_set`. See research/ebf3_bom_sources/organized/hv_tank_core_decomposition_plan.md. First-pass manufacturing/import route is recorded in the linked EBF3 route-review recipe.
ebf3_hv_pressure_relief_seal,kb/items/parts/ebf3_hv_pressure_relief_seal.yaml,0.08,polymer,silicone_rubber,earth_import,import_nominal,,True,item_material_family_only,medium,EBF3 HV tank pressure relief seal,Child of HV-13. Seal for pressure relief hardware.
ebf3_hv_pressure_relief_valve_body,kb/items/parts/ebf3_hv_pressure_relief_valve_body.yaml,0.22,steel,steel_stock,lunar_candidate_flagged,sensitivity_flag,recipe_ebf3_hv_pressure_relief_valve_body,,,,EBF3 HV tank pressure relief valve body,Child of HV-13. Pressure relief body or vent hardware for the oil-filled HV tank.
ebf3_hv_rectifier_stack_tank_side,kb/items/parts/ebf3_hv_rectifier_stack_tank_side.yaml,2.5,electronic,electronic,import_as_leaf,import_nominal,,True,item_material_family_only;route_material_basis_family_only,high,EBF3 tank-side HV rectifier stack,HV-4 functional constituent of `ebf3_hv_section_module_set`. See research/ebf3_bom_sources/organized/hv_tank_core_decomposition_plan.md. First-pass manufacturing/import route is recorded in the linked EBF3 route-review recipe.
ebf3_hv_return_current_monitor_insulating_mount,kb/items/parts/ebf3_hv_return_current_monitor_insulating_mount.yaml,0.12,insulator,alumina_ceramic_v0,route_gap,import_until_gap_resolved,,True,item_material_family_only,medium,EBF3 hv return current monitor insulating mount,"Child of ebf3_hv_output_return_current_monitor. Insulating mount for the HV-side current monitor package. It keeps sensor isolation visible without deciding monitor topology, creepage/clearance, ceramic/polymer material, or mechanical geometry. First-pass manufacturing/import route is recorded in th"
ebf3_hv_return_current_monitor_signal_lead,kb/items/parts/ebf3_hv_return_current_monitor_signal_lead.yaml,0.12,composite,composite,defer_split_import_fallback,import_until_gap_resolved,,True,item_material_family_only;route_material_basis_family_only,medium,EBF3 hv return current monitor signal lead,"Child of ebf3_hv_output_return_current_monitor. Shielded low-voltage signal lead from the HV-side current-monitor package toward controls acquisition. It does not own ADC, signal conditioning, or controls logic. Shield termination, isolation, routing, and first-pass manufacturing/import route is rec"
ebf3_hv_return_current_sensing_element,kb/items/parts/ebf3_hv_return_current_sensing_element.yaml,0.16,electronic,electronic,import_as_leaf,import_nominal,,True,item_material_family_only;route_material_basis_family_only,medium,EBF3 hv return current sensing element,"Child of ebf3_hv_output_return_current_monitor. Primary HV-side current sensing element for the output or return current monitor. This is a package marker only; shunt/CT/Hall choice, return-leg placement, insulation rating, signal isolation, and first-pass manufacturing/import route is recorded in t"
ebf3_hv_rounded_terminal_set,kb/items/parts/ebf3_hv_rounded_terminal_set.yaml,0.4,conductive_metal,aluminum_or_copper_conductor,import_as_leaf,import_nominal,,True,item_material_family_only,medium,EBF3 HV rounded terminal set,"Child of HV-6. Rounded terminals, studs, or stress-reducing conductor ends for oil-side HV connections."
ebf3_hv_service_plug_set,kb/items/parts/ebf3_hv_service_plug_set.yaml,0.08,composite,composite,defer_split_import_fallback,import_until_gap_resolved,,True,item_material_family_only;route_material_basis_family_only,medium,EBF3 HV tank service plug set,Child of HV-13. Plugs or caps for oil service openings.
ebf3_hv_tank_bonding_anchor,kb/items/parts/ebf3_hv_tank_bonding_anchor.yaml,0.08,steel_or_aluminum,steel_or_aluminum_grounding_anchor,lunar_candidate,local_nominal,recipe_ebf3_hv_tank_bonding_anchor,,,,EBF3 HV tank bonding anchor,Child of HV-15. Local anchor or stud for tank bonding/shield connection.
ebf3_hv_tank_ground_lug,kb/items/parts/ebf3_hv_tank_ground_lug.yaml,0.12,steel_or_aluminum,aluminum_or_steel_lug,lunar_candidate,local_nominal,recipe_ebf3_hv_tank_ground_lug,,,,EBF3 HV tank ground lug,Child of HV-15. External protective ground lug for bonding the tank enclosure. This is not the complete HV return path.
ebf3_hv_tank_lid,kb/items/parts/ebf3_hv_tank_lid.yaml,2.0,steel,steel,lunar_candidate_flagged,sensitivity_flag,recipe_ebf3_hv_tank_lid,,,,EBF3 HV tank lid,Child of HV-1. Removable or sealed lid for the HV tank enclosure.
ebf3_hv_tank_lid_seal,kb/items/parts/ebf3_hv_tank_lid_seal.yaml,0.5,polymer,metal_gasket_or_imported_vacuum_elastomer,route_gap,import_until_gap_resolved,,True,item_material_family_only,medium,EBF3 HV tank lid seal,Child of HV-1. Oil-compatible seal for the HV tank lid.
ebf3_hv_tank_shell,kb/items/parts/ebf3_hv_tank_shell.yaml,8.0,steel,steel_sheet_or_shell,route_gap,import_until_gap_resolved,,True,,,EBF3 HV tank shell,Child of HV-1. Main oil-containing tank shell for high-voltage components.
ebf3_hv_tank_temperature_probe,kb/items/parts/ebf3_hv_tank_temperature_probe.yaml,0.04,electronic,electronic,import_as_leaf,import_nominal,,True,item_material_family_only;route_material_basis_family_only,medium,EBF3 hv tank temperature probe,Child of ebf3_hv_tank_temperature_sensor. Temperature probe for EBF3 HV tank temperature sensor.
ebf3_hv_tank_temperature_sensor_lead_set,kb/items/parts/ebf3_hv_tank_temperature_sensor_lead_set.yaml,0.04,composite,composite,defer_split_import_fallback,import_until_gap_resolved,,True,item_material_family_only;route_material_basis_family_only,medium,EBF3 hv tank temperature sensor lead set,Child of ebf3_hv_tank_temperature_sensor. Sensor lead set for EBF3 HV tank temperature sensor.
ebf3_hv_tank_temperature_sensor_mount,kb/items/parts/ebf3_hv_tank_temperature_sensor_mount.yaml,0.02,steel,steel,lunar_candidate_flagged,sensitivity_flag,recipe_ebf3_hv_tank_temperature_sensor_mount,,,,EBF3 hv tank temperature sensor mount,Child of ebf3_hv_tank_temperature_sensor. Sensor mount for EBF3 HV tank temperature sensor.
ebf3_hv_transformer_insulating_fluid,kb/items/parts/ebf3_hv_transformer_insulating_fluid.yaml,8.0,polymer,silicone_rubber,earth_import,import_nominal,,True,item_material_family_only,high,EBF3 HV transformer insulating fluid,HV-2. Silicone/silicon oil or transformer insulating fluid for the main oil-filled high-voltage tank dielectric isolation and heat transfer. This item is an intentional Level-2 material/consumable leaf. It owns the main tank fluid; do not duplicate it under the gun-side oil tank unless a separate gu
ebf3_hv_transformer_internal_hv_lead_set,kb/items/parts/ebf3_hv_transformer_internal_hv_lead_set.yaml,0.6,conductive_metal,aluminum_or_copper_hv_lead,route_gap,import_until_gap_resolved,,True,item_material_family_only,medium,EBF3 HV transformer internal HV lead set,Internal high-voltage lead set for the EBF3 sectioned HV step-up transformer. Child of `ebf3_sectioned_hv_step_up_transformer` from research/ebf3_bom_sources/organized/split_before_route_leaf_decomposition_plan.md. This is not local-ready and has no manufacturing recipe.
ebf3_hv_transformer_interwinding_insulation_set,kb/items/parts/ebf3_hv_transformer_interwinding_insulation_set.yaml,1.5,insulator,high_voltage_insulation_material,earth_import,import_nominal,,True,item_material_family_only,high,EBF3 HV transformer interwinding insulation set,Inter-winding insulation/barrier set for the EBF3 sectioned HV step-up transformer. Child of `ebf3_sectioned_hv_step_up_transformer` from research/ebf3_bom_sources/organized/split_before_route_leaf_decomposition_plan.md. This is not local-ready and has no manufacturing recipe.
ebf3_hv_transformer_magnetic_core_set,kb/items/parts/ebf3_hv_transformer_magnetic_core_set.yaml,3.0,magnetic_material,electrical_steel_sheet,route_gap,import_until_gap_resolved,,True,item_material_family_only,high,EBF3 HV transformer magnetic core set,Magnetic core set for the EBF3 sectioned HV step-up transformer. Child of `ebf3_sectioned_hv_step_up_transformer` from research/ebf3_bom_sources/organized/split_before_route_leaf_decomposition_plan.md. This is not local-ready and has no manufacturing recipe.
ebf3_hv_transformer_oil_interface_marker,kb/items/parts/ebf3_hv_transformer_oil_interface_marker.yaml,0.5,composite,transformer_oil_interface_material,earth_import,import_nominal,,True,item_material_family_only,medium,EBF3 HV transformer oil interface marker,Boundary marker for transformer oil/interface features in the EBF3 sectioned HV step-up transformer. Child of `ebf3_sectioned_hv_step_up_transformer` from research/ebf3_bom_sources/organized/split_before_route_leaf_decomposition_plan.md. This is not local-ready and has no manufacturing recipe.
ebf3_hv_transformer_primary_winding_set,kb/items/parts/ebf3_hv_transformer_primary_winding_set.yaml,1.2,copper,copper_magnet_wire,earth_import,import_nominal,,True,,,EBF3 HV transformer primary winding set,Primary winding set for the EBF3 sectioned HV step-up transformer. Child of `ebf3_sectioned_hv_step_up_transformer` from research/ebf3_bom_sources/organized/split_before_route_leaf_decomposition_plan.md. This is not local-ready and has no manufacturing recipe.
ebf3_hv_transformer_secondary_winding_set,kb/items/parts/ebf3_hv_transformer_secondary_winding_set.yaml,2.2,copper,copper_magnet_wire,earth_import,import_nominal,,True,,,EBF3 HV transformer secondary winding set,Secondary winding set for the EBF3 sectioned HV step-up transformer. Child of `ebf3_sectioned_hv_step_up_transformer` from research/ebf3_bom_sources/organized/split_before_route_leaf_decomposition_plan.md. This is not local-ready and has no manufacturing recipe.
ebf3_hv_transformer_section_support_structure,kb/items/parts/ebf3_hv_transformer_section_support_structure.yaml,1.0,insulator,alumina_ceramic_v0,route_gap,import_until_gap_resolved,,True,item_material_family_only,high,EBF3 HV transformer section support structure,Section support structure for the EBF3 sectioned HV step-up transformer. Child of `ebf3_sectioned_hv_step_up_transformer` from research/ebf3_bom_sources/organized/split_before_route_leaf_decomposition_plan.md. This is not local-ready and has no manufacturing recipe.
ebf3_hv_voltage_divider_insulating_support,kb/items/parts/ebf3_hv_voltage_divider_insulating_support.yaml,0.1,insulator,alumina_ceramic_v0,route_gap,import_until_gap_resolved,,True,item_material_family_only,medium,EBF3 hv voltage divider insulating support,Child of ebf3_hv_output_voltage_divider_sensing. Insulating support for EBF3 HV output voltage divider sensing hardware.
ebf3_hv_voltage_divider_low_voltage_sense_board,kb/items/parts/ebf3_hv_voltage_divider_low_voltage_sense_board.yaml,0.08,electronic,electronic,import_as_leaf,import_nominal,,True,item_material_family_only;route_material_basis_family_only,medium,EBF3 hv voltage divider low voltage sense board,Child of ebf3_hv_output_voltage_divider_sensing. Low-voltage sense board for EBF3 HV output voltage divider sensing hardware.
ebf3_hv_voltage_divider_resistor_stack,kb/items/parts/ebf3_hv_voltage_divider_resistor_stack.yaml,0.28,electronic,electronic,import_as_leaf,import_nominal,,True,item_material_family_only;route_material_basis_family_only,medium,EBF3 hv voltage divider resistor stack,Child of ebf3_hv_output_voltage_divider_sensing. Divider resistor stack for EBF3 HV output voltage divider sensing hardware.
ebf3_hv_voltage_divider_shielded_lead,kb/items/parts/ebf3_hv_voltage_divider_shielded_lead.yaml,0.04,composite,composite,defer_split_import_fallback,import_until_gap_resolved,,True,item_material_family_only;route_material_basis_family_only,medium,EBF3 hv voltage divider shielded lead,Child of ebf3_hv_output_voltage_divider_sensing. Shielded signal lead for EBF3 HV output voltage divider sensing hardware.
ebf3_input_rectifier_busbar_set,kb/items/parts/ebf3_input_rectifier_busbar_set.yaml,0.7,aluminum,aluminum_busbar,lunar_candidate_flagged,sensitivity_flag,recipe_ebf3_input_rectifier_busbar_set,,,,EBF3 input rectifier busbar set,Child of ebf3_input_rectifier. Busbar set for EBF3 input rectifier.
ebf3_input_rectifier_diode_module_set,kb/items/parts/ebf3_input_rectifier_diode_module_set.yaml,1.2,electronic,electronic,import_as_leaf,import_nominal,,True,item_material_family_only;route_material_basis_family_only,high,EBF3 input rectifier diode module set,Child of ebf3_input_rectifier. Diode module set for EBF3 input rectifier.
ebf3_input_rectifier_gate_or_sense_board,kb/items/parts/ebf3_input_rectifier_gate_or_sense_board.yaml,0.3,electronic,electronic,import_as_leaf,import_nominal,,True,item_material_family_only;route_material_basis_family_only,medium,EBF3 input rectifier gate or sense board,Child of ebf3_input_rectifier. Sense board for EBF3 input rectifier.
ebf3_input_rectifier_heat_sink,kb/items/parts/ebf3_input_rectifier_heat_sink.yaml,0.8,aluminum,aluminum_heat_sink,lunar_candidate_flagged,sensitivity_flag,recipe_ebf3_input_rectifier_heat_sink,,,,EBF3 input rectifier heat sink,Child of ebf3_input_rectifier. Heat sink for EBF3 input rectifier.
ebf3_intermediate_wire_guide_body,kb/items/parts/ebf3_intermediate_wire_guide_body.yaml,0.16,steel,steel_stock,lunar_candidate,local_nominal,recipe_ebf3_intermediate_wire_guide_body,,,,EBF3 intermediate wire guide body,Child of ebf3_intermediate_wire_guide. Guide body for EBF3 intermediate wire guide.
ebf3_intermediate_wire_guide_wear_insert,kb/items/parts/ebf3_intermediate_wire_guide_wear_insert.yaml,0.09,ceramic,alumina_ceramic,lunar_candidate_flagged,sensitivity_flag,recipe_ebf3_intermediate_wire_guide_wear_insert,,item_material_family_only,medium,EBF3 intermediate wire guide wear insert,Child of ebf3_intermediate_wire_guide. Wear insert for EBF3 intermediate wire guide.
ebf3_linear_encoder_mounting_bracket_set,kb/items/parts/ebf3_linear_encoder_mounting_bracket_set.yaml,0.3,steel,steel,lunar_candidate,local_nominal,recipe_ebf3_linear_encoder_mounting_bracket_set,,,,EBF3 linear encoder mounting bracket set,Child of ebf3_linear_encoder_scales. Mounting bracket set for EBF3 linear encoder scales.
ebf3_linear_encoder_read_head_set,kb/items/parts/ebf3_linear_encoder_read_head_set.yaml,0.45,electronic,electronic,import_as_leaf,import_nominal,,True,item_material_family_only;route_material_basis_family_only,medium,EBF3 linear encoder read head set,Child of ebf3_linear_encoder_scales. Read head set for EBF3 linear encoder scales.
ebf3_linear_encoder_scale_strip_set,kb/items/parts/ebf3_linear_encoder_scale_strip_set.yaml,0.75,glass,precision_glass_scale,earth_import,import_nominal,,True,item_material_family_only,medium,EBF3 linear encoder scale strip set,Child of ebf3_linear_encoder_scales. Encoder scale strip set for EBF3 linear encoder scales.
ebf3_linear_guide_carriage_block_set,kb/items/parts/ebf3_linear_guide_carriage_block_set.yaml,1.1,precision_metal,steel_stock,route_gap,import_until_gap_resolved,,True,item_material_family_only,high,EBF3 linear guide carriage block set,Level-3 child of FS-4. Carriage block bodies for the linear guide system.
ebf3_linear_guide_carriage_retainer_set,kb/items/parts/ebf3_linear_guide_carriage_retainer_set.yaml,0.25,steel,steel,lunar_candidate_flagged,sensitivity_flag,recipe_ebf3_linear_guide_carriage_retainer_set,,,,EBF3 linear guide carriage retainer set,Level-3 child of FS-4. Retainers or end hardware for keeping carriage rolling elements captive.
ebf3_linear_guide_carriage_rolling_element_set,kb/items/parts/ebf3_linear_guide_carriage_rolling_element_set.yaml,0.55,precision_metal,bearing_steel,route_gap,import_until_gap_resolved,,True,item_material_family_only,medium,EBF3 linear guide carriage rolling element set,Level-3 child of FS-4. Ball or roller elements for the linear guide carriages.
ebf3_linear_guide_rail_body_set,kb/items/parts/ebf3_linear_guide_rail_body_set.yaml,2.4,hardened_steel,hardened_steel_rail,route_gap,import_until_gap_resolved,,True,,,EBF3 linear guide rail body set,Child of ebf3_linear_guide_rails. Linear rail body set for EBF3 linear guide rails.
ebf3_linear_guide_rail_end_stop_set,kb/items/parts/ebf3_linear_guide_rail_end_stop_set.yaml,0.3,steel,steel_stock,lunar_candidate,local_nominal,recipe_ebf3_linear_guide_rail_end_stop_set,,,,EBF3 linear guide rail end stop set,Child of ebf3_linear_guide_rails. Rail end stop set for EBF3 linear guide rails.
ebf3_linear_guide_rail_mounting_hole_datum_set,kb/items/parts/ebf3_linear_guide_rail_mounting_hole_datum_set.yaml,0.3,steel,precision_steel,lunar_candidate,local_nominal,recipe_ebf3_linear_guide_rail_mounting_hole_datum_set,,,,EBF3 linear guide rail mounting hole datum set,Child of ebf3_linear_guide_rails. Mounting hole/datum feature set for EBF3 linear guide rails.
ebf3_lv_distribution_breaker_or_fuse_set,kb/items/parts/ebf3_lv_distribution_breaker_or_fuse_set.yaml,1.2,electronic,electronic,import_as_leaf,import_nominal,,True,item_material_family_only;route_material_basis_family_only,high,EBF3 lv distribution breaker or fuse set,Child of ebf3_low_voltage_distribution_panel. Breaker or fuse set for EBF3 low-voltage distribution panel.
ebf3_lv_distribution_busbar_set,kb/items/parts/ebf3_lv_distribution_busbar_set.yaml,1.1,aluminum,aluminum_busbar,lunar_candidate,local_nominal,recipe_ebf3_lv_distribution_busbar_set,,,,EBF3 lv distribution busbar set,Child of ebf3_low_voltage_distribution_panel. Distribution busbar set for EBF3 low-voltage distribution panel.
ebf3_lv_distribution_panel_plate,kb/items/parts/ebf3_lv_distribution_panel_plate.yaml,0.8,steel,steel_plate_or_sheet,lunar_candidate,local_nominal,recipe_ebf3_lv_distribution_panel_plate,,,,EBF3 lv distribution panel plate,Child of ebf3_low_voltage_distribution_panel. Panel plate for EBF3 low-voltage distribution panel.
ebf3_lv_distribution_terminal_block_set,kb/items/parts/ebf3_lv_distribution_terminal_block_set.yaml,0.9,electronic,mixed_electrical_or_polymer_harness,earth_import,import_nominal,,True,item_material_family_only,medium,EBF3 lv distribution terminal block set,Child of ebf3_low_voltage_distribution_panel. Terminal block set for EBF3 low-voltage distribution panel.
ebf3_matching_network_busbar_set,kb/items/parts/ebf3_matching_network_busbar_set.yaml,0.6,aluminum,aluminum_alloy_ingot,lunar_candidate_flagged,sensitivity_flag,recipe_ebf3_matching_network_busbar_set,,,,EBF3 matching network busbar set,Child of ebf3_inverter_matching_network. Busbar set for EBF3 inverter matching network.
ebf3_matching_network_capacitor_set,kb/items/parts/ebf3_matching_network_capacitor_set.yaml,1.2,electronic,electronic,import_as_leaf,import_nominal,,True,item_material_family_only;route_material_basis_family_only,high,EBF3 matching network capacitor set,Child of ebf3_inverter_matching_network. Matching capacitor set for EBF3 inverter matching network.
ebf3_matching_network_inductor_bobbin_or_insulation_set,kb/items/parts/ebf3_matching_network_inductor_bobbin_or_insulation_set.yaml,0.18,insulator,alumina_ceramic_v0,route_gap,import_until_gap_resolved,,True,item_material_family_only,medium,EBF3 matching network inductor bobbin or insulation set,Bobbin/insulation support for the EBF3 matching network inductor set. Child of `ebf3_matching_network_inductor_set` from research/ebf3_bom_sources/organized/split_before_route_leaf_decomposition_plan.md. This is not local-ready and has no manufacturing recipe.
ebf3_matching_network_inductor_core_set,kb/items/parts/ebf3_matching_network_inductor_core_set.yaml,0.45,magnetic_material,ferrite_or_laminated_iron,route_gap,import_until_gap_resolved,,True,item_material_family_only,medium,EBF3 matching network inductor core set,Magnetic core set for the EBF3 matching network inductor set. Child of `ebf3_matching_network_inductor_set` from research/ebf3_bom_sources/organized/split_before_route_leaf_decomposition_plan.md. This is not local-ready and has no manufacturing recipe.
ebf3_matching_network_inductor_mounting_base_set,kb/items/parts/ebf3_matching_network_inductor_mounting_base_set.yaml,0.14,steel_or_aluminum,steel_or_aluminum,lunar_candidate,local_nominal,recipe_ebf3_matching_network_inductor_mounting_base_set,,,,EBF3 matching network inductor mounting base set,Mounting/base hardware for the EBF3 matching network inductor set. Child of `ebf3_matching_network_inductor_set` from research/ebf3_bom_sources/organized/split_before_route_leaf_decomposition_plan.md.
ebf3_matching_network_inductor_terminal_set,kb/items/parts/ebf3_matching_network_inductor_terminal_set.yaml,0.08,conductive_metal,aluminum_terminal,lunar_candidate_flagged,sensitivity_flag,recipe_ebf3_matching_network_inductor_terminal_set,,item_material_family_only,medium,EBF3 matching network inductor terminal set,Terminal lead set for the EBF3 matching network inductor set. Child of `ebf3_matching_network_inductor_set` from research/ebf3_bom_sources/organized/split_before_route_leaf_decomposition_plan.md.
ebf3_matching_network_inductor_winding_set,kb/items/parts/ebf3_matching_network_inductor_winding_set.yaml,0.45,copper,copper_wire_magnet,earth_import,import_nominal,,True,,,EBF3 matching network inductor winding set,Conductor winding set for the EBF3 matching network inductor set. Child of `ebf3_matching_network_inductor_set` from research/ebf3_bom_sources/organized/split_before_route_leaf_decomposition_plan.md. This is not local-ready and has no manufacturing recipe.
ebf3_matching_network_mounting_frame,kb/items/parts/ebf3_matching_network_mounting_frame.yaml,0.9,steel,steel_structural_stock,lunar_candidate,local_nominal,recipe_ebf3_matching_network_mounting_frame,,,,EBF3 matching network mounting frame,Child of ebf3_inverter_matching_network. Mounting frame for EBF3 inverter matching network.
ebf3_motion_drive_control_board,kb/items/parts/ebf3_motion_drive_control_board.yaml,1.0,electronic,electronic,import_as_leaf,import_nominal,,True,item_material_family_only;route_material_basis_family_only,high,EBF3 motion drive control board,Child of ebf3_motion_control_drive_module. Motion-drive control board for EBF3 motion control drive module.
ebf3_motion_drive_heat_spreader,kb/items/parts/ebf3_motion_drive_heat_spreader.yaml,0.5,aluminum,aluminum,lunar_candidate_flagged,sensitivity_flag,recipe_ebf3_motion_drive_heat_spreader,,,,EBF3 motion drive heat spreader,Child of ebf3_motion_control_drive_module. Heat spreader for EBF3 motion control drive module.
ebf3_motion_drive_power_stage_set,kb/items/parts/ebf3_motion_drive_power_stage_set.yaml,1.1,electronic,electronic,import_as_leaf,import_nominal,,True,item_material_family_only;route_material_basis_family_only,high,EBF3 motion drive power stage set,Child of ebf3_motion_control_drive_module. Power stage set for EBF3 motion control drive module.
ebf3_motion_drive_terminal_block_set,kb/items/parts/ebf3_motion_drive_terminal_block_set.yaml,0.4,electronic,mixed_electrical_or_polymer_harness,earth_import,import_nominal,,True,item_material_family_only,medium,EBF3 motion drive terminal block set,Child of ebf3_motion_control_drive_module. Terminal block set for EBF3 motion control drive module.
ebf3_motor_coupling_clamp_screw_set,kb/items/parts/ebf3_motor_coupling_clamp_screw_set.yaml,0.08,steel,steel_fastener_set,lunar_candidate_flagged,sensitivity_flag,recipe_ebf3_motor_coupling_clamp_screw_set,,,,EBF3 motor coupling clamp screw set,Child of ebf3_motor_couplings. Clamp screw set for EBF3 motor couplings.
ebf3_motor_coupling_flexible_element_set,kb/items/parts/ebf3_motor_coupling_flexible_element_set.yaml,0.14,composite,composite,defer_split_import_fallback,import_until_gap_resolved,,True,item_material_family_only;route_material_basis_family_only,medium,EBF3 motor coupling flexible element set,Child of ebf3_motor_couplings. Flexible element set for EBF3 motor couplings.
ebf3_motor_coupling_hub_set,kb/items/parts/ebf3_motor_coupling_hub_set.yaml,0.28,steel,steel_hub,lunar_candidate,local_nominal,recipe_ebf3_motor_coupling_hub_set,,,,EBF3 motor coupling hub set,Child of ebf3_motor_couplings. Coupling hub set for EBF3 motor couplings.
ebf3_motor_mount_bracket_fastener_interface_set,kb/items/parts/ebf3_motor_mount_bracket_fastener_interface_set.yaml,0.15,steel,steel_stock,lunar_candidate_flagged,sensitivity_flag,recipe_ebf3_motor_mount_bracket_fastener_interface_set,,,,EBF3 motor mount bracket fastener interface set,Child of ebf3_motor_mount_brackets. Fastener interface set for EBF3 motor mount brackets.
ebf3_motor_mount_bracket_plate_set,kb/items/parts/ebf3_motor_mount_bracket_plate_set.yaml,0.65,steel,steel,lunar_candidate,local_nominal,recipe_ebf3_motor_mount_bracket_plate_set,,,,EBF3 motor mount bracket plate set,Child of ebf3_motor_mount_brackets. Bracket plate set for EBF3 motor mount brackets.
ebf3_motor_mount_bracket_spacer_set,kb/items/parts/ebf3_motor_mount_bracket_spacer_set.yaml,0.2,steel,steel,lunar_candidate,local_nominal,recipe_ebf3_motor_mount_bracket_spacer_set,,,,EBF3 motor mount bracket spacer set,Child of ebf3_motor_mount_brackets. Spacer set for EBF3 motor mount brackets.
ebf3_moveable_build_platform_clamp_slot_set,kb/items/parts/ebf3_moveable_build_platform_clamp_slot_set.yaml,0.7,precision_metal,steel_plate_or_sheet,lunar_candidate,local_nominal,recipe_ebf3_moveable_build_platform_clamp_slot_set,,item_material_family_only,medium,EBF3 moveable build platform clamp slot set,Level-3 child of FS-22. Clamp slots or mounting features for substrate-holding hardware.
ebf3_moveable_build_platform_plate,kb/items/parts/ebf3_moveable_build_platform_plate.yaml,5.6,precision_metal,steel_plate_or_sheet,lunar_candidate_flagged,sensitivity_flag,recipe_ebf3_moveable_build_platform_plate,,item_material_family_only,high,EBF3 moveable build platform plate,Level-3 child of FS-22. Main build-platform plate carrying the substrate and deposited part.
ebf3_moveable_build_platform_return_contact_pad,kb/items/parts/ebf3_moveable_build_platform_return_contact_pad.yaml,0.4,conductive_metal,aluminum_conductor,lunar_candidate_flagged,sensitivity_flag,recipe_ebf3_moveable_build_platform_return_contact_pad,,item_material_family_only,medium,EBF3 moveable build platform return contact pad,Level-3 child of FS-22. Local conductive contact pad for beam-current continuity at the platform. System-level return topology remains separate in ebf3_beam_current_return_strap and HV grounding/return reviews.
ebf3_multi_channel_driver_control_board,kb/items/parts/ebf3_multi_channel_driver_control_board.yaml,1.2,electronic,electronic,import_as_leaf,import_nominal,,True,item_material_family_only;route_material_basis_family_only,high,EBF3 multi channel driver control board,Child of ebf3_multi_channel_driver_module. Driver control board for EBF3 multi-channel driver module.
ebf3_multi_channel_driver_enclosure,kb/items/parts/ebf3_multi_channel_driver_enclosure.yaml,0.6,steel,steel,lunar_candidate,local_nominal,recipe_ebf3_multi_channel_driver_enclosure,,,,EBF3 multi channel driver enclosure,Child of ebf3_multi_channel_driver_module. Enclosure for EBF3 multi-channel driver module.
ebf3_multi_channel_heat_sink,kb/items/parts/ebf3_multi_channel_heat_sink.yaml,1.2,aluminum,aluminum_heat_sink,lunar_candidate_flagged,sensitivity_flag,recipe_ebf3_multi_channel_heat_sink,,,,EBF3 multi channel heat sink,Child of ebf3_multi_channel_driver_module. Heat sink for EBF3 multi-channel driver module.
ebf3_multi_channel_output_terminal_set,kb/items/parts/ebf3_multi_channel_output_terminal_set.yaml,0.8,electronic,mixed_electrical_or_polymer_harness,earth_import,import_nominal,,True,item_material_family_only,medium,EBF3 multi channel output terminal set,Child of ebf3_multi_channel_driver_module. Output terminal set for EBF3 multi-channel driver module.
ebf3_multi_channel_power_driver_stage_set,kb/items/parts/ebf3_multi_channel_power_driver_stage_set.yaml,2.2,electronic,electronic,import_as_leaf,import_nominal,,True,item_material_family_only;route_material_basis_family_only,high,EBF3 multi channel power driver stage set,Child of ebf3_multi_channel_driver_module. Power driver stage set for EBF3 multi-channel driver module.
ebf3_positioning_axis_base_plate,kb/items/parts/ebf3_positioning_axis_base_plate.yaml,3.0,steel,steel_plate_or_sheet,lunar_candidate,local_nominal,recipe_ebf3_positioning_axis_base_plate,,,,EBF3 positioning axis base plate,"FS-2. Base plate and datum surface for linear axes. Intentional Level-2 single-piece precision plate leaf; hole pattern, flatness, surface treatment, and machining details remain coarse. First-pass manufacturing/import route is recorded in the linked EBF3 route-review recipe. See research/ebf3_bom_s"
ebf3_positioning_base_frame_crossmember_set,kb/items/parts/ebf3_positioning_base_frame_crossmember_set.yaml,2.2,steel,steel_stock,lunar_candidate,local_nominal,recipe_ebf3_positioning_base_frame_crossmember_set,,,,EBF3 positioning base frame crossmember set,Level-3 child of FS-1. Crossmembers tying the positioning base frame rails together.
ebf3_positioning_base_frame_mounting_foot_set,kb/items/parts/ebf3_positioning_base_frame_mounting_foot_set.yaml,0.8,steel,steel,lunar_candidate,local_nominal,recipe_ebf3_positioning_base_frame_mounting_foot_set,,,,EBF3 positioning base frame mounting foot set,Level-3 child of FS-1. Mounting feet or pads connecting the positioning base frame to the cabin floor interface.
ebf3_positioning_base_frame_rail_set,kb/items/parts/ebf3_positioning_base_frame_rail_set.yaml,4.0,steel,steel_structural_stock,lunar_candidate_flagged,sensitivity_flag,recipe_ebf3_positioning_base_frame_rail_set,,,,EBF3 positioning base frame rail set,Level-3 child of FS-1. Structural rail set for the positioning base frame.
ebf3_positioning_bellows_end_retainer_set,kb/items/parts/ebf3_positioning_bellows_end_retainer_set.yaml,0.18,steel,steel_retainer,lunar_candidate,local_nominal,recipe_ebf3_positioning_bellows_end_retainer_set,,,,EBF3 positioning bellows end retainer set,Child of ebf3_positioning_bellows_cover. End retainer set for EBF3 positioning bellows cover.
ebf3_positioning_bellows_folded_cover,kb/items/parts/ebf3_positioning_bellows_folded_cover.yaml,0.55,steel,steel_plate_or_sheet,route_gap,import_until_gap_resolved,,True,,,EBF3 positioning bellows folded cover,Child of ebf3_positioning_bellows_cover. Folded bellows cover for EBF3 positioning bellows cover.
ebf3_positioning_bellows_mounting_tab_set,kb/items/parts/ebf3_positioning_bellows_mounting_tab_set.yaml,0.07,steel,steel,lunar_candidate,local_nominal,recipe_ebf3_positioning_bellows_mounting_tab_set,,,,EBF3 positioning bellows mounting tab set,Child of ebf3_positioning_bellows_cover. Mounting tab set for EBF3 positioning bellows cover.
ebf3_positioning_feedthrough_air_side_connector,kb/items/parts/ebf3_positioning_feedthrough_air_side_connector.yaml,0.08,composite,composite,import_as_leaf,import_nominal,,True,item_material_family_only;route_material_basis_family_only,medium,EBF3 positioning feedthrough air-side connector,"Child of ebf3_positioning_electrical_feedthrough. Air-side connector or terminal interface toward external power-supply outputs and controls acquisition. It keeps the external side visible without moving drivers or DAQ into the positioning subsystem. Connector family, service boundary, shielding, an"
ebf3_positioning_feedthrough_flange,kb/items/parts/ebf3_positioning_feedthrough_flange.yaml,0.2,steel,steel,lunar_candidate_flagged,sensitivity_flag,recipe_ebf3_positioning_feedthrough_flange,,,,EBF3 positioning feedthrough flange,"Child of ebf3_positioning_electrical_feedthrough. Local flange or body mount for the positioning-specific feedthrough insert. It is not the generic cabin wall port or a shared chamber feedthrough plate. Seal geometry, bolt pattern, material choice, and first-pass manufacturing/import route is record"
ebf3_positioning_feedthrough_insulator_body,kb/items/parts/ebf3_positioning_feedthrough_insulator_body.yaml,0.4,ceramic,alumina_ceramic_v0,route_gap,import_until_gap_resolved,,True,item_material_family_only,medium,EBF3 positioning feedthrough insulator body,"Child of ebf3_positioning_electrical_feedthrough. Ceramic or insulating body for the positioning-specific electrical feedthrough. It isolates motor-power and signal pins through the chamber boundary while the cabin owns only the passive port/flange opening. Ceramic grade, pin sealing, creepage/clear"
ebf3_positioning_feedthrough_motor_power_pin_set,kb/items/parts/ebf3_positioning_feedthrough_motor_power_pin_set.yaml,0.18,conductive_metal,alumina_ceramic_v0,route_gap,import_until_gap_resolved,,True,item_material_family_only,medium,EBF3 positioning feedthrough motor power pin set,"Child of ebf3_positioning_electrical_feedthrough. Motor-power pin set for passing positioning-axis driver current through the vacuum boundary. Power driver electronics remain in power supplies, and chamber passive ports remain in the cabin. Pin count, current rating, conductor material, insulation s"
ebf3_positioning_feedthrough_shield_termination_interface,kb/items/parts/ebf3_positioning_feedthrough_shield_termination_interface.yaml,0.05,conductive_metal,aluminum_or_steel_conductor,lunar_candidate_flagged,sensitivity_flag,recipe_ebf3_positioning_feedthrough_shield_termination_interface,,item_material_family_only,medium,EBF3 positioning feedthrough shield termination interface,"Child of ebf3_positioning_electrical_feedthrough. Shield termination/interface marker for positioning motor and signal wiring at the feedthrough boundary. It does not define protective grounding, HV return, controls acquisition, or cable shield policy for the whole machine. Termination geometry, iso"
ebf3_positioning_feedthrough_signal_pin_set,kb/items/parts/ebf3_positioning_feedthrough_signal_pin_set.yaml,0.08,conductive_metal,kovar_or_copper_alloy_pin_set,earth_import,import_nominal,,True,item_material_family_only,medium,EBF3 positioning feedthrough signal pin set,"Child of ebf3_positioning_electrical_feedthrough. Signal pin set for positioning encoder, limit switch, home sensor, or related feedback wiring. Controls own acquisition and interpretation; this item only represents the positioning-specific vacuum-boundary pins. Pin count, shielding, isolation, sign"
ebf3_positioning_feedthrough_vacuum_side_connector,kb/items/parts/ebf3_positioning_feedthrough_vacuum_side_connector.yaml,0.08,composite,composite,import_as_leaf,import_nominal,,True,item_material_family_only;route_material_basis_family_only,medium,EBF3 positioning feedthrough vacuum-side connector,"Child of ebf3_positioning_electrical_feedthrough. Vacuum-side connector or terminal interface for positioning motor and sensor wiring inside the chamber. It does not include external controls harnessing or power driver hardware. Connector family, vacuum compatibility, material choices, and first-pas"
ebf3_positioning_motor_cable_insulation_set,kb/items/parts/ebf3_positioning_motor_cable_insulation_set.yaml,0.24,polymer,vacuum_rated_polymer_insulation,earth_import,import_nominal,,True,item_material_family_only,medium,EBF3 positioning motor cable insulation set,Child of ebf3_vacuum_compatible_motor_cabling. Motor cable insulation set for EBF3 vacuum-compatible motor cabling.
ebf3_positioning_motor_cable_shield_set,kb/items/parts/ebf3_positioning_motor_cable_shield_set.yaml,0.16,steel_or_aluminum,aluminum_or_steel_shield,route_gap,import_until_gap_resolved,,True,,,EBF3 positioning motor cable shield set,Child of ebf3_vacuum_compatible_motor_cabling. Motor cable shield set for EBF3 vacuum-compatible motor cabling.
ebf3_positioning_motor_cable_termination_set,kb/items/parts/ebf3_positioning_motor_cable_termination_set.yaml,0.08,composite,composite,defer_split_import_fallback,import_until_gap_resolved,,True,item_material_family_only;route_material_basis_family_only,medium,EBF3 positioning motor cable termination set,Child of ebf3_vacuum_compatible_motor_cabling. Motor cable termination set for EBF3 vacuum-compatible motor cabling.
ebf3_positioning_motor_power_conductor_set,kb/items/parts/ebf3_positioning_motor_power_conductor_set.yaml,0.32,aluminum,aluminum_wire_with_vacuum_insulation,route_gap,import_until_gap_resolved,,True,,,EBF3 positioning motor power conductor set,Child of ebf3_vacuum_compatible_motor_cabling. Motor power conductor set for EBF3 vacuum-compatible motor cabling.
ebf3_positioning_signal_cable_insulation_set,kb/items/parts/ebf3_positioning_signal_cable_insulation_set.yaml,0.2,polymer,silicone_rubber,earth_import,import_nominal,,True,item_material_family_only,medium,EBF3 positioning signal cable insulation set,Child of ebf3_vacuum_compatible_signal_cabling. Signal cable insulation set for EBF3 vacuum-compatible signal cabling.
ebf3_positioning_signal_cable_shield_set,kb/items/parts/ebf3_positioning_signal_cable_shield_set.yaml,0.18,steel_or_aluminum,plain_steel_or_aluminum_braid,route_gap,import_until_gap_resolved,,True,,,EBF3 positioning signal cable shield set,Child of ebf3_vacuum_compatible_signal_cabling. Signal cable shield set for EBF3 vacuum-compatible signal cabling.
ebf3_positioning_signal_cable_termination_set,kb/items/parts/ebf3_positioning_signal_cable_termination_set.yaml,0.08,composite,composite,defer_split_import_fallback,import_until_gap_resolved,,True,item_material_family_only;route_material_basis_family_only,medium,EBF3 positioning signal cable termination set,Child of ebf3_vacuum_compatible_signal_cabling. Signal cable termination set for EBF3 vacuum-compatible signal cabling.
ebf3_positioning_signal_conductor_set,kb/items/parts/ebf3_positioning_signal_conductor_set.yaml,0.24,aluminum,aluminum_signal_conductor,route_gap,import_until_gap_resolved,,True,,,EBF3 positioning signal conductor set,Child of ebf3_vacuum_compatible_signal_cabling. Signal conductor set for EBF3 vacuum-compatible signal cabling.
ebf3_power_electronics_cold_plate_port_interface_set,kb/items/parts/ebf3_power_electronics_cold_plate_port_interface_set.yaml,0.3,aluminum,aluminum_cold_plate_port,lunar_candidate_flagged,sensitivity_flag,recipe_ebf3_power_electronics_cold_plate_port_interface_set,,,,EBF3 power electronics cold plate port interface set,Cold-plate port/interface hardware for the EBF3 power electronics thermal path. Child of `ebf3_power_electronics_cooling_duct_or_line_set` from research/ebf3_bom_sources/organized/split_before_route_leaf_decomposition_plan.md.
ebf3_power_electronics_conductive_cooling_line_or_strap_set,kb/items/parts/ebf3_power_electronics_conductive_cooling_line_or_strap_set.yaml,0.3,aluminum,aluminum_alloy_ingot,lunar_candidate,local_nominal,recipe_ebf3_power_electronics_conductive_cooling_line_or_strap_set,,,,EBF3 power electronics conductive cooling line or strap set,Conductive cooling line or strap hardware for the EBF3 power electronics thermal path. Child of `ebf3_power_electronics_cooling_duct_or_line_set` from research/ebf3_bom_sources/organized/split_before_route_leaf_decomposition_plan.md.
ebf3_power_electronics_cooling_line_support_clamp_set,kb/items/parts/ebf3_power_electronics_cooling_line_support_clamp_set.yaml,0.1,steel,steel,lunar_candidate,local_nominal,recipe_ebf3_power_electronics_cooling_line_support_clamp_set,,,,EBF3 power electronics cooling line support clamp set,Support clamp hardware for the EBF3 power electronics cooling line path. Child of `ebf3_power_electronics_cooling_duct_or_line_set` from research/ebf3_bom_sources/organized/split_before_route_leaf_decomposition_plan.md.
ebf3_power_electronics_cooling_plate_set,kb/items/parts/ebf3_power_electronics_cooling_plate_set.yaml,2.0,aluminum,aluminum_plate,lunar_candidate_flagged,sensitivity_flag,recipe_ebf3_power_electronics_cooling_plate_set,,,,EBF3 power electronics cooling plate set,Child of ebf3_power_electronics_thermal_management. Cooling plate set for EBF3 power-electronics thermal management hardware.
ebf3_power_electronics_fan_or_pump_module,kb/items/parts/ebf3_power_electronics_fan_or_pump_module.yaml,1.5,electronic,electronic,import_as_leaf,import_nominal,,True,item_material_family_only;route_material_basis_family_only,high,EBF3 power electronics fan or pump module,Child of ebf3_power_electronics_thermal_management. Fan or pump module for EBF3 power-electronics thermal management hardware. Exact specification and first-pass manufacturing/import route is recorded in the linked EBF3 route-review recipe.
ebf3_power_electronics_heat_sink_set,kb/items/parts/ebf3_power_electronics_heat_sink_set.yaml,3.0,aluminum,aluminum_heat_sink,lunar_candidate_flagged,sensitivity_flag,recipe_ebf3_power_electronics_heat_sink_set,,,,EBF3 power electronics heat sink set,Child of ebf3_power_electronics_thermal_management. Heat sink set for EBF3 power-electronics thermal management hardware.
ebf3_power_electronics_thermal_interface_set,kb/items/parts/ebf3_power_electronics_thermal_interface_set.yaml,0.8,composite,thermal_interface_composite,route_gap,import_until_gap_resolved,,True,item_material_family_only,medium,EBF3 power electronics thermal interface set,Child of ebf3_power_electronics_thermal_management. Thermal interface set for EBF3 power-electronics thermal management hardware.
ebf3_power_input_cable_conductor_set,kb/items/parts/ebf3_power_input_cable_conductor_set.yaml,0.7,aluminum_or_copper_conductor,aluminum_or_copper_power_conductor,route_gap,import_until_gap_resolved,,True,,,EBF3 power input cable conductor set,Child of ebf3_power_input_cable_gland. Power input conductor set for EBF3 power input cable and gland.
ebf3_power_input_cable_insulation_set,kb/items/parts/ebf3_power_input_cable_insulation_set.yaml,0.5,polymer,mixed_electrical_or_polymer_harness,earth_import,import_nominal,,True,item_material_family_only,medium,EBF3 power input cable insulation set,Child of ebf3_power_input_cable_gland. Cable insulation set for EBF3 power input cable and gland.
ebf3_power_input_gland_body,kb/items/parts/ebf3_power_input_gland_body.yaml,0.5,steel,steel,lunar_candidate_flagged,sensitivity_flag,recipe_ebf3_power_input_gland_body,,,,EBF3 power input gland body,Child of ebf3_power_input_cable_gland. Gland body for EBF3 power input cable and gland.
ebf3_power_input_gland_seal,kb/items/parts/ebf3_power_input_gland_seal.yaml,0.3,polymer,silicone_rubber,earth_import,import_nominal,,True,item_material_family_only,medium,EBF3 power input gland seal,Child of ebf3_power_input_cable_gland. Gland seal for EBF3 power input cable and gland.
ebf3_pressure_adjustment_knob_body,kb/items/parts/ebf3_pressure_adjustment_knob_body.yaml,0.13,polymer,steel_stock,lunar_candidate,local_nominal,recipe_ebf3_pressure_adjustment_knob_body,,item_material_family_only,medium,EBF3 pressure adjustment knob body,Child of ebf3_pressure_adjustment_knob. Knob body for EBF3 pressure adjustment knob.
ebf3_pressure_adjustment_threaded_insert,kb/items/parts/ebf3_pressure_adjustment_threaded_insert.yaml,0.07,steel,steel,lunar_candidate,local_nominal,recipe_ebf3_pressure_adjustment_threaded_insert,,,,EBF3 pressure adjustment threaded insert,Child of ebf3_pressure_adjustment_knob. Threaded insert for EBF3 pressure adjustment knob.
ebf3_pressure_spring,kb/items/parts/ebf3_pressure_spring.yaml,0.3,steel,steel_bar_stock,route_gap,import_until_gap_resolved,,True,,,EBF3 pressure spring,"WF-15. Spring providing drive-roll pressure force. Intentional Level-2 single-part spring leaf; spring rate, wire diameter, alloy, and heat treatment remain material/process details. See research/ebf3_bom_sources/organized/wire_feeder_level_2_audit.md. First-pass manufacturing/import route is record"
ebf3_primary_transformer_core,kb/items/parts/ebf3_primary_transformer_core.yaml,1.5,electrical_steel_or_soft_iron,electrical_steel_sheet,route_gap,import_until_gap_resolved,,True,,,EBF3 primary transformer core,Child of ebf3_primary_isolation_transformer. Transformer core for EBF3 primary isolation transformer.
ebf3_primary_transformer_insulation_set,kb/items/parts/ebf3_primary_transformer_insulation_set.yaml,0.6,insulator,high_voltage_insulation_material,earth_import,import_nominal,,True,item_material_family_only,medium,EBF3 primary transformer insulation set,Child of ebf3_primary_isolation_transformer. Insulation set for EBF3 primary isolation transformer.
ebf3_primary_transformer_mount,kb/items/parts/ebf3_primary_transformer_mount.yaml,0.6,steel,steel_stock,lunar_candidate,local_nominal,recipe_ebf3_primary_transformer_mount,,,,EBF3 primary transformer mount,Child of ebf3_primary_isolation_transformer. Mount for EBF3 primary isolation transformer.
ebf3_primary_transformer_winding_set,kb/items/parts/ebf3_primary_transformer_winding_set.yaml,1.3,aluminum,aluminum_conductor,route_gap,import_until_gap_resolved,,True,,,EBF3 primary transformer winding set,Child of ebf3_primary_isolation_transformer. Winding set for EBF3 primary isolation transformer.
ebf3_realtime_processor_board,kb/items/parts/ebf3_realtime_processor_board.yaml,0.55,electronic,electronic,import_as_leaf,import_nominal,,True,item_material_family_only;route_material_basis_family_only,medium,EBF3 realtime processor board,Child of ebf3_realtime_control_processor. Real-time processor board for EBF3 real-time control processor.
ebf3_realtime_processor_connector_set,kb/items/parts/ebf3_realtime_processor_connector_set.yaml,0.2,electronic,electronic,import_as_leaf,import_nominal,,True,item_material_family_only;route_material_basis_family_only,medium,EBF3 realtime processor connector set,Child of ebf3_realtime_control_processor. Connector set for EBF3 real-time control processor.
ebf3_realtime_processor_enclosure,kb/items/parts/ebf3_realtime_processor_enclosure.yaml,0.25,steel,steel_plate_or_sheet,lunar_candidate,local_nominal,recipe_ebf3_realtime_processor_enclosure,,,,EBF3 realtime processor enclosure,Child of ebf3_realtime_control_processor. Enclosure for EBF3 real-time control processor.
ebf3_ripple_inductor_core,kb/items/parts/ebf3_ripple_inductor_core.yaml,0.35,electrical_steel_or_soft_iron,electrical_steel_or_ferrite_core,route_gap,import_until_gap_resolved,,True,,,EBF3 ripple inductor core,Child of ebf3_ripple_damping_inductor. Magnetic core for EBF3 ripple damping inductor.
ebf3_ripple_inductor_insulation_set,kb/items/parts/ebf3_ripple_inductor_insulation_set.yaml,0.12,insulator,coil_insulation_material,earth_import,import_nominal,,True,item_material_family_only,medium,EBF3 ripple inductor insulation set,Child of ebf3_ripple_damping_inductor. Insulation set for EBF3 ripple damping inductor.
ebf3_ripple_inductor_mount,kb/items/parts/ebf3_ripple_inductor_mount.yaml,0.08,steel,steel_stock,lunar_candidate,local_nominal,recipe_ebf3_ripple_inductor_mount,,,,EBF3 ripple inductor mount,Child of ebf3_ripple_damping_inductor. Mount for EBF3 ripple damping inductor.
ebf3_ripple_inductor_winding,kb/items/parts/ebf3_ripple_inductor_winding.yaml,0.45,aluminum,aluminum_conductor,route_gap,import_until_gap_resolved,,True,,,EBF3 ripple inductor winding,Child of ebf3_ripple_damping_inductor. Inductor winding for EBF3 ripple damping inductor.
ebf3_rotary_axis_bearing_inner_ring,kb/items/parts/ebf3_rotary_axis_bearing_inner_ring.yaml,1.1,bearing_steel,bearing_steel,route_gap,import_until_gap_resolved,,True,,,EBF3 rotary axis bearing inner ring,Child of ebf3_rotary_axis_bearing. Bearing inner ring for EBF3 rotary axis bearing.
ebf3_rotary_axis_bearing_outer_ring,kb/items/parts/ebf3_rotary_axis_bearing_outer_ring.yaml,1.3,bearing_steel,hardened_bearing_steel,route_gap,import_until_gap_resolved,,True,,,EBF3 rotary axis bearing outer ring,Child of ebf3_rotary_axis_bearing. Bearing outer ring for EBF3 rotary axis bearing.
ebf3_rotary_axis_bearing_retainer,kb/items/parts/ebf3_rotary_axis_bearing_retainer.yaml,0.4,steel,steel_stock,lunar_candidate,local_nominal,recipe_ebf3_rotary_axis_bearing_retainer,,,,EBF3 rotary axis bearing retainer,Child of ebf3_rotary_axis_bearing. Bearing retainer for EBF3 rotary axis bearing.
ebf3_rotary_axis_bearing_rolling_element_set,kb/items/parts/ebf3_rotary_axis_bearing_rolling_element_set.yaml,1.2,bearing_steel,bearing_steel,route_gap,import_until_gap_resolved,,True,,,EBF3 rotary axis bearing rolling element set,Child of ebf3_rotary_axis_bearing. Rolling element set for EBF3 rotary axis bearing.
ebf3_rotary_axis_table_hub,kb/items/parts/ebf3_rotary_axis_table_hub.yaml,1.4,precision_metal,steel,lunar_candidate_flagged,sensitivity_flag,recipe_ebf3_rotary_axis_table_hub,,item_material_family_only,high,EBF3 rotary axis table hub,Level-3 child of FS-17. Hub or central interface between the rotary table plate and bearing/drive structure.
ebf3_rotary_axis_table_mounting_pattern,kb/items/parts/ebf3_rotary_axis_table_mounting_pattern.yaml,0.6,precision_metal,steel_plate_or_sheet,lunar_candidate,local_nominal,recipe_ebf3_rotary_axis_table_mounting_pattern,,item_material_family_only,medium,EBF3 rotary axis table mounting pattern,Level-3 child of FS-17. Mounting-hole/datum feature set for attaching substrate tooling or platform hardware to the rotary table.
ebf3_rotary_axis_table_plate,kb/items/parts/ebf3_rotary_axis_table_plate.yaml,3.0,precision_metal,steel_plate_or_sheet,lunar_candidate_flagged,sensitivity_flag,recipe_ebf3_rotary_axis_table_plate,,item_material_family_only,high,EBF3 rotary axis table plate,Level-3 child of FS-17. Rotary build-table plate.
ebf3_rotary_encoder_read_head,kb/items/parts/ebf3_rotary_encoder_read_head.yaml,0.22,electronic,electronic,import_as_leaf,import_nominal,,True,item_material_family_only;route_material_basis_family_only,medium,EBF3 rotary encoder read head,Child of ebf3_rotary_encoder. Rotary encoder read head for EBF3 rotary encoder.
ebf3_rotary_encoder_scale_ring,kb/items/parts/ebf3_rotary_encoder_scale_ring.yaml,0.18,glass,glass,earth_import,import_nominal,,True,item_material_family_only;route_material_basis_family_only,medium,EBF3 rotary encoder scale ring,Child of ebf3_rotary_encoder. Encoder scale ring for EBF3 rotary encoder.
ebf3_rotary_encoder_signal_lead,kb/items/parts/ebf3_rotary_encoder_signal_lead.yaml,0.1,composite,mixed_electrical_or_polymer_harness,earth_import,import_nominal,,True,item_material_family_only,medium,EBF3 rotary encoder signal lead,Child of ebf3_rotary_encoder. Encoder signal lead for EBF3 rotary encoder.
ebf3_rotary_worm_shaft,kb/items/parts/ebf3_rotary_worm_shaft.yaml,1.5,hardened_steel,hardened_steel,defer_split_import_fallback,import_until_gap_resolved,,True,,,EBF3 rotary worm shaft,"FS-20. Threaded worm shaft driving the rotary-axis worm wheel. Rotary motor hardware is covered by the broader FS-9 axis motor row until a later motor/rotary-drive decomposition separates it. Intentional Level-2 precision metal leaf; thread profile, bearing seats, material pairing, lubrication, and "
ebf3_rotary_worm_wheel,kb/items/parts/ebf3_rotary_worm_wheel.yaml,2.0,bronze_or_hardened_steel,bronze_or_hardened_steel,defer_split_import_fallback,import_until_gap_resolved,,True,,,EBF3 rotary worm wheel,"FS-19. Worm wheel for the rotary-axis worm-drive pair. This replaces the earlier broader worm-gear placeholder at the top-level source-table row; worm shaft is modeled separately. Intentional Level-2 precision metal leaf; tooth geometry, material pairing, lubrication, and first-pass manufacturing/im"
ebf3_safety_logic_board,kb/items/parts/ebf3_safety_logic_board.yaml,0.55,electronic,electronic,import_as_leaf,import_nominal,,True,item_material_family_only;route_material_basis_family_only,medium,EBF3 safety logic board,Child of ebf3_safety_blocking_logic. Safety logic board for EBF3 safety and blocking logic.
ebf3_safety_logic_enclosure,kb/items/parts/ebf3_safety_logic_enclosure.yaml,0.25,steel,steel_plate_or_sheet,lunar_candidate,local_nominal,recipe_ebf3_safety_logic_enclosure,,,,EBF3 safety logic enclosure,Child of ebf3_safety_blocking_logic. Enclosure for EBF3 safety and blocking logic.
ebf3_safety_logic_terminal_block_set,kb/items/parts/ebf3_safety_logic_terminal_block_set.yaml,0.25,electronic,mixed_electrical_or_polymer_harness,earth_import,import_nominal,,True,item_material_family_only,medium,EBF3 safety logic terminal block set,Child of ebf3_safety_blocking_logic. Terminal block set for EBF3 safety and blocking logic.
ebf3_safety_relay_or_interlock_set,kb/items/parts/ebf3_safety_relay_or_interlock_set.yaml,0.45,electronic,electronic,import_as_leaf,import_nominal,,True,item_material_family_only;route_material_basis_family_only,medium,EBF3 safety relay or interlock set,Child of ebf3_safety_blocking_logic. Relay or interlock set for EBF3 safety and blocking logic.
ebf3_sensor_interface_board,kb/items/parts/ebf3_sensor_interface_board.yaml,0.35,electronic,electronic,import_as_leaf,import_nominal,,True,item_material_family_only;route_material_basis_family_only,medium,EBF3 sensor interface board,Child of ebf3_sensor_interface_module. Sensor interface board for EBF3 sensor interface module.
ebf3_sensor_interface_connector_set,kb/items/parts/ebf3_sensor_interface_connector_set.yaml,0.1,electronic,electronic,import_as_leaf,import_nominal,,True,item_material_family_only;route_material_basis_family_only,medium,EBF3 sensor interface connector set,Child of ebf3_sensor_interface_module. Connector set for EBF3 sensor interface module.
ebf3_sensor_interface_shield,kb/items/parts/ebf3_sensor_interface_shield.yaml,0.05,aluminum,aluminum_sheet,lunar_candidate,local_nominal,recipe_ebf3_sensor_interface_shield,,,,EBF3 sensor interface shield,Child of ebf3_sensor_interface_module. Shield for EBF3 sensor interface module.
ebf3_sensor_signal_conditioning_front_end,kb/items/parts/ebf3_sensor_signal_conditioning_front_end.yaml,0.2,electronic,electronic,import_as_leaf,import_nominal,,True,item_material_family_only;route_material_basis_family_only,medium,EBF3 sensor signal conditioning front end,Child of ebf3_sensor_interface_module. Signal conditioning front end for EBF3 sensor interface module.
ebf3_spatter_shield_mounting_tab_set,kb/items/parts/ebf3_spatter_shield_mounting_tab_set.yaml,0.15,steel_or_aluminum,steel_or_aluminum,lunar_candidate,local_nominal,recipe_ebf3_spatter_shield_mounting_tab_set,,,,EBF3 spatter shield mounting tab set,Child of ebf3_spatter_shielding. Mounting tab set for EBF3 positioning spatter shielding.
ebf3_spatter_shield_panel_set,kb/items/parts/ebf3_spatter_shield_panel_set.yaml,1.1,steel,steel_plate_or_sheet,lunar_candidate,local_nominal,recipe_ebf3_spatter_shield_panel_set,,,,EBF3 spatter shield panel set,Child of ebf3_spatter_shielding. Spatter shield panel set for EBF3 positioning spatter shielding.
ebf3_spatter_shield_retainer_set,kb/items/parts/ebf3_spatter_shield_retainer_set.yaml,0.25,steel,steel_stock,lunar_candidate,local_nominal,recipe_ebf3_spatter_shield_retainer_set,,,,EBF3 spatter shield retainer set,Child of ebf3_spatter_shielding. Shield retainer set for EBF3 positioning spatter shielding.
ebf3_spool_brake_adjuster_knob,kb/items/parts/ebf3_spool_brake_adjuster_knob.yaml,0.07,steel,steel_stock,lunar_candidate,local_nominal,recipe_ebf3_spool_brake_adjuster_knob,,,,EBF3 spool brake adjuster knob,Child of ebf3_spool_brake_adjuster. Adjuster knob for EBF3 spool brake adjuster.
ebf3_spool_brake_adjuster_lock_nut,kb/items/parts/ebf3_spool_brake_adjuster_lock_nut.yaml,0.03,steel,steel_fastener_set,lunar_candidate,local_nominal,recipe_ebf3_spool_brake_adjuster_lock_nut,,,,EBF3 spool brake adjuster lock nut,Child of ebf3_spool_brake_adjuster. Lock nut for EBF3 spool brake adjuster.
ebf3_spool_brake_adjuster_screw,kb/items/parts/ebf3_spool_brake_adjuster_screw.yaml,0.1,steel,steel_fastener_set,lunar_candidate,local_nominal,recipe_ebf3_spool_brake_adjuster_screw,,,,EBF3 spool brake adjuster screw,Child of ebf3_spool_brake_adjuster. Adjuster screw for EBF3 spool brake adjuster.
ebf3_spool_brake_washer,kb/items/parts/ebf3_spool_brake_washer.yaml,0.08,steel,steel,lunar_candidate_flagged,sensitivity_flag,recipe_ebf3_spool_brake_washer,,,,EBF3 spool brake washer,WF-5. Brake washer adding friction to prevent spool overrun. See research/ebf3_bom_sources/organized/wire_feeder_level_2_audit.md. First-pass manufacturing/import route is recorded in the linked EBF3 route-review recipe.
ebf3_spool_hub,kb/items/parts/ebf3_spool_hub.yaml,0.6,steel,steel,lunar_candidate,local_nominal,recipe_ebf3_spool_hub,,,,EBF3 spool hub,"WF-2. Hub supporting spool bore and rotation. Intentional Level-2 single-part leaf for the current feeder model; split only if a later spool/hub design introduces bearings, bushings, or a multi-part hub. See research/ebf3_bom_sources/organized/wire_feeder_level_2_audit.md. First-pass manufacturing/i"
ebf3_spool_retaining_ring,kb/items/parts/ebf3_spool_retaining_ring.yaml,0.03,steel,steel_retaining_ring,route_gap,import_until_gap_resolved,,True,,,EBF3 spool retaining ring,WF-4. Retaining ring preventing spool/hub axial displacement. Intentional Level-2 single-part leaf; groove geometry and spring material remain later material/process details. See research/ebf3_bom_sources/organized/wire_feeder_level_2_audit.md. First-pass manufacturing/import route is recorded in th
ebf3_spool_support_shaft,kb/items/parts/ebf3_spool_support_shaft.yaml,0.5,steel,steel_bar_stock,lunar_candidate_flagged,sensitivity_flag,recipe_ebf3_spool_support_shaft,,,,EBF3 spool support shaft,"WF-3. Support shaft for spool hub rotation. Intentional Level-2 single-part shaft leaf; bearing seats, thread ends, and surface finish remain material and process details, not child BOMs yet. See research/ebf3_bom_sources/organized/wire_feeder_level_2_audit.md. First-pass manufacturing/import route "
ebf3_substrate_clamp_insulating_pad_set,kb/items/parts/ebf3_substrate_clamp_insulating_pad_set.yaml,0.2,ceramic,alumina_ceramic,lunar_candidate_flagged,sensitivity_flag,recipe_ebf3_substrate_clamp_insulating_pad_set,,item_material_family_only,medium,EBF3 substrate clamp insulating pad set,Level-3 child of FS-23. Local pads used where the clamp needs thermal or electrical isolation.
ebf3_substrate_clamp_jaw_set,kb/items/parts/ebf3_substrate_clamp_jaw_set.yaml,0.55,steel,steel,lunar_candidate_flagged,sensitivity_flag,recipe_ebf3_substrate_clamp_jaw_set,,,,EBF3 substrate clamp jaw set,Level-3 child of FS-23. Clamp jaws for holding the substrate or base plate.
ebf3_substrate_clamp_screw_set,kb/items/parts/ebf3_substrate_clamp_screw_set.yaml,0.25,steel,steel_fastener_set,lunar_candidate_flagged,sensitivity_flag,recipe_ebf3_substrate_clamp_screw_set,,,,EBF3 substrate clamp screw set,Level-3 child of FS-23. Clamp screws or threaded hold-down hardware.
ebf3_tank_side_bushing_cable_socket_interface,kb/items/parts/ebf3_tank_side_bushing_cable_socket_interface.yaml,0.2,composite,composite,import_as_leaf,import_nominal,,True,item_material_family_only;route_material_basis_family_only,medium,EBF3 tank-side bushing cable socket interface,Child of HV-8. Socket or receiving interface for the HV cable on the tank side. This is a package marker to keep the tank-side cable interface out of the main cable body and out of the gun-side HV input.
ebf3_tank_side_bushing_central_conductor,kb/items/parts/ebf3_tank_side_bushing_central_conductor.yaml,0.25,aluminum,aluminum_conductor,lunar_candidate_flagged,sensitivity_flag,recipe_ebf3_tank_side_bushing_central_conductor,,,,EBF3 tank-side bushing central conductor,"Child of HV-8. Central conductor for the tank-side high-voltage output bushing. This is a tank-side package marker, not the cable conductor or gun-side input conductor."
ebf3_tank_side_bushing_field_grading_shield,kb/items/parts/ebf3_tank_side_bushing_field_grading_shield.yaml,0.12,conductive_metal,aluminum_alloy_ingot,lunar_candidate_flagged,sensitivity_flag,recipe_ebf3_tank_side_bushing_field_grading_shield,,item_material_family_only,medium,EBF3 tank-side bushing field grading shield,"Level-3 child of HV-8. Tank-side field-grading or corona-control shield marker associated with the HV output bushing/socket interface. This is separate from gun-side insulator field grading and does not define the final connector geometry. Shape, potential connection, material, surface finish, oil e"
ebf3_tank_side_bushing_insulator_body,kb/items/parts/ebf3_tank_side_bushing_insulator_body.yaml,0.75,ceramic,alumina_ceramic,route_gap,import_until_gap_resolved,,True,item_material_family_only,medium,EBF3 tank-side bushing insulator body,"Child of HV-8. Insulating body for the tank-side high-voltage output bushing. This keeps the tank-wall insulation function visible without deciding whether the final design is ceramic, oil-impregnated paper, or another HV insulation construction."
ebf3_tank_side_bushing_mounting_flange,kb/items/parts/ebf3_tank_side_bushing_mounting_flange.yaml,0.3,steel,steel,lunar_candidate_flagged,sensitivity_flag,recipe_ebf3_tank_side_bushing_mounting_flange,,,,EBF3 tank-side bushing mounting flange,"Child of HV-8. Tank-side mounting flange or housing for the output bushing. This is the local tank-wall mechanical interface, not the chamber gun port or the gun-side HV input flange."
ebf3_thermal_imager_housing,kb/items/parts/ebf3_thermal_imager_housing.yaml,0.2,aluminum,aluminum_housing,lunar_candidate,local_nominal,recipe_ebf3_thermal_imager_housing,,,,EBF3 thermal imager housing,Child of ebf3_thermal_imaging_monitoring_system. Housing for EBF3 thermal imaging monitoring system.
ebf3_thermal_imager_lens_assembly,kb/items/parts/ebf3_thermal_imager_lens_assembly.yaml,0.25,glass,glass,import_as_leaf,import_nominal,,True,item_material_family_only;route_material_basis_family_only,medium,EBF3 thermal imager lens assembly,Child of ebf3_thermal_imaging_monitoring_system. Lens assembly for EBF3 thermal imaging monitoring system.
ebf3_thermal_imager_processing_board,kb/items/parts/ebf3_thermal_imager_processing_board.yaml,0.2,electronic,electronic,import_as_leaf,import_nominal,,True,item_material_family_only;route_material_basis_family_only,medium,EBF3 thermal imager processing board,Child of ebf3_thermal_imaging_monitoring_system. Processing board for EBF3 thermal imaging monitoring system.
ebf3_thermal_imager_sensor_module,kb/items/parts/ebf3_thermal_imager_sensor_module.yaml,0.35,electronic,electronic,import_as_leaf,import_nominal,,True,item_material_family_only;route_material_basis_family_only,medium,EBF3 thermal imager sensor module,Child of ebf3_thermal_imaging_monitoring_system. Thermal sensor module for EBF3 thermal imaging monitoring system.
ebf3_thermal_isolation_standoff_body_set,kb/items/parts/ebf3_thermal_isolation_standoff_body_set.yaml,0.3,insulator,alumina_ceramic_v0,lunar_candidate_flagged,sensitivity_flag,recipe_ebf3_thermal_isolation_standoff_body_set,,item_material_family_only,medium,EBF3 thermal isolation standoff body set,Child of ebf3_thermal_isolation_standoffs. Thermal isolation standoff body set for EBF3 thermal isolation standoffs.
ebf3_thermal_isolation_standoff_fastener_interface_set,kb/items/parts/ebf3_thermal_isolation_standoff_fastener_interface_set.yaml,0.04,ceramic,alumina_ceramic,lunar_candidate_flagged,sensitivity_flag,recipe_ebf3_thermal_isolation_standoff_fastener_interface_set,,item_material_family_only,medium,EBF3 thermal isolation standoff fastener interface set,Child of ebf3_thermal_isolation_standoffs. Fastener interface set for EBF3 thermal isolation standoffs.
ebf3_thermal_isolation_standoff_washer_set,kb/items/parts/ebf3_thermal_isolation_standoff_washer_set.yaml,0.06,insulator,alumina_ceramic_v0,lunar_candidate_flagged,sensitivity_flag,recipe_ebf3_thermal_isolation_standoff_washer_set,,item_material_family_only,medium,EBF3 thermal isolation standoff washer set,Child of ebf3_thermal_isolation_standoffs. Insulating washer set for EBF3 thermal isolation standoffs.
ebf3_timebase_oscillator_module,kb/items/parts/ebf3_timebase_oscillator_module.yaml,0.1,electronic,electronic,import_as_leaf,import_nominal,,True,item_material_family_only;route_material_basis_family_only,medium,EBF3 timebase oscillator module,Child of ebf3_data_logger_timebase. Timebase oscillator module for EBF3 data logger and timebase.
ebf3_transformer_insulation_barrier_set,kb/items/parts/ebf3_transformer_insulation_barrier_set.yaml,0.6,insulator,high_voltage_insulation_material,earth_import,import_nominal,,True,item_material_family_only,medium,EBF3 transformer insulation barrier set,Child of HV-7. Barrier set maintaining oil-side insulation distance among HV transformer/rectifier/filter sections.
ebf3_transformer_spacer_post_set,kb/items/parts/ebf3_transformer_spacer_post_set.yaml,0.4,insulator,alumina_ceramic_v0,route_gap,import_until_gap_resolved,,True,item_material_family_only,medium,EBF3 transformer spacer post set,Child of HV-7. Spacer posts or distance blocks for the internal HV module set.
ebf3_visible_camera_housing,kb/items/parts/ebf3_visible_camera_housing.yaml,0.3,aluminum,aluminum_housing,lunar_candidate,local_nominal,recipe_ebf3_visible_camera_housing,,,,EBF3 visible camera housing,Child of ebf3_visible_camera. Housing for EBF3 visible monitoring camera.
ebf3_visible_camera_lens_assembly,kb/items/parts/ebf3_visible_camera_lens_assembly.yaml,0.25,glass,glass,import_as_leaf,import_nominal,,True,item_material_family_only;route_material_basis_family_only,medium,EBF3 visible camera lens assembly,Child of ebf3_visible_camera. Lens assembly for EBF3 visible monitoring camera.
ebf3_visible_camera_sensor_module,kb/items/parts/ebf3_visible_camera_sensor_module.yaml,0.3,electronic,electronic,import_as_leaf,import_nominal,,True,item_material_family_only;route_material_basis_family_only,medium,EBF3 visible camera sensor module,Child of ebf3_visible_camera. Visible image sensor module for EBF3 visible monitoring camera.
ebf3_visible_camera_signal_cable,kb/items/parts/ebf3_visible_camera_signal_cable.yaml,0.15,composite,mixed_electrical_or_polymer_harness,earth_import,import_nominal,,True,item_material_family_only,medium,EBF3 visible camera signal cable,Child of ebf3_visible_camera. Signal cable for EBF3 visible monitoring camera.
ebf3_wire_feed_control_board,kb/items/parts/ebf3_wire_feed_control_board.yaml,0.45,electronic,electronic,import_as_leaf,import_nominal,,True,item_material_family_only;route_material_basis_family_only,medium,EBF3 wire feed control board,Child of ebf3_wire_feed_control_module. Wire-feed control board for EBF3 wire feed control module.
ebf3_wire_feed_control_connector_set,kb/items/parts/ebf3_wire_feed_control_connector_set.yaml,0.15,electronic,electronic,import_as_leaf,import_nominal,,True,item_material_family_only;route_material_basis_family_only,medium,EBF3 wire feed control connector set,Child of ebf3_wire_feed_control_module. Connector set for EBF3 wire feed control module.
ebf3_wire_feed_control_shield,kb/items/parts/ebf3_wire_feed_control_shield.yaml,0.1,steel,steel_plate_or_sheet,lunar_candidate,local_nominal,recipe_ebf3_wire_feed_control_shield,,,,EBF3 wire feed control shield,Child of ebf3_wire_feed_control_module. Shield for EBF3 wire feed control module.
ebf3_wire_feed_drive_roll_body,kb/items/parts/ebf3_wire_feed_drive_roll_body.yaml,0.22,hardened_steel,hardened_steel,route_gap,import_until_gap_resolved,,True,,,EBF3 wire feed drive roll body,Child of ebf3_wire_feed_drive_roll. Drive roll body for EBF3 wire feed drive roll.
ebf3_wire_feed_drive_roll_groove_profile,kb/items/parts/ebf3_wire_feed_drive_roll_groove_profile.yaml,0.05,hardened_steel,hardened_steel,route_gap,import_until_gap_resolved,,True,,,EBF3 wire feed drive roll groove profile,Child of ebf3_wire_feed_drive_roll. Wire-contact groove/profile surface for EBF3 wire feed drive roll.
ebf3_wire_feed_drive_roll_set_screw_or_key,kb/items/parts/ebf3_wire_feed_drive_roll_set_screw_or_key.yaml,0.03,steel,steel_fastener_set,lunar_candidate_flagged,sensitivity_flag,recipe_ebf3_wire_feed_drive_roll_set_screw_or_key,,,,EBF3 wire feed drive roll set screw or key,Child of ebf3_wire_feed_drive_roll. Set screw or key for EBF3 wire feed drive roll.
ebf3_wire_feed_encoder_sensor_body,kb/items/parts/ebf3_wire_feed_encoder_sensor_body.yaml,0.14,electronic,electronic,import_as_leaf,import_nominal,,True,item_material_family_only;route_material_basis_family_only,medium,EBF3 wire feed encoder sensor body,Child of ebf3_wire_feed_encoder_sensor. Encoder sensor body for EBF3 wire feed encoder sensor.
ebf3_wire_feed_encoder_signal_lead,kb/items/parts/ebf3_wire_feed_encoder_signal_lead.yaml,0.08,composite,mixed_electrical_or_polymer_harness,earth_import,import_nominal,,True,item_material_family_only,medium,EBF3 wire feed encoder signal lead,Child of ebf3_wire_feed_encoder_sensor. Encoder signal lead for EBF3 wire feed encoder sensor.
ebf3_wire_feed_encoder_target,kb/items/parts/ebf3_wire_feed_encoder_target.yaml,0.08,steel,steel_encoder_target,route_gap,import_until_gap_resolved,,True,,,EBF3 wire feed encoder target,Child of ebf3_wire_feed_encoder_sensor. Encoder target for EBF3 wire feed encoder sensor.
ebf3_wire_feed_gearbox,kb/items/parts/ebf3_wire_feed_gearbox.yaml,0.7,mixed_precision_gearbox_materials,mixed_precision_gearbox_materials,defer_split_import_fallback,import_until_gap_resolved,,True,,,EBF3 wire feed gearbox,Child of ebf3_wire_feed_gearmotor. Gearbox for EBF3 wire feed gearmotor.
ebf3_wire_feed_idler_arm,kb/items/parts/ebf3_wire_feed_idler_arm.yaml,0.4,steel,steel_stock,lunar_candidate,local_nominal,recipe_ebf3_wire_feed_idler_arm,,,,EBF3 wire feed idler arm,"Level-3 child of WF-13. Arm body or idler arm portion of the wire-feed pressure-arm assembly. Reintroduced below the source-table aligned pressure arm, not as a top-level wire-feeder row. See research/ebf3_bom_sources/organized/wire_feeder_level_2_audit.md. First-pass manufacturing/import route is r"
ebf3_wire_feed_motor_body,kb/items/parts/ebf3_wire_feed_motor_body.yaml,0.95,electronic,electronic,import_as_leaf,import_nominal,,True,item_material_family_only;route_material_basis_family_only,medium,EBF3 wire feed motor body,Child of ebf3_wire_feed_gearmotor. Motor body for EBF3 wire feed gearmotor.
ebf3_wire_feed_motor_clamp_insulator,kb/items/parts/ebf3_wire_feed_motor_clamp_insulator.yaml,0.2,insulator,alumina_ceramic,lunar_candidate_flagged,sensitivity_flag,recipe_ebf3_wire_feed_motor_clamp_insulator,,item_material_family_only,medium,EBF3 wire feed motor clamp insulator,WF-8. Insulating clamp component for motor/electrical isolation. Intentional Level-2 insulator leaf until source evidence shows a multi-part isolator or feedthrough assembly. See research/ebf3_bom_sources/organized/wire_feeder_level_2_audit.md. First-pass manufacturing/import route is recorded in th
ebf3_wire_feed_motor_driver_stage,kb/items/parts/ebf3_wire_feed_motor_driver_stage.yaml,0.3,electronic,electronic,import_as_leaf,import_nominal,,True,item_material_family_only;route_material_basis_family_only,medium,EBF3 wire feed motor driver stage,Child of ebf3_wire_feed_control_module. Motor driver stage for EBF3 wire feed control module.
ebf3_wire_feed_motor_housing,kb/items/parts/ebf3_wire_feed_motor_housing.yaml,0.2,steel,steel_stock,lunar_candidate,local_nominal,recipe_ebf3_wire_feed_motor_housing,,,,EBF3 wire feed motor housing,Child of ebf3_wire_feed_gearmotor. Motor housing for EBF3 wire feed gearmotor.
ebf3_wire_feed_motor_lead_set,kb/items/parts/ebf3_wire_feed_motor_lead_set.yaml,0.15,composite,mixed_electrical_or_polymer_harness,earth_import,import_nominal,,True,item_material_family_only,medium,EBF3 wire feed motor lead set,Child of ebf3_wire_feed_gearmotor. Motor lead set for EBF3 wire feed gearmotor.
ebf3_wire_feed_motor_mount_clamp_alignment_pin_set,kb/items/parts/ebf3_wire_feed_motor_mount_clamp_alignment_pin_set.yaml,0.04,steel,steel,lunar_candidate_flagged,sensitivity_flag,recipe_ebf3_wire_feed_motor_mount_clamp_alignment_pin_set,,,,EBF3 wire feed motor mount clamp alignment pin set,Child of ebf3_wire_feed_motor_mount_clamp. Alignment pin set for EBF3 wire feed motor mount clamp.
ebf3_wire_feed_motor_mount_clamp_fastener_set,kb/items/parts/ebf3_wire_feed_motor_mount_clamp_fastener_set.yaml,0.08,steel,steel_fastener_set,lunar_candidate_flagged,sensitivity_flag,recipe_ebf3_wire_feed_motor_mount_clamp_fastener_set,,,,EBF3 wire feed motor mount clamp fastener set,Child of ebf3_wire_feed_motor_mount_clamp. Clamp fastener set for EBF3 wire feed motor mount clamp.
ebf3_wire_feed_motor_mount_clamp_half_set,kb/items/parts/ebf3_wire_feed_motor_mount_clamp_half_set.yaml,0.28,steel,steel_clamp_halves,lunar_candidate,local_nominal,recipe_ebf3_wire_feed_motor_mount_clamp_half_set,,,,EBF3 wire feed motor mount clamp half set,Child of ebf3_wire_feed_motor_mount_clamp. Clamp half set for EBF3 wire feed motor mount clamp.
ebf3_wire_feed_pressure_arm_pivot_pin,kb/items/parts/ebf3_wire_feed_pressure_arm_pivot_pin.yaml,0.04,steel,steel,lunar_candidate_flagged,sensitivity_flag,recipe_ebf3_wire_feed_pressure_arm_pivot_pin,,,,EBF3 wire feed pressure-arm pivot pin,Level-3 child of WF-13. Pivot pin for the pressure-arm mechanism.
ebf3_wire_feed_pressure_roll,kb/items/parts/ebf3_wire_feed_pressure_roll.yaml,0.25,steel,steel,route_gap,import_until_gap_resolved,,True,,,EBF3 wire feed pressure roll,Level-3 child of WF-13. Pressure/idler roll in the wire-feed pressure-arm assembly. Reintroduced below the source-table aligned pressure arm instead of as a top-level wire-feeder row. See research/ebf3_bom_sources/organized/wire_feeder_level_2_audit.md. First-pass manufacturing/import route is recor
ebf3_wire_feed_roll_bearing_set,kb/items/parts/ebf3_wire_feed_roll_bearing_set.yaml,0.2,bearing_steel,bearing_steel,defer_split_import_fallback,import_until_gap_resolved,,True,,,EBF3 wire feed roll bearing set,Level-3 child of WF-10. Bearing set for the drive-roll carrier. It belongs below the source-table aligned carrier rather than as a top-level wire-feeder row. See research/ebf3_bom_sources/organized/wire_feeder_level_2_audit.md. First-pass manufacturing/import route is recorded in the linked EBF3 rou
ebf3_wire_feeder_base_mounting_slot_set,kb/items/parts/ebf3_wire_feeder_base_mounting_slot_set.yaml,0.36,steel,steel,lunar_candidate,local_nominal,recipe_ebf3_wire_feeder_base_mounting_slot_set,,,,EBF3 wire feeder base mounting slot set,Child of ebf3_wire_feeder_base. Mounting slot/datum feature set for EBF3 wire feeder base.
ebf3_wire_feeder_base_plate,kb/items/parts/ebf3_wire_feeder_base_plate.yaml,1.8,steel,steel_plate,lunar_candidate,local_nominal,recipe_ebf3_wire_feeder_base_plate,,,,EBF3 wire feeder base plate,Child of ebf3_wire_feeder_base. Base plate for EBF3 wire feeder base.
ebf3_wire_feeder_base_standoff_set,kb/items/parts/ebf3_wire_feeder_base_standoff_set.yaml,0.7,alumina_ceramic,alumina_ceramic_v0,lunar_candidate_flagged,sensitivity_flag,recipe_ebf3_wire_feeder_base_standoff_set,,,,EBF3 wire feeder base standoff set,Child of ebf3_wire_feeder_base. Base standoff set for EBF3 wire feeder base.
ebf3_wire_feeder_base_stiffener,kb/items/parts/ebf3_wire_feeder_base_stiffener.yaml,0.4,steel,steel,lunar_candidate,local_nominal,recipe_ebf3_wire_feeder_base_stiffener,,,,EBF3 wire feeder base stiffener,WF-25. Stiffener plate or rib increasing wire-feeder base stiffness. Intentional Level-2 single-part leaf; weld/fastener integration stays with the feeder base package until layout is selected. See research/ebf3_bom_sources/organized/wire_feeder_level_2_audit.md. First-pass manufacturing/import rout
ebf3_wire_feeder_feedthrough_air_side_connector,kb/items/parts/ebf3_wire_feeder_feedthrough_air_side_connector.yaml,0.05,composite,composite,import_as_leaf,import_nominal,,True,item_material_family_only;route_material_basis_family_only,medium,EBF3 wire feeder feedthrough air-side connector,"Child of ebf3_wire_feeder_feedthrough_connector. Air-side connector or terminal interface toward external power-supply outputs and controls acquisition. It keeps the external side visible without moving drivers or DAQ into the wire-feeder subsystem. Connector family, service boundary, shielding, and"
ebf3_wire_feeder_feedthrough_flange,kb/items/parts/ebf3_wire_feeder_feedthrough_flange.yaml,0.08,steel,steel_stock,lunar_candidate_flagged,sensitivity_flag,recipe_ebf3_wire_feeder_feedthrough_flange,,,,EBF3 wire feeder feedthrough flange,"Child of ebf3_wire_feeder_feedthrough_connector. Local flange or mount for the wire-feeder-specific feedthrough insert. It is not the cabin wall port or a shared chamber plate. Seal geometry, bolt pattern, material choice, and first-pass manufacturing/import route is recorded in the linked EBF3 rout"
ebf3_wire_feeder_feedthrough_insulator_body,kb/items/parts/ebf3_wire_feeder_feedthrough_insulator_body.yaml,0.18,ceramic,alumina_ceramic,route_gap,import_until_gap_resolved,,True,item_material_family_only,medium,EBF3 wire feeder feedthrough insulator body,"Child of ebf3_wire_feeder_feedthrough_connector. Ceramic or insulating body for the wire-feeder-specific feedthrough insert. It isolates motor-power and signal pins through the chamber boundary while the cabin owns only the passive port/flange opening. Ceramic grade, pin sealing, creepage/clearance,"
ebf3_wire_feeder_feedthrough_motor_power_pin_set,kb/items/parts/ebf3_wire_feeder_feedthrough_motor_power_pin_set.yaml,0.08,conductive_metal,kovar_or_copper_alloy_power_pin_set,earth_import,import_nominal,,True,item_material_family_only,medium,EBF3 wire feeder feedthrough motor power pin set,"Child of ebf3_wire_feeder_feedthrough_connector. Motor-power pin set for passing wire-feeder motor current through the vacuum boundary. Power driver electronics remain in power supplies, and chamber passive ports remain in the cabin. Pin count, current rating, conductor material, insulation spacing,"
ebf3_wire_feeder_feedthrough_shield_termination_interface,kb/items/parts/ebf3_wire_feeder_feedthrough_shield_termination_interface.yaml,0.03,conductive_metal,aluminum_or_steel_shield,lunar_candidate_flagged,sensitivity_flag,recipe_ebf3_wire_feeder_feedthrough_shield_termination_interface,,item_material_family_only,medium,EBF3 wire feeder feedthrough shield termination interface,"Child of ebf3_wire_feeder_feedthrough_connector. Shield termination/interface marker for wire-feeder motor and signal wiring at the feedthrough boundary. It does not define protective grounding, HV return, controls acquisition, or cable shield policy for the whole machine. Termination geometry, isol"
ebf3_wire_feeder_feedthrough_signal_pin_set,kb/items/parts/ebf3_wire_feeder_feedthrough_signal_pin_set.yaml,0.04,conductive_metal,alumina_ceramic_v0,route_gap,import_until_gap_resolved,,True,item_material_family_only,medium,EBF3 wire feeder feedthrough signal pin set,"Child of ebf3_wire_feeder_feedthrough_connector. Signal pin set for wire-feed encoder, tachometer, or related feeder feedback through the vacuum boundary. Controls own acquisition and interpretation; this item only represents the feeder-specific feedthrough pins. Pin count, shielding, isolation, sig"
ebf3_wire_feeder_feedthrough_vacuum_side_connector,kb/items/parts/ebf3_wire_feeder_feedthrough_vacuum_side_connector.yaml,0.05,composite,composite,import_as_leaf,import_nominal,,True,item_material_family_only;route_material_basis_family_only,medium,EBF3 wire feeder feedthrough vacuum-side connector,"Child of ebf3_wire_feeder_feedthrough_connector. Vacuum-side connector or terminal interface for wire-feeder motor and sensor wiring inside the chamber. It does not include external controls harnessing or power driver hardware. Connector family, vacuum compatibility, material choices, and first-pass"
ebf3_wire_feeder_gun_bracket_alignment_pin_set,kb/items/parts/ebf3_wire_feeder_gun_bracket_alignment_pin_set.yaml,0.2,steel,precision_steel,lunar_candidate_flagged,sensitivity_flag,recipe_ebf3_wire_feeder_gun_bracket_alignment_pin_set,,,,EBF3 wire feeder gun bracket alignment pin set,Child of ebf3_wire_feeder_mount_to_gun_bracket. Alignment pin set for EBF3 wire feeder mount-to-gun bracket.
ebf3_wire_feeder_gun_bracket_body,kb/items/parts/ebf3_wire_feeder_gun_bracket_body.yaml,0.8,steel,steel,lunar_candidate_flagged,sensitivity_flag,recipe_ebf3_wire_feeder_gun_bracket_body,,,,EBF3 wire feeder gun bracket body,Child of ebf3_wire_feeder_mount_to_gun_bracket. Bracket body for EBF3 wire feeder mount-to-gun bracket.
ebf3_wire_feeder_gun_bracket_fastener_interface_set,kb/items/parts/ebf3_wire_feeder_gun_bracket_fastener_interface_set.yaml,0.2,steel,steel_fastener_interface,lunar_candidate_flagged,sensitivity_flag,recipe_ebf3_wire_feeder_gun_bracket_fastener_interface_set,,,,EBF3 wire feeder gun bracket fastener interface set,Child of ebf3_wire_feeder_mount_to_gun_bracket. Fastener interface set for EBF3 wire feeder mount-to-gun bracket.
ebf3_wire_inlet_guide,kb/items/parts/ebf3_wire_inlet_guide.yaml,0.15,steel,steel_wire_guide,lunar_candidate,local_nominal,recipe_ebf3_wire_inlet_guide,,,,EBF3 wire inlet guide,WF-16. Inlet guide positioning wire into the drive-roll area. See research/ebf3_bom_sources/organized/wire_feeder_level_2_audit.md. First-pass manufacturing/import route is recorded in the linked EBF3 route-review recipe.
ebf3_wire_outlet_guide_tube,kb/items/parts/ebf3_wire_outlet_guide_tube.yaml,0.25,steel,steel_stock,lunar_candidate_flagged,sensitivity_flag,recipe_ebf3_wire_outlet_guide_tube,,,,EBF3 wire outlet guide tube,WF-18. Outlet wire guide directing wire from the drive-roll assembly toward the liner or downstream guide. See research/ebf3_bom_sources/organized/wire_feeder_level_2_audit.md. First-pass manufacturing/import route is recorded in the linked EBF3 route-review recipe.
ebf3_wire_spool_core,kb/items/parts/ebf3_wire_spool_core.yaml,0.35,steel,steel_stock,lunar_candidate,local_nominal,recipe_ebf3_wire_spool_core,,,,EBF3 wire spool core,Child of ebf3_wire_spool. Spool core for EBF3 wire spool.
ebf3_wire_spool_flange_set,kb/items/parts/ebf3_wire_spool_flange_set.yaml,0.35,steel,steel,lunar_candidate,local_nominal,recipe_ebf3_wire_spool_flange_set,,,,EBF3 wire spool flange set,Child of ebf3_wire_spool. Spool flange set for EBF3 wire spool.
ebf3_wire_spool_retention_feature_set,kb/items/parts/ebf3_wire_spool_retention_feature_set.yaml,0.1,steel,steel,lunar_candidate,local_nominal,recipe_ebf3_wire_spool_retention_feature_set,,,,EBF3 wire spool retention feature set,Child of ebf3_wire_spool. Retention feature set for EBF3 wire spool.
ebf3_x_axis_ball_screw_shaft,kb/items/parts/ebf3_x_axis_ball_screw_shaft.yaml,1.0,hardened_steel,hardened_steel_bar,route_gap,import_until_gap_resolved,,True,,,EBF3 x axis ball screw shaft,Child of ebf3_ball_screw_shafts. X-axis ball screw shaft for EBF3 ball screw shafts.
ebf3_y_axis_ball_screw_shaft,kb/items/parts/ebf3_y_axis_ball_screw_shaft.yaml,1.0,steel,steel_bar_stock,route_gap,import_until_gap_resolved,,True,,,EBF3 y axis ball screw shaft,Child of ebf3_ball_screw_shafts. Y-axis ball screw shaft for EBF3 ball screw shafts.
ebf3_z_axis_ball_screw_shaft,kb/items/parts/ebf3_z_axis_ball_screw_shaft.yaml,1.0,bearing_steel,bearing_steel,route_gap,import_until_gap_resolved,,True,,,EBF3 z axis ball screw shaft,Child of ebf3_ball_screw_shafts. Z-axis ball screw shaft for EBF3 ball screw shafts.
ebf3_z_axis_brake_body,kb/items/parts/ebf3_z_axis_brake_body.yaml,0.4,electronic,electronic,import_as_leaf,import_nominal,,True,item_material_family_only;route_material_basis_family_only,medium,EBF3 z axis brake body,Child of ebf3_z_axis_brake. Brake body for EBF3 Z-axis brake.
ebf3_z_axis_brake_friction_disc,kb/items/parts/ebf3_z_axis_brake_friction_disc.yaml,0.2,composite,composite,import_as_leaf,import_nominal,,True,item_material_family_only;route_material_basis_family_only,medium,EBF3 z axis brake friction disc,Child of ebf3_z_axis_brake. Friction disc for EBF3 Z-axis brake.
ebf3_z_axis_brake_mount,kb/items/parts/ebf3_z_axis_brake_mount.yaml,0.2,steel,steel_mount,lunar_candidate,local_nominal,recipe_ebf3_z_axis_brake_mount,,,,EBF3 z axis brake mount,Child of ebf3_z_axis_brake. Brake mount for EBF3 Z-axis brake.
ebf3_z_axis_counterbalance_anchor_set,kb/items/parts/ebf3_z_axis_counterbalance_anchor_set.yaml,0.25,steel,steel_stock,lunar_candidate,local_nominal,recipe_ebf3_z_axis_counterbalance_anchor_set,,,,EBF3 z axis counterbalance anchor set,Child of ebf3_z_axis_counterbalance. Anchor set for EBF3 Z-axis counterbalance.
ebf3_z_axis_counterbalance_guide_or_link,kb/items/parts/ebf3_z_axis_counterbalance_guide_or_link.yaml,0.2,steel,steel,lunar_candidate_flagged,sensitivity_flag,recipe_ebf3_z_axis_counterbalance_guide_or_link,,,,EBF3 z axis counterbalance guide or link,Child of ebf3_z_axis_counterbalance. Guide or link for EBF3 Z-axis counterbalance.
ebf3_z_axis_counterbalance_metal_spring_element,kb/items/parts/ebf3_z_axis_counterbalance_metal_spring_element.yaml,0.35,spring_steel,spring_steel,route_gap,import_until_gap_resolved,,True,,,EBF3 Z-axis counterbalance metal spring element,Metal spring force element for the EBF3 Z-axis counterbalance. Child of `ebf3_z_axis_counterbalance_force_element` from research/ebf3_bom_sources/organized/split_before_route_leaf_decomposition_plan.md. This is not local-ready and has no manufacturing recipe.
ebf3_z_axis_counterbalance_preload_adjustment_interface,kb/items/parts/ebf3_z_axis_counterbalance_preload_adjustment_interface.yaml,0.08,steel,steel_adjuster_interface,lunar_candidate,local_nominal,recipe_ebf3_z_axis_counterbalance_preload_adjustment_interface,,,,EBF3 Z-axis counterbalance preload adjustment interface,Preload/adjustment interface for the EBF3 Z-axis counterbalance force element. Child of `ebf3_z_axis_counterbalance_force_element` from research/ebf3_bom_sources/organized/split_before_route_leaf_decomposition_plan.md.
ebf3_z_axis_counterbalance_spring_end_seat_set,kb/items/parts/ebf3_z_axis_counterbalance_spring_end_seat_set.yaml,0.12,steel,steel_stock,lunar_candidate,local_nominal,recipe_ebf3_z_axis_counterbalance_spring_end_seat_set,,,,EBF3 Z-axis counterbalance spring end seat set,Spring end seat/retainer hardware for the EBF3 Z-axis counterbalance force element. Child of `ebf3_z_axis_counterbalance_force_element` from research/ebf3_bom_sources/organized/split_before_route_leaf_decomposition_plan.md.
enclosure_electrical_medium,kb/items/parts/enclosure_electrical_medium.yaml,4.0,steel,,,,recipe_enclosure_electrical_medium_v0,,route_material_basis_missing,high,Electrical enclosure (medium),Medium electrical enclosure for power conditioning equipment. Sheet metal construction with ventilation and cable entry.
