batch_id,item_id,parent_ids,source_queue_type,mass_nominal_kg,route_material_basis,availability_class,route_decision,primary_process_id,secondary_process_ids,ready_machine_ids,blocked_machine_or_process_reason,critical_performance_requirements,simulation_import_mass_policy,confidence,flags,reasoning_brief
route_batch_01,ebf3_adc_module_shield,ebf3_analog_input_adc_module,existing_route_as_leaf,0.1,steel_plate_or_sheet,local_derived,lunar_candidate_flagged,sheet_metal_cutting_v0,machining_basic_v0;electrical_assembly_basic_v0,labor_bot_general_v0;assembly_tools_basic;multi_axis_cnc_machining_center,,EMI shielding continuity; grounding path; creepage clearance near ADC inputs;solder/fastener compatibility,sensitivity_flag,medium,electronics;shielding;performance_flag,Small metal shield can be cut or machined locally but ADC noise and grounding performance need simulation flag.
route_batch_01,ebf3_axis_motor_housing_set,ebf3_axis_motors,existing_route_as_leaf,1,steel_stock,local_derived,lunar_candidate_flagged,motor_housing_casting_v0,machining_basic_v0;motor_final_assembly_v0,labor_bot_general_v0;induction_forge_v0;casting_mold_set;multi_axis_cnc_machining_center;assembly_tools_basic,,Bearing seat tolerance; motor concentricity; vacuum outgassing; lubricant compatibility,sensitivity_flag,medium,motion_precision;vacuum_compatibility,Housing fabrication is supported by Ready casting and CNC but motor alignment and vacuum service make it flagged.
route_batch_01,ebf3_ball_nut_recirculation_insert_set,ebf3_ball_nuts,existing_route_as_leaf,0.3,steel_bar_stock,local_derived,route_gap,ball_screw_fabrication_v0,assembly_process_bearing_v0,labor_bot_general_v0;assembly_tools_basic,ball_screw_fabrication_v0 requires precision_lathe which is not Ready; recirculation insert also lacks hardened ground race route,Ball recirculation geometry; hardened wear surface; preload; low vacuum lubricant contamination,import_until_gap_resolved,low,motion_precision;blocked_machine,This is a precision ball-nut function rather than an ordinary machined insert so first simulation should import until the precision route exists.
route_batch_01,ebf3_y_axis_ball_screw_shaft,ebf3_ball_screw_shafts,existing_route_as_leaf,1,steel_bar_stock,local_derived,route_gap,ball_screw_fabrication_v0,steel_shaft_machining_v1,labor_bot_general_v0;multi_axis_cnc_machining_center,ball_screw_fabrication_v0 requires precision_lathe which is not Ready; thread grinding and hardening route is not closed,Lead accuracy; straightness; surface finish; preload compatibility; vacuum lubricant compatibility,import_until_gap_resolved,low,motion_precision;blocked_machine,Y-axis screw shaft needs precision screw geometry beyond Ready CNC shaft machining.
route_batch_01,ebf3_beam_current_return_lug_set,ebf3_beam_current_return_strap,existing_route_as_leaf,0.12,aluminum_conductor,local_derived,lunar_candidate_flagged,machining_basic_v0,electrical_assembly_basic_v0,labor_bot_general_v0;assembly_tools_basic;multi_axis_cnc_machining_center,,Low resistance contact; thermal cycling; electron-beam return geometry; clean oxide-controlled mating faces,sensitivity_flag,medium,electron_beam;electrical_contact;material_fix:aluminum_conductor_for_current_return,"Beam-current return lug material changed from steel to aluminum conductor stock; local machining is plausible, but contact resistance and heating remain sensitivity flags."
route_batch_01,ebf3_cabin_access_door_hinge_fastener_interface_set,ebf3_cabin_access_door_hinge_set,implemented_split_child,0.7,steel_stock,local_derived,lunar_candidate_flagged,fastener_kit_small_fabrication_v0,machining_basic_v0;assembly_basic_v0,labor_bot_general_v0;multi_axis_cnc_machining_center;assembly_tools_basic,,Hinge load margin; galling control; vacuum-compatible metal surfaces,sensitivity_flag,medium,vacuum_compatibility;performance_flag:vacuum_door_hinge,"Local steel fastener/interface hardware is plausible, but vacuum door hinge load, galling, and alignment make it a sensitivity item rather than clean local."
route_batch_01,ebf3_cabin_access_door_latch_handle_or_cam_set,ebf3_cabin_access_door_latch_set,implemented_split_child,0.6,steel_stock,local_derived,lunar_candidate_flagged,machining_basic_v0,assembly_basic_v0,labor_bot_general_v0;multi_axis_cnc_machining_center;assembly_tools_basic,,Cam fit; handle strength; repeatable latch travel; vacuum-compatible finish,sensitivity_flag,medium,mechanical_latch;performance_flag:vacuum_door_latch,"The cam/handle is locally machinable, but latch travel and seal-compression repeatability make it a flagged local route."
route_batch_01,ebf3_cabin_frame_corner_gusset_set,ebf3_cabin_frame,existing_route_as_leaf,7,steel_plate_or_sheet,local_derived,lunar_candidate_flagged,metal_fabrication_basic_v0,machining_basic_v0;assembly_basic_v0,labor_bot_general_v0;assembly_tools_basic;multi_axis_cnc_machining_center,,Cabin frame stiffness; bolt pattern accuracy; vacuum-clean finish; no hidden seal function,sensitivity_flag,medium,vacuum_structure;stiffness,Corner gussets are locally fabricable but cabin datum and vacuum-adjacent structure need a flagged route.
route_batch_01,ebf3_cabin_gun_port_reinforcement_ring,ebf3_cabin_gun_mounting_port,existing_route_as_leaf,3,steel_plate_or_sheet,local_derived,lunar_candidate_flagged,machining_basic_v0,metal_fabrication_basic_v0;assembly_basic_v0,labor_bot_general_v0;assembly_tools_basic;multi_axis_cnc_machining_center,,Port flatness; bolt circle accuracy; vacuum seal support; electron-beam alignment stability,sensitivity_flag,medium,vacuum_interface;electron_beam,The ring can be machined locally but it supports a gun port and vacuum boundary.
route_batch_01,ebf3_cabin_positioning_leveling_pad_set,ebf3_cabin_positioning_mount_interface,existing_route_as_leaf,3,steel_stock,local_derived,lunar_candidate_flagged,machining_basic_v0,assembly_basic_v0,labor_bot_general_v0;multi_axis_cnc_machining_center;assembly_tools_basic,,Load bearing; datum repeatability; leveling contact flatness; vacuum-clean surface,sensitivity_flag,medium,motion_alignment,Leveling pads are simple metal but influence positioning datums.
route_batch_01,ebf3_cabin_wire_feeder_port_reinforcement_ring,ebf3_cabin_wire_feeder_mounting_port,existing_route_as_leaf,4,steel_plate_or_sheet,local_derived,lunar_candidate_flagged,machining_basic_v0,metal_fabrication_basic_v0;assembly_basic_v0,labor_bot_general_v0;assembly_tools_basic;multi_axis_cnc_machining_center,,Port stiffness; seal backing flatness; wire-feeder alignment; vacuum-clean finish,sensitivity_flag,medium,vacuum_interface;wire_feed_alignment,The reinforcement ring is machinable but belongs to a feedthrough port and needs vacuum and alignment marking.
route_batch_01,ebf3_controls_cabinet_mounting_rail_set,ebf3_controls_cabinet,existing_route_as_leaf,0.9,steel_plate_or_sheet,local_derived,lunar_candidate,sheet_metal_cutting_v0,machining_basic_v0;assembly_basic_v0,labor_bot_general_v0;assembly_tools_basic;multi_axis_cnc_machining_center,,Mounting hole pattern; cabinet load; electrical bonding if used as chassis rail,local_nominal,high,ordinary_metalwork,Mounting rails are ordinary sheet or plate hardware with Ready fabrication.
route_batch_01,ebf3_drive_roll_cover_shell,ebf3_drive_roll_cover,existing_route_as_leaf,0.48,steel_plate_or_sheet,local_derived,lunar_candidate,sheet_metal_cutting_v0,enclosure_assembly_basic_v0,labor_bot_general_v0;assembly_tools_basic,,Guard clearance; fastener fit; no rubbing on drive roll,local_nominal,high,ordinary_sheet_metal,The cover shell is low risk sheet metal guarding.
route_batch_01,ebf3_emi_filter_enclosure,ebf3_emi_filter,existing_route_as_leaf,0.3,steel_plate_or_sheet,local_derived,lunar_candidate_flagged,enclosure_assembly_basic_v0,sheet_metal_cutting_v0;electrical_assembly_basic_v0,labor_bot_general_v0;assembly_tools_basic,,EMI shielding continuity; grounding lugs; creepage clearance; thermal contact to chassis,sensitivity_flag,medium,electronics;EMI,The enclosure reuses ordinary enclosure fabrication but EMI performance must be verified.
route_batch_01,ebf3_emi_filter_choke_terminal_set,ebf3_emi_filter_choke_set,implemented_split_child,0.06,aluminum_terminal,local_derived,lunar_candidate_flagged,machining_basic_v0,electrical_assembly_basic_v0,multi_axis_cnc_machining_center;labor_bot_general_v0;assembly_tools_basic,,Current rating; contact resistance; heating; insulation clearance; vibration retention,sensitivity_flag,medium,electronics;conductive_terminal;process_fix:terminal_machining_not_copper_wire_process,"Aluminum terminal hardware can use local machining/assembly, but current rating, contact heating, and EMI spacing keep it as a flagged local route."
route_batch_01,ebf3_gun_anode,ebf3_fixed_electron_beam_gun,existing_route_as_leaf,0.25,molybdenum_metal,import_or_recycle,earth_import,import_receiving_basic_v0,,labor_bot_general_v0,molybdenum_metal is an import placeholder and precision refractory electrode route is not Ready,Beam aperture accuracy; high temperature stability; sputter resistance; vacuum cleanliness; HV field shape,import_nominal,medium,refractory_metal;electron_beam;earth_import,The anode is a precision refractory electron-gun electrode and should be imported for the first simulation.
route_batch_01,ebf3_fixed_side_screw_bearing_block_body_set,ebf3_fixed_side_screw_bearing_blocks,existing_route_as_leaf,0.5,steel_stock,local_derived,lunar_candidate_flagged,machining_basic_v0,assembly_process_bearing_v0,labor_bot_general_v0;multi_axis_cnc_machining_center;assembly_tools_basic,,Bearing bore tolerance; coaxiality; preload retention; vacuum-compatible bearing interface,sensitivity_flag,medium,motion_precision,bearing block bodies can be CNC machined but the bearing-seat tolerance remains a precision risk.
route_batch_01,ebf3_positioning_axis_base_plate,ebf3_four_axis_positioning_system,existing_route_as_leaf,3,steel_plate_or_sheet,local_derived,lunar_candidate_flagged,machining_basic_v0,sheet_making_from_ingot_to_metal_sheet_v0;inspection_basic_v0,labor_bot_general_v0;multi_axis_cnc_machining_center,,Flatness; datum hole pattern; stiffness; thermal distortion; axis alignment,sensitivity_flag,medium,motion_precision;datum_plate,Ready machining can make a plate but positioning accuracy depends on flatness and datum quality.
route_batch_01,ebf3_gun_beam_boundary_pickup_insulator,ebf3_gun_beam_boundary_pickup,existing_route_as_leaf,0.06,alumina_ceramic_v0,local_derived,route_gap,ceramic_forming_basic_v0,alumina_extraction_from_highlands_v0;ceramic_powder_synthesis_v0,labor_bot_general_v0;chemical_reactor_basic;ball_mill_v0,"Alumina feedstock does not close HV leakage, vacuum dielectric behavior, and electron-beam charging qualification.",Dielectric strength; leakage current; electron-beam charging; vacuum outgassing; geometry repeatability,import_until_gap_resolved,medium,HV_dielectric;electron_beam;semantic_audit:hv_vacuum_dielectric_gap,"Active beam-boundary insulator material may be lunar-derived, but HV/vacuum dielectric and charging performance make this a route gap."
route_batch_01,ebf3_gun_cathode_radiation_shield_foil_stack,ebf3_gun_cathode_radiation_shield,existing_route_as_leaf,0.07,molybdenum_metal,import_or_recycle,earth_import,import_receiving_basic_v0,,labor_bot_general_v0,refractory foil stack route is absent and molybdenum feedstock is imported in KB,Cathode radiant heat shielding; low vapor pressure; foil thickness control; vacuum cleanliness,import_nominal,medium,refractory_foil;thermal;earth_import,The foil stack is low mass but uses specialty refractory foil that should remain import mass.
route_batch_01,ebf3_gun_column_internal_support_frame,ebf3_gun_column,existing_route_as_leaf,0.75,steel_stock,local_derived,lunar_candidate_flagged,metal_fabrication_basic_v0,machining_basic_v0;assembly_basic_v0,labor_bot_general_v0;assembly_tools_basic;multi_axis_cnc_machining_center,,Electrode alignment; stiffness under thermal cycling; vacuum-clean surfaces; magnetic disturbance budget,sensitivity_flag,medium,electron_beam;vacuum_structure,Local metal fabrication is plausible but this frame locates beamline hardware.
route_batch_01,ebf3_gun_dynamic_lens_yoke,ebf3_gun_dynamic_magnetic_lens,existing_route_as_leaf,0.4,electrical_steel_sheet,local_derived,route_gap,electrical_steel_production_v0,machining_basic_v0;assembly_basic_v0,labor_bot_general_v0;induction_forge_v0;rolling_mill_v0;multi_axis_cnc_machining_center;assembly_tools_basic,"Electrical steel feedstock does not close magnetic lens yoke permeability, hysteresis, geometry, anneal, and beam-performance qualification.",Magnetic permeability; saturation; hysteresis; pole/yoke geometry; thermal stability,import_until_gap_resolved,medium,magnetic;electron_beam;semantic_audit:magnetic_lens_yoke_gap,Magnetic lens yoke is a core beam-control component; material and CNC shape are not enough for local route closure.
route_batch_01,ebf3_gun_hv_input_flange_housing,ebf3_gun_hv_input,existing_route_as_leaf,0.28,steel_stock,local_derived,lunar_candidate_flagged,machining_basic_v0,assembly_basic_v0,labor_bot_general_v0;multi_axis_cnc_machining_center;assembly_tools_basic,,HV creepage clearance; vacuum seal face; bolt pattern; field grading interface,sensitivity_flag,medium,HV;vacuum_interface,The flange housing is machinable but serves a high-voltage vacuum input.
route_batch_01,ebf3_gun_hv_insulator_mounting_collar_set,ebf3_gun_hv_insulator,existing_route_as_leaf,0.12,alumina_ceramic_v0,local_derived,route_gap,ceramic_forming_basic_v0,machining_basic_v0;assembly_basic_v0,labor_bot_general_v0;multi_axis_cnc_machining_center;assembly_tools_basic,"Generic ceramic/machining routes do not close HV dielectric clearance, beamline alignment, and thermal-mismatch qualification.",Insulator support pressure; dielectric clearance; beamline alignment; thermal expansion mismatch,import_until_gap_resolved,medium,HV_dielectric;electron_beam;semantic_audit:gun_hv_insulator_gap,"Gun HV insulator collar remains a route gap until ceramic dielectric, alignment, and cleaning/qualification routes are explicit."
route_batch_01,ebf3_gun_secondary_electron_ring_collector,ebf3_gun_secondary_electron_pickup,existing_route_as_leaf,0.1,steel_plate_or_sheet,local_derived,lunar_candidate_flagged,machining_basic_v0,electrical_assembly_basic_v0,labor_bot_general_v0;multi_axis_cnc_machining_center;assembly_tools_basic,,Collector bias compatibility; low outgassing; beam interception geometry; thermal load,sensitivity_flag,medium,electron_beam;conductive_collector,The ring is simple conductive metal but its placement and biasing affect beam diagnostics.
route_batch_01,ebf3_gun_trajectory_corrector_mount,ebf3_gun_trajectory_corrector,existing_route_as_leaf,0.04,steel_stock,local_derived,lunar_candidate_flagged,machining_basic_v0,assembly_basic_v0,labor_bot_general_v0;multi_axis_cnc_machining_center;assembly_tools_basic,,Corrector alignment; stiffness; magnetic cleanliness; vacuum surface finish,sensitivity_flag,medium,electron_beam;alignment,The mount is tiny but sets trajectory-corrector alignment.
route_batch_01,ebf3_hv_transformer_insulating_fluid,ebf3_high_voltage_tank,existing_route_as_leaf,8,silicone_rubber,import_or_recycle,earth_import,import_receiving_basic_v0,,labor_bot_general_v0,polymer and silicone chemistry depends on scarce volatiles and HV oil dielectric quality is not locally qualified,Dielectric breakdown voltage; dissipation factor; thermal conductivity; vacuum compatibility; aging in radiation,import_nominal,high,HV_dielectric;polymer;earth_import,Transformer insulating fluid should be direct Earth import for first simulation.
route_batch_01,ebf3_hv_cable_outer_jacket,ebf3_hv_cable_to_gun,existing_route_as_leaf,0.16,silicone_rubber,import_or_recycle,earth_import,import_receiving_basic_v0,,labor_bot_general_v0,polymer HV cable jacket route lacks local volatile closure and vacuum rated insulation qualification,HV insulation margin; bend radius; vacuum outgassing; oil and radiation compatibility,import_nominal,high,HV_cable;polymer;earth_import,The cable jacket is small but mission-critical polymer HV insulation.
route_batch_01,ebf3_hv_voltage_divider_insulating_support,ebf3_hv_output_voltage_divider_sensing,existing_route_as_leaf,0.1,alumina_ceramic_v0,local_derived,lunar_candidate_flagged,ceramic_forming_basic_v0,electrical_assembly_basic_v0,labor_bot_general_v0;assembly_tools_basic,,Voltage divider creepage; dielectric strength; resistor spacing stability; oil or vacuum compatibility,sensitivity_flag,medium,HV_dielectric;electronics,Alumina support is plausible but HV divider accuracy and leakage need a flagged route.
route_batch_01,ebf3_hv_drain_valve,ebf3_hv_tank_fill_drain_ports,existing_route_as_leaf,0.2,steel_stock,local_derived,defer_import_fallback,pressure_control_valve_assembly_v0,machining_basic_v0;assembly_basic_v0,labor_bot_general_v0;multi_axis_cnc_machining_center;assembly_tools_basic,Valve body may be Ready-machinable but compatible seals and leak-tested oil service are not closed,Oil compatibility; leak tightness; relief isolation; dielectric contamination control,import_until_gap_resolved,medium,HV_oil;seal_gap,Use import fallback because a drain valve includes sealing details beyond a simple machined body.
route_batch_01,ebf3_hv_pressure_relief_valve_body,ebf3_hv_tank_pressure_relief,existing_route_as_leaf,0.22,steel_stock,local_derived,lunar_candidate_flagged,pressure_control_valve_assembly_v0,machining_basic_v0,labor_bot_general_v0;multi_axis_cnc_machining_center,,Relief setpoint interface; leak tightness; oil compatibility; no dielectric contamination,sensitivity_flag,medium,HV_oil;pressure_relief,The pressure relief body can reuse valve body fabrication but pressure and seal qualification are flagged.
route_batch_01,ebf3_intermediate_wire_guide_body,ebf3_intermediate_wire_guide,existing_route_as_leaf,0.16,steel_stock,local_derived,lunar_candidate_flagged,machining_basic_v0,inspection_basic_v0,labor_bot_general_v0;multi_axis_cnc_machining_center,,Wire bore finish; wear resistance; alignment to feed path; vacuum debris control,sensitivity_flag,medium,motion_wear;wire_feed,The guide body is machinable but wire wear and feed alignment matter.
route_batch_01,ebf3_matching_network_busbar_set,ebf3_inverter_matching_network,existing_route_as_leaf,0.6,aluminum_alloy_ingot,local_derived,lunar_candidate_flagged,machining_basic_v0,electrical_assembly_basic_v0,labor_bot_general_v0;multi_axis_cnc_machining_center;assembly_tools_basic,,Current capacity; inductance layout; thermal rise; HV clearance; bolted joint resistance,sensitivity_flag,medium,HV;power_electronics;thermal,Aluminum busbars are locally plausible but matching-network electrical and thermal limits need flags.
route_batch_01,ebf3_linear_guide_carriage_block_set,ebf3_linear_guide_carriages,existing_route_as_leaf,1.1,steel_stock,local_derived,route_gap,machining_basic_v0,surface_finishing_am_parts_v0;inspection_basic_v0,labor_bot_general_v0;multi_axis_cnc_machining_center;precision_grinding_system_v0,Ready CNC exists but rail-carriage race grinding and preload process is not modeled as a complete Ready route,Race geometry; preload; surface finish; hardness; straightness; vacuum lubricant compatibility,import_until_gap_resolved,low,motion_precision;route_gap,Carriage blocks are precision motion components and should import until guideway finishing route is explicit.
route_batch_01,ebf3_linear_guide_rail_end_stop_set,ebf3_linear_guide_rails,existing_route_as_leaf,0.3,steel_stock,local_derived,lunar_candidate_flagged,machining_basic_v0,assembly_basic_v0,labor_bot_general_v0;multi_axis_cnc_machining_center;assembly_tools_basic,,Stop load; rail mounting fit; no interference with carriage travel,sensitivity_flag,medium,motion_interface,End stops are simple local metal parts but tied to precision guide travel.
route_batch_01,ebf3_matching_network_inductor_bobbin_or_insulation_set,ebf3_matching_network_inductor_set,implemented_split_child,0.18,alumina_ceramic_v0,local_derived,route_gap,ceramic_forming_basic_v0,coil_insulation_production_v0,labor_bot_general_v0;chemical_reactor_basic,"RF/HV coil insulation performance is not closed by generic ceramic fabrication, and polymer insulation chemistry remains weak.",RF dielectric loss; voltage standoff; thermal class; winding support geometry; vacuum outgassing,import_until_gap_resolved,medium,HV_dielectric;coil;thermal;semantic_audit:rf_hv_insulation_gap,"Matching-network bobbin/insulation is route_gap: ceramic support may be local, but qualified RF/HV insulation is not closed."
route_batch_01,ebf3_matching_network_inductor_winding_set,ebf3_matching_network_inductor_set,implemented_split_child,0.45,copper_wire_magnet,scarce_trace,earth_import,import_receiving_basic_v0,wire_copper_magnet_production_v0,labor_bot_general_v0,coil winding process for controlled geometry would need non-Ready coil_winding_machine and copper is scarce trace,RF current rating; skin effect heating; inductance tolerance; insulation class; mechanical restraint,import_nominal,medium,copper;coil;earth_import,The winding is a copper RF coil and should be imported in first simulation despite basic wire processes.
route_batch_01,ebf3_motor_mount_bracket_fastener_interface_set,ebf3_motor_mount_brackets,existing_route_as_leaf,0.15,steel_stock,local_derived,lunar_candidate_flagged,fastener_kit_small_fabrication_v0,machining_basic_v0;assembly_basic_v0,labor_bot_general_v0;multi_axis_cnc_machining_center;assembly_tools_basic,,Motor alignment; fastener preload; vibration retention; vacuum-compatible surfaces,sensitivity_flag,medium,motion_alignment,The fastener interface is locally fabricable but motor alignment sensitivity remains.
route_batch_01,ebf3_moveable_build_platform_plate,ebf3_moveable_build_platform,existing_route_as_leaf,5.6,steel_plate_or_sheet,local_derived,lunar_candidate_flagged,machining_basic_v0,sheet_making_from_ingot_to_metal_sheet_v0;inspection_basic_v0,labor_bot_general_v0;multi_axis_cnc_machining_center,,Build surface flatness; thermal mass; distortion under EBF heat; datum mounting,sensitivity_flag,medium,thermal;motion_precision;build_surface,Ready machining can provide a plate but EBF3 build-surface thermal and flatness requirements are high.
route_batch_01,ebf3_positioning_base_frame_crossmember_set,ebf3_positioning_base_frame,existing_route_as_leaf,2.2,steel_stock,local_derived,lunar_candidate,metal_fabrication_basic_v0,machining_basic_v0;assembly_basic_v0,labor_bot_general_v0;assembly_tools_basic;multi_axis_cnc_machining_center,,Frame stiffness; mounting hole pattern; assembly squareness,local_nominal,medium,structural_frame,Crossmembers are ordinary structural metal members within Ready fabrication.
route_batch_01,ebf3_positioning_bellows_folded_cover,ebf3_positioning_bellows_cover,existing_route_as_leaf,0.55,steel_plate_or_sheet,local_derived,route_gap,metal_spinning_process_v0,sheet_metal_cutting_v0,labor_bot_general_v0;spinning_machine_v0;assembly_tools_basic,Ready forming exists only for generic spinning or sheet work; folded vacuum bellows fatigue and leak-tight fold route is absent,Bellows flex life; particle shedding; vacuum compatibility; fold thickness uniformity; travel clearance,import_until_gap_resolved,low,vacuum_motion;route_gap,A folded bellows cover is not ordinary sheet metal because flex life and vacuum debris risk dominate.
route_batch_01,ebf3_positioning_feedthrough_motor_power_pin_set,ebf3_positioning_electrical_feedthrough,existing_route_as_leaf,0.18,alumina_ceramic_v0,local_derived,route_gap,electrical_feedthrough_vacuum_fabrication_v0,electrical_assembly_basic_v0,labor_bot_general_v0;assembly_tools_basic,Power pin set needs conductive pins plus hermetic ceramic/glass seal; current material/process does not close feedthrough technology.,Current rating; hermetic seal; dielectric spacing; vacuum leak rate; thermal cycling,import_until_gap_resolved,low,HV;vacuum_feedthrough;motion_power;semantic_audit:hermetic_power_feedthrough_gap,"Positioning feedthrough motor-power pins are a route gap until conductor, ceramic/glass seal, current rating, and leak qualification are modeled."
route_batch_01,ebf3_power_electronics_conductive_cooling_line_or_strap_set,ebf3_power_electronics_cooling_duct_or_line_set,implemented_split_child,0.3,aluminum_alloy_ingot,local_derived,lunar_candidate_flagged,machining_basic_v0,assembly_basic_v0,multi_axis_cnc_machining_center;labor_bot_general_v0;assembly_tools_basic,,Thermal conductance; contact pressure; electrical isolation if needed; vacuum conduction path,sensitivity_flag,medium,thermal;power_electronics;architecture_assumption:lunar_vacuum_conduction_cold_plate_baseline;process_adjustment:cnc_strap_not_extrusion,"Architecture assumes a lunar-vacuum conduction strap/line. A simple aluminum strap can use Ready CNC/assembly, but thermal conductance and isolation remain sensitivity flags."
route_batch_01,ebf3_power_electronics_heat_sink_set,ebf3_power_electronics_thermal_management,existing_route_as_leaf,3,aluminum_alloy_ingot,local_derived,route_gap,heat_sink_extrusion_v0,machining_basic_v0;assembly_basic_v0,labor_bot_general_v0;multi_axis_cnc_machining_center;assembly_tools_basic,"Heat-sink extrusion route is not supported by Ready tooling, and electronics heat-sink geometry/thermal qualification is not closed.",Thermal resistance; fin geometry; mounting flatness; power semiconductor temperature rise,import_until_gap_resolved,medium,thermal;power_electronics;semantic_audit:heat_sink_route_gap,"Aluminum is plausible, but a qualified power-electronics heat-sink set needs explicit forming/machining geometry and thermal validation before local credit."
route_batch_01,ebf3_pressure_adjustment_knob_body,ebf3_pressure_adjustment_knob,existing_route_as_leaf,0.13,steel_stock,local_derived,lunar_candidate,machining_basic_v0,assembly_basic_v0,labor_bot_general_v0;multi_axis_cnc_machining_center;assembly_tools_basic,,Grip geometry; thread fit; no polymer outgassing if steel substituted,local_nominal,high,material_substitution:steel_for_polymer,Selected steel instead of polymer to avoid volatile-dependent local plastic for a simple knob.
route_batch_01,ebf3_primary_transformer_mount,ebf3_primary_isolation_transformer,existing_route_as_leaf,0.6,steel_stock,local_derived,lunar_candidate_flagged,machining_basic_v0,assembly_basic_v0,labor_bot_general_v0;multi_axis_cnc_machining_center;assembly_tools_basic,,Transformer clearance; vibration support; insulation standoff interface; thermal expansion,sensitivity_flag,medium,electrical;mounting,The mount is local metalwork but transformer electrical clearance must be checked.
route_batch_01,ebf3_ripple_inductor_mount,ebf3_ripple_damping_inductor,existing_route_as_leaf,0.08,steel_stock,local_derived,lunar_candidate_flagged,machining_basic_v0,assembly_basic_v0,labor_bot_general_v0;multi_axis_cnc_machining_center;assembly_tools_basic,,Inductor clearance; magnetic disturbance; vibration restraint; insulation interface,sensitivity_flag,medium,electrical;magnetic_mount,The mount is simple but close to a magnetic power component.
route_batch_01,ebf3_rotary_axis_bearing_retainer,ebf3_rotary_axis_bearing,existing_route_as_leaf,0.4,steel_stock,local_derived,lunar_candidate_flagged,machining_basic_v0,assembly_process_bearing_v0,labor_bot_general_v0;multi_axis_cnc_machining_center;assembly_tools_basic,,Bearing retention tolerance; preload; runout; vacuum lubricant compatibility,sensitivity_flag,medium,motion_precision;bearing,The retainer is machinable locally but bearing preload and runout make it flagged.
route_batch_01,ebf3_rotary_axis_table_plate,ebf3_rotary_axis_table,existing_route_as_leaf,3,steel_plate_or_sheet,local_derived,lunar_candidate_flagged,machining_basic_v0,inspection_basic_v0,labor_bot_general_v0;multi_axis_cnc_machining_center,,Rotary table flatness; balance; bolt pattern; thermal distortion; runout,sensitivity_flag,medium,motion_precision;thermal,Local machining is plausible but rotary build-table accuracy and heat exposure are critical.
route_batch_01,ebf3_hv_transformer_magnetic_core_set,ebf3_sectioned_hv_step_up_transformer,implemented_split_child,3.0,electrical_steel_sheet,local_derived,route_gap,electrical_steel_production_v0,assembly_basic_v0,labor_bot_general_v0;induction_forge_v0;rolling_mill_v0;assembly_tools_basic,"Electrical steel sheet is plausible, but lamination cutting, interlaminar insulation, stacking/anneal, and core-loss qualification are not closed.",Core loss; permeability; lamination thickness; insulation between laminations; saturation at HV transformer flux,import_until_gap_resolved,medium,magnetic;HV_transformer;route_gap:transformer_core_lamination_qualification,"This should match the conservative treatment of transformer cores: material route is plausible, but qualified HV transformer core fabrication remains a gap."
route_batch_01,ebf3_hv_transformer_section_support_structure,ebf3_sectioned_hv_step_up_transformer,implemented_split_child,1.0,alumina_ceramic_v0,local_derived,route_gap,ceramic_forming_basic_v0,coil_insulation_production_v0;assembly_basic_v0,labor_bot_general_v0;chemical_reactor_basic;assembly_tools_basic,"Alumina support material is plausible, but oil-immersed HV spacing, dielectric aging, and section-support qualification are not closed.",Oil-immersed dielectric rating; creepage distance; section spacing; thermal aging,import_until_gap_resolved,medium,HV_dielectric;transformer;route_gap:oil_immersed_hv_dielectric_support,"The section support is a qualified HV dielectric structure, not ordinary ceramic support; import until the route is explicit."
route_batch_01,ebf3_spool_brake_adjuster_knob,ebf3_spool_brake_adjuster,existing_route_as_leaf,0.07,steel_stock,local_derived,lunar_candidate,machining_basic_v0,assembly_basic_v0,labor_bot_general_v0;multi_axis_cnc_machining_center;assembly_tools_basic,,Thread fit; manual adjustment torque; no vacuum-sensitive polymer,local_nominal,high,ordinary_metalwork,This is a small knob and steel substitution is adequate for simulation.
route_batch_01,ebf3_tank_side_bushing_field_grading_shield,ebf3_tank_side_hv_output_bushing,existing_route_as_leaf,0.12,aluminum_alloy_ingot,local_derived,lunar_candidate_flagged,machining_basic_v0,electrical_assembly_basic_v0,labor_bot_general_v0;multi_axis_cnc_machining_center;assembly_tools_basic,,Field grading geometry; corona suppression; surface finish; HV oil or vacuum compatibility,sensitivity_flag,medium,HV_field_grading,The shield is manufacturable metal but field grading performance is the central risk.
route_batch_01,ebf3_thermal_isolation_standoff_body_set,ebf3_thermal_isolation_standoffs,existing_route_as_leaf,0.3,alumina_ceramic_v0,local_derived,lunar_candidate_flagged,ceramic_forming_basic_v0,assembly_basic_v0,labor_bot_general_v0;assembly_tools_basic,,Thermal conductivity limit; compressive strength; electrical isolation if present; thermal shock,sensitivity_flag,medium,thermal;ceramic,Alumina standoffs are plausible local ceramic parts but thermal isolation performance needs a flag.
route_batch_01,ebf3_transformer_spacer_post_set,ebf3_transformer_insulation_spacers,existing_route_as_leaf,0.4,alumina_ceramic_v0,local_derived,route_gap,ceramic_forming_basic_v0,coil_insulation_production_v0;assembly_basic_v0,labor_bot_general_v0;chemical_reactor_basic;assembly_tools_basic,"HV transformer dielectric spacer posts need oil compatibility, creepage, aging, and dielectric qualification beyond generic ceramic support.",HV creepage; oil compatibility; compressive strength; dimensional stability,import_until_gap_resolved,medium,HV_dielectric;transformer;semantic_audit:hv_transformer_dielectric_gap,Transformer spacer posts are part of an HV/oil dielectric package and should import until that local route is closed.
route_batch_01,ebf3_positioning_signal_cable_insulation_set,ebf3_vacuum_compatible_signal_cabling,existing_route_as_leaf,0.2,silicone_rubber,import_or_recycle,earth_import,import_receiving_basic_v0,,labor_bot_general_v0,vacuum compatible flexible cable insulation depends on polymer volatile chemistry and local cable qualification is absent,Signal insulation resistance; vacuum outgassing; flexibility; radiation aging; conductor insulation adhesion,import_nominal,high,polymer;vacuum_cable;earth_import,Signal cable insulation should be imported rather than hidden inside local cabling.
route_batch_01,ebf3_wire_feed_control_shield,ebf3_wire_feed_control_module,existing_route_as_leaf,0.1,steel_plate_or_sheet,local_derived,lunar_candidate_flagged,sheet_metal_cutting_v0,electrical_assembly_basic_v0,labor_bot_general_v0;assembly_tools_basic,,EMI shielding; grounding contact; clearance from control electronics,sensitivity_flag,medium,electronics;shielding,The shield is sheet metal but control electronics noise performance should remain marked.
route_batch_01,ebf3_wire_feed_motor_housing,ebf3_wire_feed_gearmotor,existing_route_as_leaf,0.2,steel_stock,local_derived,lunar_candidate_flagged,motor_housing_casting_v0,machining_basic_v0;motor_final_assembly_v0,labor_bot_general_v0;induction_forge_v0;casting_mold_set;multi_axis_cnc_machining_center;assembly_tools_basic,,Bearing seat fit; motor alignment; vacuum outgassing; thermal path,sensitivity_flag,medium,motion_precision;motor_housing,The housing route is available but gearmotor performance in vacuum is not ordinary structure.
route_batch_01,ebf3_wire_feed_idler_arm,ebf3_wire_feed_pressure_arm,existing_route_as_leaf,0.4,steel_stock,local_derived,lunar_candidate_flagged,machining_basic_v0,assembly_basic_v0,labor_bot_general_v0;multi_axis_cnc_machining_center;assembly_tools_basic,,Pivot fit; stiffness; drive-roll pressure stability; wear debris control,sensitivity_flag,medium,motion_wear;wire_feed,The idler arm is local metalwork but it controls feed pressure and wear.
route_batch_01,ebf3_pressure_spring,ebf3_wire_feeder,existing_route_as_leaf,0.3,steel_bar_stock,local_derived,route_gap,metal_forming_basic_v0,inspection_basic_v0,labor_bot_general_v0;assembly_tools_basic,metal_forming_basic_v0 requires non-Ready hydraulic_press and plate_rolling_mill; KB also lacks spring steel heat treatment and fatigue-qualified spring forming route,Spring rate; preload; fatigue life; heat treatment; vacuum cleanliness,import_until_gap_resolved,low,spring;fatigue;route_gap,The item is worth local manufacture later but current KB does not close spring performance.
route_batch_01,ebf3_spool_support_shaft,ebf3_wire_feeder,existing_route_as_leaf,0.5,steel_bar_stock,local_derived,lunar_candidate_flagged,steel_shaft_machining_v1,inspection_basic_v0,labor_bot_general_v0;multi_axis_cnc_machining_center,,Shaft straightness; bearing seat finish; spool runout; wear surface,sensitivity_flag,medium,motion_precision;shaft,Steel shaft machining is Ready but spool bearing seats and runout should be flagged.
route_batch_01,ebf3_wire_outlet_guide_tube,ebf3_wire_feeder,existing_route_as_leaf,0.25,steel_stock,local_derived,lunar_candidate_flagged,machining_basic_v0,inspection_basic_v0,labor_bot_general_v0;multi_axis_cnc_machining_center,,Internal bore finish; wear resistance; wire alignment; vacuum debris control,sensitivity_flag,medium,wire_feed;wear,The guide tube is locally machinable but bore wear controls feed reliability.
route_batch_01,ebf3_wire_feeder_feedthrough_flange,ebf3_wire_feeder_feedthrough_connector,existing_route_as_leaf,0.08,steel_stock,local_derived,lunar_candidate_flagged,machining_basic_v0,machining_basic_v0;assembly_basic_v0,labor_bot_general_v0;multi_axis_cnc_machining_center,,Seal face flatness; bolt pattern; dielectric clearance to pins; vacuum leak support,sensitivity_flag,medium,vacuum_feedthrough;HV;process_fix:do_not_claim_hermetic_feedthrough_closure,"The flange body is locally machinable steel, but hermetic feedthrough closure is not claimed by this leaf route and remains a separate gap."
route_batch_01,ebf3_wire_feeder_feedthrough_signal_pin_set,ebf3_wire_feeder_feedthrough_connector,existing_route_as_leaf,0.04,alumina_ceramic_v0,local_derived,route_gap,electrical_feedthrough_vacuum_fabrication_v0,electrical_assembly_basic_v0,labor_bot_general_v0;assembly_tools_basic,"Signal pin set needs conductive pins, shielding, and hermetic seal technology; alumina-only local route is wrong boundary.",Hermeticity; insulation resistance; signal integrity; shielding; vacuum leak rate,import_until_gap_resolved,low,vacuum_feedthrough;signal;seal_gap;semantic_audit:hermetic_signal_feedthrough_gap,"Wire-feeder feedthrough signal pins are a route gap until conductor, seal, dielectric, and leak-test routes are explicit."
route_batch_01,ebf3_wire_spool_core,ebf3_wire_spool,existing_route_as_leaf,0.35,steel_stock,local_derived,lunar_candidate,machining_basic_v0,assembly_basic_v0,labor_bot_general_v0;multi_axis_cnc_machining_center;assembly_tools_basic,,Spool concentricity; flange fit; wire contact surface,local_nominal,medium,ordinary_metalwork,The spool core is an ordinary machined metal part.
route_batch_01,ebf3_z_axis_counterbalance_anchor_set,ebf3_z_axis_counterbalance,existing_route_as_leaf,0.25,steel_stock,local_derived,lunar_candidate_flagged,machining_basic_v0,assembly_basic_v0,labor_bot_general_v0;multi_axis_cnc_machining_center;assembly_tools_basic,,Counterbalance load path; fatigue at anchor; alignment; fastener preload,sensitivity_flag,medium,motion_load;counterbalance,Anchor hardware is locally machinable but Z-axis counterbalance loads should be flagged.
route_batch_01,ebf3_z_axis_counterbalance_spring_end_seat_set,ebf3_z_axis_counterbalance_force_element,implemented_split_child,0.12,steel_stock,local_derived,lunar_candidate_flagged,machining_basic_v0,assembly_basic_v0,labor_bot_general_v0;multi_axis_cnc_machining_center;assembly_tools_basic,,Spring end seating; load centering; wear; fatigue margin; capture under preload,sensitivity_flag,medium,spring_interface;architecture_assumption:metal_spring_counterbalance_baseline,Architecture assumes metal spring counterbalance so local steel seats are plausible but spring-load performance is flagged.
route_batch_02,ebf3_anti_wear_guide_holder,ebf3_anti_wear_guide,existing_route_as_leaf,0.03,steel,local_derived,lunar_candidate_flagged,steel_shaft_machining_v0,machining_basic_v0;surface_finishing_am_parts_v0;assembly_basic_v0,labor_bot_general_v0;multi_axis_cnc_machining_center;assembly_tools_basic,,guide alignment; wear surface; dry/vacuum lubrication compatibility,sensitivity_flag,medium,motion_precision;wear,Small steel holder is locally machinable with Ready CNC route but guide wear and vacuum lubrication make it a flagged local candidate.
route_batch_02,ebf3_axis_motor_mounting_feature_set,ebf3_axis_motors,existing_route_as_leaf,1,steel,local_derived,lunar_candidate_flagged,mounting_bracket_steel_forming_v0,steel_shaft_machining_v0;machining_basic_v0,labor_bot_general_v0;multi_axis_cnc_machining_center;alignment_tools,,motor alignment; fastener preload; vibration stiffness; vacuum lubricant isolation,sensitivity_flag,medium,motion_precision,Steel mounting features fit local forming and machining but motor alignment and preload interfaces must be tracked in simulation.
route_batch_02,ebf3_ball_nut_rolling_ball_set,ebf3_ball_nuts,existing_route_as_leaf,0.45,bearing_steel,local_derived,route_gap,bearing_set_heavy_production_v0,ball_bearing_machining_v0;assembly_process_bearing_v0,labor_bot_general_v0;assembly_tools_basic,"Bearing-grade balls need roundness, hardening, grinding, preload, inspection, and vacuum lubricant qualification beyond current Ready route.",ball grade roundness; hardness; preload; vacuum lubricant compatibility,import_until_gap_resolved,low,motion_precision;blocked_nonready_machine;semantic_audit:precision_bearing_ball_gap,"Rolling balls expose a reusable precision bearing route gap, so first simulation should import until bearing-grade production closes."
route_batch_02,ebf3_z_axis_ball_screw_shaft,ebf3_ball_screw_shafts,existing_route_as_leaf,1,bearing_steel,local_derived,route_gap,ball_screw_fabrication_v0,steel_shaft_machining_v0;surface_finishing_am_parts_v0,labor_bot_general_v0;multi_axis_cnc_machining_center,"Ball-screw shaft needs lead accuracy, ground race/thread finish, straightness, hardening, preload behavior, and lubricant compatibility beyond Ready CNC.",lead accuracy; thread/race finish; straightness; preload; vacuum lubricant compatibility,import_until_gap_resolved,low,motion_precision;blocked_nonready_machine;semantic_audit:ball_screw_route_gap,"Z-axis ball-screw shaft is a precision motion route gap, not a low-priority fallback."
route_batch_02,ebf3_cabin_access_door_panel,ebf3_cabin_access_door,existing_route_as_leaf,13,steel_sheet,local_derived,route_gap,sheet_metal_cutting_v0,steel_ingot_cast_v0;sheet_making_from_ingot_v0;sealing_and_assembly_basic_v0;leak_test_v0,labor_bot_general_v0;casting_furnace_v0;assembly_tools_basic,"Sheet cutting does not close vacuum-door seal-face flatness, repeated seal loading, and leak qualification.",vacuum boundary stiffness; sealing face flatness; leak rate; low outgassing finish,import_until_gap_resolved,medium,vacuum_boundary;route_gap:vacuum_door_panel_leak_qualification,"The door panel is not just a sheet-metal part; it carries vacuum seal-face and stiffness requirements, so first simulation should import until the route is closed."
route_batch_02,ebf3_cabin_access_door_hinge_leaf_or_bracket_set,ebf3_cabin_access_door_hinge_set,implemented_split_child,0.9,steel,local_derived,lunar_candidate_flagged,mounting_bracket_steel_forming_v0,steel_shaft_machining_v0;assembly_basic_v0;leak_test_v0,labor_bot_general_v0;multi_axis_cnc_machining_center;assembly_tools_basic,,hinge alignment; cycle wear; vacuum-compatible finish; door seal load retention,sensitivity_flag,medium,vacuum_motion;implemented_split_child,Hinge leaves are locally formable steel hardware but door seal loading and vacuum wear make the route flagged.
route_batch_02,ebf3_cabin_access_door_latch_pivot_axle_set,ebf3_cabin_access_door_latch_set,implemented_split_child,0.4,steel,local_derived,lunar_candidate_flagged,steel_shaft_machining_v0,machining_basic_v0;assembly_basic_v0;surface_finishing_am_parts_v0,labor_bot_general_v0;multi_axis_cnc_machining_center;assembly_tools_basic,,pivot diameter tolerance; latch preload; wear; vacuum-compatible surface,sensitivity_flag,medium,vacuum_motion;implemented_split_child,Pivot and axle hardware can use steel machining but latch preload and dry wear should stay flagged.
route_batch_02,ebf3_cabin_frame_member_set,ebf3_cabin_frame,existing_route_as_leaf,24,steel_structural_stock,local_derived,lunar_candidate_flagged,steel_bar_stock_rolling_shop_v0,steel_ingot_cast_v0;machining_basic_v0;assembly_basic_v0,labor_bot_general_v0;casting_furnace_v0;rolling_mill_v0;multi_axis_cnc_machining_center;assembly_tools_basic,,frame straightness; door/wall interface stiffness; vacuum-compatible joints,sensitivity_flag,medium,structural_vacuum_interface,Steel frame members are supported by Ready rolling and machining but cabin boundary interfaces require flagged stiffness and joint assumptions.
route_batch_02,ebf3_cabin_lighting_port_frame,ebf3_cabin_lighting_mount_and_port,existing_route_as_leaf,30,steel_structural_stock,local_derived,route_gap,steel_bar_stock_rolling_shop_v0,steel_ingot_cast_v0;machining_basic_v0;sealing_and_assembly_basic_v0;leak_test_v0,labor_bot_general_v0;casting_furnace_v0;rolling_mill_v0;multi_axis_cnc_machining_center;assembly_tools_basic,"Local steel stock is plausible, but sealing face geometry, optical port alignment, and leak qualification are not closed.",port flatness; optical opening alignment; leak rate at attached seal; thermal distortion,import_until_gap_resolved,medium,vacuum_port;route_gap:vacuum_port_frame_qualification,The port frame is a large vacuum-boundary item; local material is plausible but the qualified fabrication route is still a gap.
route_batch_02,ebf3_cabin_sacrificial_liner_retainer_set,ebf3_cabin_sacrificial_liner,existing_route_as_leaf,2,steel,local_derived,lunar_candidate_flagged,mounting_bracket_steel_forming_v0,sheet_metal_cutting_v0;assembly_basic_v0,labor_bot_general_v0;assembly_tools_basic,,retention under thermal cycling; low outgassing; replacement wear,sensitivity_flag,medium,vacuum_thermal,Simple retainers are local steel candidates but cabin vacuum and thermal cycling keep them flagged.
route_batch_02,ebf3_cabin_wall_panel_set,ebf3_cabin_wall_panels,existing_route_as_leaf,34,steel_sheet,local_derived,route_gap,sheet_metal_cutting_v0,steel_ingot_cast_v0;sheet_making_from_ingot_v0;sealing_and_assembly_basic_v0;leak_test_v0,labor_bot_general_v0;casting_furnace_v0;assembly_tools_basic,"Local steel sheet forming exists, but vacuum wall leak-rate, joint sealing, and distortion qualification are not closed by Ready processes.",vacuum wall leak rate; panel flatness; joint sealing; thermal distortion,import_until_gap_resolved,medium,vacuum_boundary;route_gap:vacuum_boundary_leak_qualification,"The wall panel mass is lunar-material plausible, but a vacuum-boundary panel cannot be counted local until forming, joining, and leak qualification are explicit."
route_batch_02,ebf3_can_bus_interface_shield,ebf3_can_bus_interface,existing_route_as_leaf,0.1,aluminum_sheet,local_derived,lunar_candidate_flagged,sheet_metal_cutting_v0,sheet_making_from_ingot_1mm_v0;assembly_basic_v0,labor_bot_general_v0;assembly_tools_basic,,EMI shielding continuity; grounding interface; electronics clearance,sensitivity_flag,medium,electronics_shield,Shield mass is locally formable aluminum or steel but electronics EMI and grounding performance remain flagged.
route_batch_02,ebf3_dc_link_busbar_set,ebf3_dc_link_capacitor_bank,existing_route_as_leaf,0.9,aluminum_conductor,local_derived,lunar_candidate_flagged,sheet_making_from_ingot_1mm_v0,aluminum_housing_machining_v0;assembly_basic_v0,labor_bot_general_v0;multi_axis_cnc_machining_center;assembly_tools_basic,,current rating; temperature rise; creepage and clearance; bolted joint resistance,sensitivity_flag,medium,HV_power;aluminum_substitution,Aluminum busbar avoids copper scarcity and has Ready sheet and machining routes but current density and dielectric spacing must be modeled.
route_batch_02,ebf3_ebf_wire_guide_tip_body,ebf3_ebf_wire_guide_tip,existing_route_as_leaf,0.12,hardened_steel,local_derived,lunar_candidate_flagged,steel_shaft_machining_v0,surface_finishing_am_parts_v0;assembly_basic_v0,labor_bot_general_v0;multi_axis_cnc_machining_center;assembly_tools_basic,,wire path tolerance; wear face finish; vacuum-compatible contact behavior,sensitivity_flag,medium,wire_feed_wear,Guide tip body is locally machinable but the wear surface and wire path tolerance are not ordinary structural requirements.
route_batch_02,ebf3_emi_filter_choke_bobbin_or_insulation_set,ebf3_emi_filter_choke_set,implemented_split_child,0.12,alumina_ceramic,local_derived,lunar_candidate_flagged,ceramic_forming_basic_v0,alumina_extraction_from_highlands_v0;ceramic_forming_basic_v0;ceramic_sintering_process_v0;surface_finishing_am_parts_v0,labor_bot_general_v0;chemical_reactor_basic;multi_axis_cnc_machining_center;pressing_mold_set;hydraulic_press;kiln_ceramic,,dielectric strength; winding support geometry; thermal cycling; low outgassing,sensitivity_flag,medium,HV_insulation;magnetic_component;implemented_split_child,Alumina insulation has local-derived material support but choke dielectric and winding geometry need flagged validation.
route_batch_02,ebf3_emi_filter_choke_winding_set,ebf3_emi_filter_choke_set,implemented_split_child,0.3,copper_magnet_wire,scarce_trace,earth_import,import_receiving_basic_v0,,labor_bot_general_v0,Copper magnet wire and qualified EMI winding insulation are scarce/high-risk and not closed by Ready local processes.,current density; insulation class; EMI impedance; thermal rise; vacuum outgassing,import_nominal,low,copper_scarcity;magnetic_component;implemented_split_child;semantic_audit:copper_magnet_wire_import,EMI choke winding is copper magnet wire with qualified insulation and EMI thermal behavior; count as Earth import in first simulation.
route_batch_02,ebf3_gun_column_optical_axis_datum_set,ebf3_gun_column,existing_route_as_leaf,0.25,precision_steel,local_derived,route_gap,steel_shaft_machining_v0,machining_basic_v0;surface_finishing_am_parts_v0,labor_bot_general_v0;multi_axis_cnc_machining_center;alignment_tools,"Electron-gun optical-axis datum needs metrology, thermal drift, surface, and beam-axis acceptance beyond steel machining/alignment tools.",optical-axis alignment; datum stability; surface finish; thermal drift,import_until_gap_resolved,medium,electron_gun_precision;metrology;semantic_audit:beam_axis_metrology_gap,Gun-column datum is route_gap until metrology and beam-axis acceptance route exists.
route_batch_02,ebf3_gun_control_electrode,ebf3_fixed_electron_beam_gun,existing_route_as_leaf,0.08,molybdenum_or_tungsten,scarce_trace,earth_import,,,,No Ready local molybdenum or tungsten electrode route closes trace feedstock plus precision electron-gun geometry,emission-adjacent geometry; thermal stability; HV bias insulation; low contamination,import_nominal,low,refractory_trace;electron_gun_precision,Control electrode is low mass but performance-critical refractory hardware and should be direct Earth import for the first simulation.
route_batch_02,ebf3_gun_feeder_adapter_body,ebf3_gun_feeder_adapter,existing_route_as_leaf,0.42,steel,local_derived,lunar_candidate_flagged,steel_shaft_machining_v0,machining_basic_v0;sealing_and_assembly_basic_v0;leak_test_v0,labor_bot_general_v0;multi_axis_cnc_machining_center;assembly_tools_basic,,vacuum structural fit; wire path alignment; sealing interface; low outgassing,sensitivity_flag,medium,vacuum_interface;wire_feed_alignment,Adapter body is locally machinable but vacuum and wire-path alignment keep it flagged.
route_batch_02,ebf3_gun_hv_insulator_ceramic_body,ebf3_gun_hv_insulator,existing_route_as_leaf,0.45,alumina_ceramic,local_derived,route_gap,ceramic_forming_basic_v0,alumina_extraction_from_highlands_v0;ceramic_forming_basic_v0;ceramic_sintering_process_v0;electrical_feedthrough_vacuum_fabrication_v0,labor_bot_general_v0;chemical_reactor_basic;pressing_mold_set;hydraulic_press;kiln_ceramic,"Local alumina does not close gun HV insulator creepage geometry, dielectric strength, vacuum cleanliness, and geometry inspection.",HV creepage and clearance; dielectric strength; vacuum cleanliness; geometry tolerance,import_until_gap_resolved,medium,HV_insulation;electron_gun_precision;semantic_audit:gun_hv_ceramic_gap,Gun HV insulator ceramic body is route_gap despite local alumina feedstock.
route_batch_02,ebf3_gun_main_lens_coil_assembly,ebf3_gun_main_magnetic_lens,existing_route_as_leaf,0.9,copper_magnet_wire,scarce_trace,earth_import,import_receiving_basic_v0,,labor_bot_general_v0,Copper magnet-wire beam-focus coil is import-first; local wire/winding routes are rejected for this first simulation.,magnetic field uniformity; winding insulation; thermal rejection; vacuum outgassing; beam focus stability,import_nominal,low,copper_scarcity;magnetic_component;electron_gun_precision;process_cleanup:import_route_only,The main lens coil remains Earth import; local wire/winding process fields were cleared to avoid implying closure.
route_batch_02,ebf3_gun_secondary_pickup_insulator,ebf3_gun_secondary_electron_pickup,existing_route_as_leaf,0.05,alumina_ceramic,local_derived,lunar_candidate_flagged,ceramic_forming_basic_v0,alumina_extraction_from_highlands_v0;ceramic_forming_basic_v0;ceramic_sintering_process_v0,labor_bot_general_v0;chemical_reactor_basic;pressing_mold_set;hydraulic_press;kiln_ceramic,,signal isolation; dielectric strength; vacuum cleanliness; collector clearance,sensitivity_flag,medium,HV_insulation;electron_gun_signal,Small alumina pickup insulator is a local candidate but signal isolation in the gun needs flagged dielectric checks.
route_batch_02,ebf3_fixed_side_screw_bearing_retainer_set,ebf3_fixed_side_screw_bearing_blocks,existing_route_as_leaf,0.15,steel,local_derived,lunar_candidate_flagged,steel_shaft_machining_v0,mounting_bracket_steel_forming_v0;assembly_process_bearing_v0,labor_bot_general_v0;multi_axis_cnc_machining_center;assembly_tools_basic,,bearing preload retention; runout interface; vacuum-compatible surface,sensitivity_flag,medium,motion_precision,Retainer hardware is locally machinable steel but bearing preload and runout make it a flagged local route.
route_batch_02,ebf3_full_bridge_dc_busbar_set,ebf3_full_bridge_inverter,existing_route_as_leaf,0.9,aluminum_conductor,local_derived,lunar_candidate_flagged,sheet_making_from_ingot_1mm_v0,aluminum_housing_machining_v0;assembly_basic_v0,labor_bot_general_v0;multi_axis_cnc_machining_center;assembly_tools_basic,,switching current; loop inductance; creepage and clearance; thermal rise,sensitivity_flag,medium,HV_power;aluminum_substitution,Aluminum busbar route is locally plausible but inverter current and insulation layout are flagged performance assumptions.
route_batch_02,ebf3_gun_cathode_ceramic_standoff_set,ebf3_gun_cathode_cartridge,existing_route_as_leaf,0.05,alumina_ceramic,local_derived,route_gap,ceramic_forming_basic_v0,alumina_extraction_from_highlands_v0;ceramic_forming_basic_v0;ceramic_sintering_process_v0;surface_finishing_am_parts_v0,labor_bot_general_v0;chemical_reactor_basic;multi_axis_cnc_machining_center;pressing_mold_set;hydraulic_press;kiln_ceramic,"Cathode-adjacent ceramic standoffs need dielectric, thermal shock, alignment, and vacuum cleanliness qualification beyond generic ceramic routes.",dielectric standoff strength; thermal shock; cathode alignment; vacuum cleanliness,import_until_gap_resolved,medium,HV_insulation;electron_gun_precision;semantic_audit:cathode_ceramic_gap,Cathode-region ceramic standoffs are a route gap until active-region dielectric/thermal qualification is modeled.
route_batch_02,ebf3_gun_cathode_radiation_shield_spacer_set,ebf3_gun_cathode_radiation_shield,existing_route_as_leaf,0.02,molybdenum_or_tungsten,scarce_trace,earth_import,,,,No Ready local refractory spacer route closes trace feedstock plus cathode thermal environment,high temperature stability; low vapor pressure; cathode spacing tolerance,import_nominal,low,refractory_trace;electron_gun_thermal,Small radiation-shield spacers are performance-critical refractory parts and should be imported in first simulation.
route_batch_02,ebf3_gun_trajectory_corrector_pole_piece_set,ebf3_gun_trajectory_corrector,existing_route_as_leaf,0.18,electrical_steel,local_derived,route_gap,electrical_steel_production_v0,steel_shaft_machining_v0;machining_basic_v0,labor_bot_general_v0;induction_forge_v0;rolling_mill_v0;multi_axis_cnc_machining_center;alignment_tools,"Beam steering pole pieces need permeability, hysteresis, pole geometry, and magnetic-field acceptance beyond electrical steel feedstock and CNC.",magnetic permeability; hysteresis; pole geometry; beam steering alignment,import_until_gap_resolved,medium,magnetic_component;electron_gun_precision;semantic_audit:trajectory_corrector_magnetic_gap,Trajectory-corrector pole pieces are route_gap until magnetic material property and field acceptance routes exist.
route_batch_02,ebf3_hv_cable_braided_shield,ebf3_hv_cable_to_gun,existing_route_as_leaf,0.18,plain_steel_or_aluminum_braid,local_derived,lunar_candidate_flagged,wire_forming_process_v0,steel_mesh_sheet_production_v0;spool_winding_basic_v0,labor_bot_general_v0;winding_drums,,shield coverage; termination resistance; bend fatigue; HV cable grounding,sensitivity_flag,medium,HV_cable;shield_termination;material_fix:no_stainless_without_trace_alloy_closure,Shield braid stays flagged local only as plain steel or aluminum braid; stainless alloy trace-element dependence is not assumed.
route_batch_02,ebf3_hv_cable_semiconductive_stress_control_layer,ebf3_hv_cable_to_gun,existing_route_as_leaf,0.08,conductive_polymer_composite,import_or_recycle,earth_import,,,,Polymer and controlled semiconductive stress layer chemistry is outside early lunar closure,field grading resistivity; dielectric compatibility; adhesion; vacuum/oil compatibility,import_nominal,low,polymer_scarcity;HV_cable,The semiconductive stress-control layer is specialty HV cable material and should be imported.
route_batch_02,ebf3_hv_tank_lid,ebf3_hv_tank_enclosure,existing_route_as_leaf,2,steel,local_derived,lunar_candidate_flagged,sheet_metal_cutting_v0,steel_ingot_cast_v0;sheet_making_from_ingot_v0;machining_basic_v0;sealing_and_assembly_basic_v0,labor_bot_general_v0;casting_furnace_v0;multi_axis_cnc_machining_center;assembly_tools_basic,,oil-tight seal face; HV clearance; service fastener preload; low outgassing,sensitivity_flag,medium,HV_tank;vacuum_or_oil_seal,HV tank lid is local steel fabrication but seal and HV clearance gates keep it flagged.
route_batch_02,ebf3_hv_fill_port,ebf3_hv_tank_fill_drain_ports,existing_route_as_leaf,0.12,steel,local_derived,lunar_candidate_flagged,steel_shaft_machining_v0,machining_basic_v0;sealing_and_assembly_basic_v0;leak_test_v0,labor_bot_general_v0;multi_axis_cnc_machining_center;assembly_tools_basic,,thread sealing; oil compatibility; HV tank cleanliness; leak rate,sensitivity_flag,medium,HV_tank;seal_interface,Fill port is machinable steel but oil sealing and cleanliness require flagged simulation treatment.
route_batch_02,ebf3_hv_tank_temperature_sensor_mount,ebf3_hv_tank_temperature_sensor,existing_route_as_leaf,0.02,steel,local_derived,lunar_candidate_flagged,steel_shaft_machining_v0,machining_basic_v0;assembly_basic_v0,labor_bot_general_v0;multi_axis_cnc_machining_center;assembly_tools_basic,,sensor thermal contact; electrical isolation clearance; oil/vacuum cleanliness,sensitivity_flag,medium,sensor_interface;HV_tank,The mount is locally machinable but the sensor interface and HV tank environment need flags.
route_batch_02,ebf3_intermediate_wire_guide_wear_insert,ebf3_intermediate_wire_guide,existing_route_as_leaf,0.09,alumina_ceramic,local_derived,lunar_candidate_flagged,ceramic_forming_basic_v0,alumina_extraction_from_highlands_v0;ceramic_forming_basic_v0;ceramic_sintering_process_v0;surface_finishing_am_parts_v0,labor_bot_general_v0;chemical_reactor_basic;multi_axis_cnc_machining_center;pressing_mold_set;hydraulic_press;kiln_ceramic,,wear surface finish; wire friction; chipping resistance; vacuum cleanliness,sensitivity_flag,medium,wire_feed_wear;ceramic_precision,Alumina wear insert is plausible locally but wear face quality and chipping risk make it flagged.
route_batch_02,ebf3_matching_network_mounting_frame,ebf3_inverter_matching_network,existing_route_as_leaf,0.9,steel_structural_stock,local_derived,lunar_candidate_flagged,mounting_bracket_steel_forming_v0,steel_bar_stock_rolling_shop_v0;machining_basic_v0;assembly_basic_v0,labor_bot_general_v0;rolling_mill_v0;multi_axis_cnc_machining_center;assembly_tools_basic,,RF/HV clearance; frame stiffness; grounding interface; thermal drift,sensitivity_flag,medium,HV_RF_mount,Frame material route is Ready but matching-network clearances and grounding make it flagged.
route_batch_02,ebf3_linear_guide_carriage_retainer_set,ebf3_linear_guide_carriages,existing_route_as_leaf,0.25,steel,local_derived,lunar_candidate_flagged,steel_shaft_machining_v0,machining_basic_v0;assembly_process_bearing_v0;surface_finishing_am_parts_v0,labor_bot_general_v0;multi_axis_cnc_machining_center;assembly_tools_basic,,carriage retention; rolling element clearance; vacuum lubricant compatibility; wear,sensitivity_flag,medium,motion_precision,Retainer set can be steel machined locally but linear guide rolling-contact behavior is a precision motion flag.
route_batch_02,ebf3_linear_guide_rail_mounting_hole_datum_set,ebf3_linear_guide_rails,existing_route_as_leaf,0.3,precision_steel,local_derived,lunar_candidate_flagged,steel_shaft_machining_v0,machining_basic_v0;surface_finishing_am_parts_v0,labor_bot_general_v0;multi_axis_cnc_machining_center;alignment_tools,,datum hole position; rail straightness; alignment repeatability; mounting preload,sensitivity_flag,medium,motion_precision;metrology,Ready machining can form datum features but rail alignment tolerance is a simulation flag.
route_batch_02,ebf3_matching_network_inductor_core_set,ebf3_matching_network_inductor_set,implemented_split_child,0.45,ferrite_or_laminated_iron,local_derived,route_gap,ferrite_powder_synthesis_v0,ball_mill_ferrite_grinding_v0;electrical_steel_production_v0,labor_bot_general_v0;ball_mill_v0;induction_forge_v0;rolling_mill_v0,Ready routes cover ferrite powder or electrical steel only partially; no Ready core forming sintering lamination insulation or magnetic-property acceptance route,permeability; saturation flux; core loss; thermal rise; RF/HV insulation,import_until_gap_resolved,low,magnetic_component;implemented_split_child,Magnetic core manufacture is worth future local work but the current KB lacks a full Ready core route.
route_batch_02,ebf3_motion_drive_heat_spreader,ebf3_motion_control_drive_module,existing_route_as_leaf,0.5,aluminum,local_derived,lunar_candidate_flagged,heat_sink_extrusion_v0,aluminum_housing_machining_v0;surface_finishing_am_parts_v0,labor_bot_general_v0;multi_axis_cnc_machining_center,,thermal resistance; flatness; electronics isolation; temperature rise,sensitivity_flag,medium,thermal_electronics;highland_favored,Aluminum spreader is locally plausible but electronics thermal contact and isolation are flagged.
route_batch_02,ebf3_motor_mount_bracket_plate_set,ebf3_motor_mount_brackets,existing_route_as_leaf,0.65,steel,local_derived,lunar_candidate_flagged,mounting_bracket_steel_forming_v0,steel_shaft_machining_v0;machining_basic_v0,labor_bot_general_v0;multi_axis_cnc_machining_center;alignment_tools,,motor alignment; bracket stiffness; fastener preload; vibration,sensitivity_flag,medium,motion_precision,Steel bracket plates are local candidates with flagged motor alignment and stiffness requirements.
route_batch_02,ebf3_moveable_build_platform_return_contact_pad,ebf3_moveable_build_platform,existing_route_as_leaf,0.4,aluminum_conductor,local_derived,lunar_candidate_flagged,aluminum_housing_machining_v0,sheet_making_from_ingot_1mm_v0;surface_finishing_am_parts_v0,labor_bot_general_v0;multi_axis_cnc_machining_center,,beam-current return resistance; arcing resistance; contact wear; thermal rise,sensitivity_flag,medium,beam_current_return;aluminum_substitution,Aluminum contact pad avoids copper scarcity but current-return and arcing behavior are flagged.
route_batch_02,ebf3_positioning_base_frame_mounting_foot_set,ebf3_positioning_base_frame,existing_route_as_leaf,0.8,steel,local_derived,lunar_candidate,mounting_bracket_steel_forming_v0,steel_shaft_machining_v0;assembly_basic_v0,labor_bot_general_v0;multi_axis_cnc_machining_center;assembly_tools_basic,,static load support; leveling interface; bolt preload,local_nominal,medium,structural_mount,Mounting feet are ordinary steel structural hardware supported by Ready local forming and machining.
route_batch_02,ebf3_positioning_bellows_mounting_tab_set,ebf3_positioning_bellows_cover,existing_route_as_leaf,0.07,steel,local_derived,lunar_candidate_flagged,mounting_bracket_steel_forming_v0,sheet_metal_cutting_v0;assembly_basic_v0,labor_bot_general_v0;assembly_tools_basic,,tab fit; fastener retention; basic vacuum-compatible finish,sensitivity_flag,medium,bellows_mount;performance_flag:vacuum_motion_bellows,"Small steel tabs are locally formable, but their vacuum/bellows interface role makes them a sensitivity item rather than clean local."
route_batch_02,ebf3_positioning_feedthrough_shield_termination_interface,ebf3_positioning_electrical_feedthrough,existing_route_as_leaf,0.05,aluminum_or_steel_conductor,local_derived,lunar_candidate_flagged,electrical_feedthrough_vacuum_fabrication_v0,sheet_metal_cutting_v0;assembly_basic_v0,labor_bot_general_v0;assembly_tools_basic,,shield termination continuity; feedthrough creepage; vacuum leak boundary; grounding policy,sensitivity_flag,medium,HV_feedthrough;shield_termination,Metal termination is locally fabricable but feedthrough HV and vacuum behavior must stay flagged.
route_batch_02,ebf3_power_electronics_cooling_line_support_clamp_set,ebf3_power_electronics_cooling_duct_or_line_set,implemented_split_child,0.1,steel,local_derived,lunar_candidate_flagged,mounting_bracket_steel_forming_v0,sheet_metal_cutting_v0;assembly_basic_v0,labor_bot_general_v0;assembly_tools_basic,,cooling line retention; thermal expansion; vibration; vacuum-compatible finish,sensitivity_flag,medium,architecture_assumption:lunar_vacuum_conduction_cold_plate_baseline;thermal_support;implemented_split_child,Under the lunar_vacuum_conduction_cold_plate_baseline assumption this is local clamp hardware but thermal expansion and line retention are flagged.
route_batch_02,ebf3_power_electronics_thermal_interface_set,ebf3_power_electronics_thermal_management,existing_route_as_leaf,0.8,thermal_interface_composite,import_or_recycle,defer_import_fallback,thermal_interface_material_synthesis_v0,,labor_bot_general_v0,Ready synthesis is placeholder-level and does not close filler chemistry binder scarcity dielectric isolation or long-life thermal cycling,thermal impedance; dielectric isolation; pump-out resistance; vacuum outgassing; thermal cycling,import_until_gap_resolved,low,thermal_electronics;polymer_or_composite_scarcity,Thermal interface materials are critical composites so first simulation should import until the recipe is proven.
route_batch_02,ebf3_pressure_adjustment_threaded_insert,ebf3_pressure_adjustment_knob,existing_route_as_leaf,0.07,steel,local_derived,lunar_candidate,steel_shaft_machining_v0,machining_basic_v0;assembly_basic_v0,labor_bot_general_v0;multi_axis_cnc_machining_center;assembly_tools_basic,,thread fit; basic wear; preload retention,local_nominal,medium,threaded_hardware,Threaded insert is ordinary small steel hardware and has a Ready machining route.
route_batch_02,ebf3_primary_transformer_winding_set,ebf3_primary_isolation_transformer,existing_route_as_leaf,1.3,aluminum_conductor,local_derived,route_gap,spool_winding_basic_v0,spiral_winding_basic_v0,labor_bot_general_v0;winding_drums,"Transformer winding needs wire drawing, turn insulation, dielectric withstand, coupling, and thermal-rise validation beyond current route.",turn insulation; dielectric withstand; current density; thermal rise; transformer coupling,import_until_gap_resolved,low,HV_transformer;aluminum_substitution;winding_performance;blocked_nonready_machine;semantic_audit:transformer_winding_gap,"Aluminum conductor substitution is plausible, but transformer winding remains a route gap."
route_batch_02,ebf3_ripple_inductor_winding,ebf3_ripple_damping_inductor,existing_route_as_leaf,0.45,aluminum_conductor,local_derived,route_gap,spool_winding_basic_v0,spiral_winding_basic_v0,labor_bot_general_v0;winding_drums,"Inductor winding needs conductor drawing, insulation, winding geometry, ripple-current thermal qualification, and vacuum compatibility beyond current route.",ripple current; insulation class; thermal rise; winding geometry; vibration,import_until_gap_resolved,low,inductor_winding;aluminum_substitution;blocked_nonready_machine;semantic_audit:inductor_winding_gap,Ripple inductor winding is worth local closure later but is currently a route gap.
route_batch_02,ebf3_rotary_axis_bearing_rolling_element_set,ebf3_rotary_axis_bearing,existing_route_as_leaf,1.2,bearing_steel,local_derived,route_gap,bearing_set_heavy_production_v0,ball_bearing_machining_v0;assembly_process_bearing_v0,labor_bot_general_v0;assembly_tools_basic,"Bearing rolling elements need bearing-grade grinding, heat treatment, roundness, surface finish, inspection, and vacuum lubricant route.",roundness; hardness; surface finish; vacuum lubricant compatibility; rotary runout,import_until_gap_resolved,low,motion_precision;blocked_nonready_machine;semantic_audit:precision_bearing_gap,Rotary bearing rolling elements are route_gap rather than deferred convenience import.
route_batch_02,ebf3_rotary_encoder_scale_ring,ebf3_rotary_encoder,existing_route_as_leaf,0.18,glass,local_derived,earth_import,import_receiving_basic_v0,,labor_bot_general_v0,"Precision encoder scale patterning, pitch accuracy, optical contrast, concentricity, and metrology are not closed locally.",scale pitch accuracy; optical contrast; concentricity; thermal stability; contamination control,import_nominal,low,precision_encoder;metrology_gap;semantic_audit:precision_encoder_import,Rotary encoder scale ring should be direct import for first simulation despite glass material plausibility.
route_batch_02,ebf3_hv_transformer_oil_interface_marker,ebf3_sectioned_hv_step_up_transformer,implemented_split_child,0.5,transformer_oil_interface_material,import_or_recycle,earth_import,,,,Transformer oil or oil-compatible composite depends on imported refined organics and HV aging data,dielectric strength; oil compatibility; partial-discharge behavior; thermal aging,import_nominal,low,HV_transformer;organic_material;implemented_split_child,The marker represents specialty HV oil/interface material and should be Earth import in first simulation.
route_batch_02,ebf3_sensor_interface_shield,ebf3_sensor_interface_module,existing_route_as_leaf,0.05,aluminum_sheet,local_derived,lunar_candidate_flagged,sheet_metal_cutting_v0,sheet_making_from_ingot_1mm_v0;assembly_basic_v0,labor_bot_general_v0;assembly_tools_basic,,EMI shielding continuity; grounding; sensor noise floor; clearance,sensitivity_flag,medium,electronics_shield,Shield fabrication is simple but sensor electronics shielding performance should be flagged.
route_batch_02,ebf3_spool_brake_washer,ebf3_wire_feeder,existing_route_as_leaf,0.08,steel,local_derived,lunar_candidate_flagged,metal_stamping_process_v0,sheet_making_from_ingot_1mm_v0;surface_finishing_am_parts_v0,labor_bot_general_v0;multi_axis_cnc_machining_center,,friction coefficient; wear debris; brake heat; vacuum-compatible surface,sensitivity_flag,medium,friction_wear,Washer is locally stampable steel but its brake friction behavior is a flagged assumption.
route_batch_02,ebf3_substrate_clamp_insulating_pad_set,ebf3_substrate_clamp,existing_route_as_leaf,0.2,alumina_ceramic,local_derived,lunar_candidate_flagged,ceramic_forming_basic_v0,alumina_extraction_from_highlands_v0;ceramic_forming_basic_v0;ceramic_sintering_process_v0;surface_finishing_am_parts_v0,labor_bot_general_v0;chemical_reactor_basic;multi_axis_cnc_machining_center;pressing_mold_set;hydraulic_press;kiln_ceramic,,electrical isolation; compressive strength; thermal shock; beam-current return separation,sensitivity_flag,medium,thermal_electrical_isolation,Alumina pads are local candidates but clamp isolation and thermal cycling are flagged.
route_batch_02,ebf3_tank_side_bushing_insulator_body,ebf3_tank_side_hv_output_bushing,existing_route_as_leaf,0.75,alumina_ceramic,local_derived,route_gap,ceramic_forming_basic_v0,alumina_extraction_from_highlands_v0;ceramic_forming_basic_v0;ceramic_sintering_process_v0;electrical_feedthrough_vacuum_fabrication_v0,labor_bot_general_v0;chemical_reactor_basic;pressing_mold_set;hydraulic_press;kiln_ceramic,"HV bushing body needs dielectric/seal qualification, partial-discharge margin, oil/vacuum sealing, creepage, and metallization beyond alumina material.",HV creepage and clearance; oil/vacuum seal; dielectric strength; partial discharge margin,import_until_gap_resolved,low,HV_bushing;vacuum_or_oil_seal;semantic_audit:hv_bushing_gap,Tank-side bushing insulator body is a route gap until HV bushing dielectric and seal routes are explicit.
route_batch_02,ebf3_thermal_isolation_standoff_fastener_interface_set,ebf3_thermal_isolation_standoffs,existing_route_as_leaf,0.04,alumina_ceramic,local_derived,lunar_candidate_flagged,ceramic_forming_basic_v0,alumina_extraction_from_highlands_v0;ceramic_forming_basic_v0;ceramic_sintering_process_v0,labor_bot_general_v0;chemical_reactor_basic;pressing_mold_set;hydraulic_press;kiln_ceramic,,thermal break; bolt load; dielectric isolation if energized; chipping resistance,sensitivity_flag,medium,thermal_isolation,Local alumina can support this small interface but thermal and fastening behavior stay flagged.
route_batch_02,ebf3_positioning_motor_cable_insulation_set,ebf3_vacuum_compatible_motor_cabling,existing_route_as_leaf,0.24,vacuum_rated_polymer_insulation,import_or_recycle,earth_import,import_receiving_basic_v0,,labor_bot_general_v0,Vacuum-rated polymer cable insulation is import-first; local cable assembly does not produce qualified insulation material.,dielectric strength; flex life; vacuum outgassing; motor current heating; abrasion resistance,import_nominal,low,polymer_scarcity;HV_cable;blocked_nonready_machine;process_cleanup:import_route_only,Positioning motor cable insulation remains Earth import; local harness process fields were cleared.
route_batch_02,ebf3_positioning_signal_cable_shield_set,ebf3_vacuum_compatible_signal_cabling,existing_route_as_leaf,0.18,plain_steel_or_aluminum_braid,local_derived,lunar_candidate_flagged,wire_forming_process_v0,steel_mesh_sheet_production_v0;spool_winding_basic_v0,labor_bot_general_v0;winding_drums,,shield coverage; signal noise; termination continuity; flex fatigue,sensitivity_flag,medium,signal_cable;shield_termination;material_fix:no_stainless_without_trace_alloy_closure,Cable shield stays flagged local only as plain steel or aluminum braid; stainless alloy trace-element dependence is not assumed.
route_batch_02,ebf3_wire_feed_drive_roll_body,ebf3_wire_feed_drive_roll,existing_route_as_leaf,0.22,hardened_steel,local_derived,lunar_candidate_flagged,steel_shaft_machining_v0,surface_finishing_am_parts_v0;machining_basic_v0,labor_bot_general_v0;multi_axis_cnc_machining_center,,groove geometry; hardness; wire grip; wear; vacuum cleanliness,sensitivity_flag,medium,wire_feed_wear;motion_precision,Drive roll body is locally machinable steel but surface hardness and wire grip are flagged.
route_batch_02,ebf3_wire_feed_motor_clamp_insulator,ebf3_wire_feeder,existing_route_as_leaf,0.2,alumina_ceramic,local_derived,lunar_candidate_flagged,ceramic_forming_basic_v0,alumina_extraction_from_highlands_v0;ceramic_forming_basic_v0;ceramic_sintering_process_v0;surface_finishing_am_parts_v0,labor_bot_general_v0;chemical_reactor_basic;multi_axis_cnc_machining_center;pressing_mold_set;hydraulic_press;kiln_ceramic,,dielectric isolation; clamp load; vibration; chipping; vacuum cleanliness,sensitivity_flag,medium,HV_insulation;motion_interface,Alumina motor clamp insulation is locally plausible but dielectric and mechanical clamp behavior are flagged.
route_batch_02,ebf3_wire_feed_motor_mount_clamp_alignment_pin_set,ebf3_wire_feed_motor_mount_clamp,existing_route_as_leaf,0.04,steel,local_derived,lunar_candidate_flagged,steel_shaft_machining_v0,machining_basic_v0,labor_bot_general_v0;multi_axis_cnc_machining_center;alignment_tools,,pin diameter tolerance; motor alignment repeatability; wear,sensitivity_flag,medium,motion_precision,Alignment pins are simple steel parts but motor positioning tolerance keeps the route flagged.
route_batch_02,ebf3_wire_feed_pressure_arm_pivot_pin,ebf3_wire_feed_pressure_arm,existing_route_as_leaf,0.04,steel,local_derived,lunar_candidate_flagged,steel_shaft_machining_v0,surface_finishing_am_parts_v0;assembly_basic_v0,labor_bot_general_v0;multi_axis_cnc_machining_center;assembly_tools_basic,,pivot tolerance; wear; retention; vacuum-compatible surface,sensitivity_flag,medium,wire_feed_wear,Small pivot pin is locally machinable but wire-feed wear and retention are flagged.
route_batch_02,ebf3_wire_feeder_base_mounting_slot_set,ebf3_wire_feeder_base,existing_route_as_leaf,0.36,steel,local_derived,lunar_candidate,steel_shaft_machining_v0,machining_basic_v0,labor_bot_general_v0;multi_axis_cnc_machining_center;alignment_tools,,slot position; mounting repeatability; bolt preload,local_nominal,medium,structural_mount,Mounting slots are ordinary steel machining with Ready equipment and ordinary tolerances.
route_batch_02,ebf3_wire_feeder_feedthrough_insulator_body,ebf3_wire_feeder_feedthrough_connector,existing_route_as_leaf,0.18,alumina_ceramic,local_derived,route_gap,ceramic_forming_basic_v0,alumina_extraction_from_highlands_v0;ceramic_forming_basic_v0;ceramic_sintering_process_v0;electrical_feedthrough_vacuum_fabrication_v0,labor_bot_general_v0;chemical_reactor_basic;pressing_mold_set;hydraulic_press;kiln_ceramic,"Feedthrough insulation couples ceramic dielectric performance, metallized/sealed interfaces, leak-rate qualification, and pin alignment.",pin isolation; vacuum leak boundary; creepage and clearance; metallized seal interface,import_until_gap_resolved,low,HV_feedthrough;vacuum_seal;ceramic_precision;semantic_audit:feedthrough_insulator_gap,Wire-feeder feedthrough insulator body is a route gap until qualified ceramic/metallized feedthrough route exists.
route_batch_02,ebf3_wire_feeder_gun_bracket_alignment_pin_set,ebf3_wire_feeder_mount_to_gun_bracket,existing_route_as_leaf,0.2,precision_steel,local_derived,lunar_candidate_flagged,steel_shaft_machining_v0,machining_basic_v0;surface_finishing_am_parts_v0,labor_bot_general_v0;multi_axis_cnc_machining_center;alignment_tools,,gun bracket alignment; pin tolerance; thermal stability; repeatable assembly,sensitivity_flag,medium,electron_gun_precision;wire_feed_alignment,Precision steel pins are locally machinable but gun-to-feeder alignment is performance critical.
route_batch_02,ebf3_wire_spool_flange_set,ebf3_wire_spool,existing_route_as_leaf,0.35,steel,local_derived,lunar_candidate,metal_stamping_process_v0,sheet_metal_cutting_v0;assembly_basic_v0,labor_bot_general_v0;assembly_tools_basic,,spool geometry; edge burr control; basic balance,local_nominal,medium,wire_spool,Spool flanges are ordinary steel sheet or stamped parts with Ready local fabrication.
route_batch_02,ebf3_z_axis_counterbalance_guide_or_link,ebf3_z_axis_counterbalance,existing_route_as_leaf,0.2,steel,local_derived,lunar_candidate_flagged,steel_shaft_machining_v0,mounting_bracket_steel_forming_v0;surface_finishing_am_parts_v0,labor_bot_general_v0;multi_axis_cnc_machining_center;lifting_equipment,,guide alignment; fatigue; wear; counterbalance load path,sensitivity_flag,medium,motion_load_path,Guide or link is locally machinable steel but Z-axis load path and wear should be flagged.
route_batch_03,ebf3_anti_wear_guide_insert,ebf3_anti_wear_guide,existing_route_as_leaf,0.07,alumina_ceramic_v0,local_derived,route_gap,ceramic_sintering_process_v0,alumina_extraction_from_highlands_v0;ceramic_powder_synthesis_v0,labor_bot_general_v0;ball_mill_v0,ceramic_sintering_process_v0 requires kiln_ceramic which audit marks machine_audit_no_capabilities; Ready route does not prove wear-grade fired alumina.,"Wear insert must meet sliding wear rate, compressive load, dimensional tolerance, low dust generation, and dry/vacuum-compatible friction.",import_until_gap_resolved,medium,motion_wear;ceramic_sintering_blocked,"Alumina is a preferred lunar-derived ceramic, but this leaf needs a fired wear-grade insert; KB has material/process direction but the sintering machine is not Ready."
route_batch_03,ebf3_axis_limit_switch_actuator_set,ebf3_axis_travel_limit_switches,existing_route_as_leaf,0.05,steel,local_derived,lunar_candidate,machining_basic_v0,inspection_basic_v0,multi_axis_cnc_machining_center;labor_bot_general_v0,,"Limit switch actuator must hold switch trip position, survive repeated contact, and maintain travel-limit geometry under vibration.",local_nominal,medium,motion_interface,Small steel actuator hardware can be approximated by Ready CNC machining and inspection; performance is ordinary mechanical contact rather than high precision.
route_batch_03,ebf3_ball_nut_wiper_or_seal_set,ebf3_ball_nuts,existing_route_as_leaf,0.15,silicone_rubber_or_vacuum_polymer,import_or_recycle,earth_import,,,,Silicone/elastomer chemistry depends on scarce C/H/S feedstocks and no Ready vacuum-compatible seal material route is proven.,"Ball-nut wiper/seal must meet vacuum outgassing, lubricant compatibility, particle exclusion, lifetime, and low friction drag.",import_nominal,high,vacuum_seal;polymer;precision_motion,Precision ball-nut sealing is a small but critical polymer/vacuum item; count it as Earth import for first simulation rather than hiding it in ball_screw_assembly.
route_batch_03,ebf3_beam_current_return_fastener_interface_set,ebf3_beam_current_return_strap,existing_route_as_leaf,0.06,steel_fastener_interface,local_derived,lunar_candidate_flagged,fastener_kit_small_fabrication_v0,assembly_basic_v0;inspection_basic_v0,labor_bot_general_v0;multi_axis_cnc_machining_center;assembly_tools_basic,,"Interface must maintain low contact resistance, beam return current path continuity, thermal stability, and no loosening near electron-beam hardware.",sensitivity_flag,medium,current_return;electron_beam_interface,"Generic steel fastener production is Ready-machine supported, but this interface is not just mechanical fastening; current return and thermal contact need simulation flags."
route_batch_03,ebf3_cabin_access_door_vacuum_seal,ebf3_cabin_access_door,existing_route_as_leaf,2,metal_gasket_or_imported_vacuum_elastomer,import_or_recycle,route_gap,vacuum_seal_assembly_fabrication_v0,leak_test_v0,labor_bot_general_v0;assembly_tools_basic,"Large chamber-door seal needs gasket material, springback/compression set, outgassing, and leak verification beyond generic assembly.","Door seal must meet cabin/chamber leak rate, compression-set or metal-gasket springback, outgassing, dust tolerance, and repeated-open lifetime.",import_until_gap_resolved,medium,vacuum_seal;large_seal;material_gap;semantic_audit:vacuum_door_seal_gap,"Cabin access-door vacuum seal is a reusable leak-critical route gap, not a merely deferred fallback."
route_batch_03,ebf3_cabin_access_door_hinge_pin_or_shaft_set,ebf3_cabin_access_door_hinge_set,implemented_split_child,0.4,steel,local_derived,lunar_candidate_flagged,machining_basic_v0,inspection_basic_v0,multi_axis_cnc_machining_center;labor_bot_general_v0,,"Hinge pin must carry door load, resist galling in vacuum, and maintain hinge alignment through repeated cycles.",sensitivity_flag,medium,motion_interface;performance_flag:vacuum_door_hinge,"A steel hinge pin is locally machinable, but repeated vacuum-door motion, galling control, and door alignment should be flagged."
route_batch_03,ebf3_cabin_access_door_latch_return_spring_set,ebf3_cabin_access_door_latch_set,implemented_split_child,0.2,spring_steel,local_derived,route_gap,heat_treat_basic_v0,machining_basic_v0;inspection_basic_v0,labor_bot_general_v0;multi_axis_cnc_machining_center,"Spring function requires heat_treat_basic_v0, but heat_treatment_furnace_v0 is machine_audit_no_capabilities.","Return spring must meet elastic range, fatigue life, latch force, vacuum/galling compatibility, and thermal cycling.",import_until_gap_resolved,medium,spring;heat_treat_blocked;motion_interface,"The mass is modest and steel is lunar-plausible, but spring temper/fatigue capability is not Ready; keep as a manufacturing gap."
route_batch_03,ebf3_cabin_frame_mounting_foot_set,ebf3_cabin_frame,existing_route_as_leaf,4,steel_structural_stock,local_derived,lunar_candidate_flagged,frame_fabrication_from_raw_metal_v0,machining_basic_v0;inspection_basic_v0,labor_bot_general_v0;multi_axis_cnc_machining_center,,"Mounting feet must preserve cabin frame stiffness, flatness, bolt-hole alignment, and vacuum-compatible exposed materials.",sensitivity_flag,medium,structural_stiffness;vacuum_exposed,"Steel structural feet can be routed through Ready basic fabrication and CNC, but interface flatness and frame scaling should be flagged."
route_batch_03,ebf3_cabin_lighting_shield_mount,ebf3_cabin_lighting_mount_and_port,existing_route_as_leaf,12.08,steel,local_derived,lunar_candidate_flagged,frame_fabrication_from_raw_metal_v0,machining_basic_v0;inspection_basic_v0,labor_bot_general_v0;multi_axis_cnc_machining_center,,"Shield mount must maintain stiffness, alignment, thermal stability, and low-outgassing exposed surfaces in vacuum.",sensitivity_flag,medium,large_mount;vacuum_exposed;stiffness,"This is large simple metal hardware and suitable for local steel routing, with stiffness and vacuum exposure tracked as simulation assumptions."
route_batch_03,ebf3_cabin_wall_stiffener_set,ebf3_cabin_wall_panels,existing_route_as_leaf,8,steel,local_derived,lunar_candidate_flagged,frame_fabrication_from_raw_metal_v0,machining_basic_v0;inspection_basic_v0,labor_bot_general_v0;multi_axis_cnc_machining_center,,"Wall stiffeners must provide panel stiffness, fastener alignment, and vacuum-compatible exposed surfaces.",sensitivity_flag,medium,structural;performance_flag:vacuum_cabin_structure,"Steel stiffeners have a local route, but this 8 kg cabin-wall item influences panel stiffness and vacuum-boundary distortion, so it should not be clean local."
route_batch_03,ebf3_heater_supply_enclosure,ebf3_cathode_heater_supply,existing_route_as_leaf,0.6,steel,local_derived,lunar_candidate_flagged,machining_basic_v0,assembly_basic_v0;inspection_basic_v0,multi_axis_cnc_machining_center;labor_bot_general_v0;assembly_tools_basic,,"Electrical enclosure must provide mounting, grounding continuity, thermal clearance, and adequate creepage/clearance for heater supply voltage.",sensitivity_flag,medium,electrical_enclosure;performance_flag:electrical_thermal_enclosure,"A metal enclosure is locally manufacturable, but heater-supply creepage, grounding, and thermal clearance are performance gates."
route_batch_03,ebf3_dc_link_mounting_frame,ebf3_dc_link_capacitor_bank,existing_route_as_leaf,0.7,steel_structural_stock,local_derived,lunar_candidate_flagged,frame_fabrication_from_raw_metal_v0,machining_basic_v0;inspection_basic_v0,labor_bot_general_v0;multi_axis_cnc_machining_center,,"DC-link frame must preserve capacitor support, vibration restraint, grounding, creepage/clearance, and service access.",sensitivity_flag,medium,power_electronics_mount;stiffness,"Local steel frame routing is plausible, but capacitor-bank mounting has electrical clearance and vibration assumptions that should be flagged."
route_batch_03,ebf3_ebf_wire_guide_tip_mounting_feature,ebf3_ebf_wire_guide_tip,existing_route_as_leaf,0.03,steel,local_derived,lunar_candidate_flagged,machining_basic_v0,inspection_basic_v0,multi_axis_cnc_machining_center;labor_bot_general_v0,,"Mounting feature must hold wire guide tip position, resist feed loads, and keep wire path alignment near the beam.",sensitivity_flag,medium,wire_path_alignment;motion_interface,"Small steel feature is locally machinable, but wire path alignment makes it a flagged rather than clean structural route."
route_batch_03,ebf3_emi_filter_choke_core_set,ebf3_emi_filter_choke_set,implemented_split_child,0.25,iron_oxide_ferrite_or_electrical_steel_proxy,local_derived,route_gap,ferrite_sintering_process_v0,ferrite_powder_synthesis_v0;electrical_steel_production_v0,labor_bot_general_v0;rolling_mill_v0;induction_forge_v0,Ferrite shaping/sintering requires sintering_furnace_v0 and pressing_mold_set which are not Ready; transformer-style laminations need unproven cutting/coating/anneal route for core performance.,"EMI choke core must meet permeability, saturation flux, core loss at switching frequency, temperature rise, and insulation compatibility.",import_until_gap_resolved,low,magnetic_core;emi;blocked_sintering,"Iron-based magnetic materials are plausible, but the KB does not yet prove a Ready high-frequency choke core route."
route_batch_03,ebf3_feed_liner_end_ferrule_set,ebf3_feed_liner,existing_route_as_leaf,0.08,steel,local_derived,lunar_candidate_flagged,machining_basic_v0,inspection_basic_v0,multi_axis_cnc_machining_center;labor_bot_general_v0,,"Ferrules must retain liner ends, avoid burrs, and preserve feed path fit under thermal cycling.",sensitivity_flag,medium,feed_path;performance_flag:wire_feed_wear,"Steel ferrules are locally machinable, but burr control, liner retention, and wire-feed wear make this a flagged local route."
route_batch_03,ebf3_gun_control_electrode_insulator,ebf3_fixed_electron_beam_gun,existing_route_as_leaf,0.12,unresolved_hv_insulator_or_refractory_electrode,scarce_trace,earth_import,import_receiving_basic_v0,,labor_bot_general_v0,Item boundary/material conflict remains unresolved; either HV ceramic insulator or refractory electrode interpretation is import-first.,"Gun control electrode/insulator must meet HV standoff, field grading geometry, thermal stability, vacuum cleanliness, and electron-beam alignment.",import_nominal,low,source_conflict;hv;refractory_metal;electron_gun;semantic_audit:material_boundary_conflict,Name/material conflict retained as import-first unresolved boundary: this leaf must be clarified before any local route claim.
route_batch_03,ebf3_floating_side_screw_bearing_block_body_set,ebf3_floating_side_screw_bearing_blocks,existing_route_as_leaf,0.55,steel,local_derived,lunar_candidate_flagged,machining_basic_v0,inspection_basic_v0;precision_grinding_basic_v0,multi_axis_cnc_machining_center;labor_bot_general_v0,Precision grinding fallback uses surface_grinder and grinding_wheels which are not Ready if bearing-seat runout exceeds CNC capability.,"Bearing block body must meet bearing bore tolerance, coaxiality, load stiffness, vacuum lubrication compatibility, and thermal stability.",sensitivity_flag,medium,precision_motion;bearing_seat,"The block body can start from Ready CNC machining, but the bearing-seat tolerance is a precision-motion risk."
route_batch_03,ebf3_full_bridge_heat_sink,ebf3_full_bridge_inverter,existing_route_as_leaf,1.5,aluminum,local_derived,lunar_candidate_flagged,aluminum_housing_machining_v1,inspection_basic_v0,labor_bot_general_v0;multi_axis_cnc_machining_center,,"Heat sink must meet thermal resistance, mounting flatness, electrical isolation where needed, and allowable temperature rise for inverter semiconductors.",sensitivity_flag,medium,thermal;power_electronics,"Aluminum is lunar-derivable and Ready CNC machining can proxy a heat sink, but thermal margin must be carried as a simulation flag."
route_batch_03,ebf3_gun_cathode_locating_clamp,ebf3_gun_cathode_cartridge,existing_route_as_leaf,0.04,tungsten_or_tantalum_refractory_part,scarce_trace,earth_import,,,,"Tungsten, tantalum, and lanthanum hexaboride are scarce/advanced specialty materials; no Ready local cathode-grade route is present.","Cathode clamp must keep cathode geometry, survive high temperature, avoid contamination/outgassing, and maintain electron-beam alignment.",import_nominal,high,cathode;refractory_metal;electron_gun,Low mass but mission-critical cathode-region refractory hardware should be counted as Earth import in the first simulation.
route_batch_03,ebf3_gun_column_body_shell,ebf3_gun_column,existing_route_as_leaf,2.2,steel,local_derived,lunar_candidate_flagged,machining_basic_v0,assembly_basic_v0;leak_test_v0,multi_axis_cnc_machining_center;labor_bot_general_v0;assembly_tools_basic,,"Gun column shell must meet vacuum cleanliness, dimensional alignment, thermal stability, grounding, and beam-column geometry.",sensitivity_flag,medium,vacuum_structural;electron_gun_alignment,"Steel shell fabrication is plausible locally, but electron-gun geometry and vacuum cleanliness keep it flagged."
route_batch_03,ebf3_gun_dynamic_lens_coil_assembly,ebf3_gun_dynamic_magnetic_lens,existing_route_as_leaf,0.5,aluminum_or_copper_winding_with_soft_iron_core,import_or_recycle,route_gap,coil_winding_basic_v0,electrical_steel_production_v0;coil_insulation_production_v0,labor_bot_general_v0;induction_forge_v0;rolling_mill_v0;chemical_reactor_basic,"Electron-gun lens coil depends on non-Ready winding equipment plus conductor, insulation, vacuum outgassing, thermal, and magnetic-field verification.","Dynamic lens coil must meet ampere-turns, magnetic field uniformity, insulation class, vacuum outgassing, thermal rise, and beam focus stability.",import_until_gap_resolved,low,coil;magnetic_lens;electron_beam;blocked_winding;semantic_audit:beam_lens_coil_gap,Dynamic lens coil is a core electromagnetic route gap; first simulation imports until winding and field verification close.
route_batch_03,ebf3_gun_feeder_wire_path_alignment_sleeve,ebf3_gun_feeder_adapter,existing_route_as_leaf,0.12,steel,local_derived,lunar_candidate_flagged,machining_basic_v0,inspection_basic_v0,multi_axis_cnc_machining_center;labor_bot_general_v0,,"Sleeve must maintain wire path concentricity, low burr/contact wear, thermal stability, and beam-adjacent alignment.",sensitivity_flag,medium,wire_path_alignment;electron_beam,"A steel sleeve is locally machinable, but alignment in the gun feeder makes it performance-flagged."
route_batch_03,ebf3_gun_hv_insulator_field_grading_electrode_set,ebf3_gun_hv_insulator,existing_route_as_leaf,0.1,molybdenum_or_tungsten_refractory_electrode,scarce_trace,earth_import,,,,Refractory metal electrode route is not closed and material is trace/localized; HV field grading geometry is critical.,"Field grading electrode must meet smooth HV geometry, no sharp edges, vacuum cleanliness, thermal stability, and beam-adjacent alignment.",import_nominal,high,hv;refractory_metal;field_grading;electron_gun,This should be imported for first-pass simulation because material and geometry performance dominate its small mass.
route_batch_03,ebf3_gun_main_lens_pole_pieces,ebf3_gun_main_magnetic_lens,existing_route_as_leaf,0.7,soft_iron_or_electrical_steel,local_derived,route_gap,machining_basic_v0,electrical_steel_production_v0;inspection_basic_v0,multi_axis_cnc_machining_center;labor_bot_general_v0;induction_forge_v0;rolling_mill_v0,"Lens pole pieces need permeability, anneal state, geometry, and beam-lens magnetic validation beyond soft-iron/electrical-steel stock.","Pole pieces must meet magnetic permeability, saturation margin, pole geometry, surface finish, alignment, and thermal stability.",import_until_gap_resolved,medium,magnetic_pole;electron_beam_alignment;semantic_audit:main_lens_pole_gap,Main lens pole pieces are route_gap until magnetic property control and lens field validation are represented.
route_batch_03,ebf3_gun_signal_shield_termination_interface,ebf3_gun_signal_wiring,existing_route_as_leaf,0.05,aluminum_or_steel_shield_interface,local_derived,lunar_candidate_flagged,sheet_making_from_ingot_to_metal_sheet_v0,machining_basic_v0;assembly_basic_v0,labor_bot_general_v0;multi_axis_cnc_machining_center;assembly_tools_basic,,"Shield termination must meet electrical continuity, EMI shielding, grounding, vacuum cleanliness, and thermal stability near gun wiring.",sensitivity_flag,medium,emi_shield;electron_gun_interface,"Local metal sheet/machining can proxy this termination, but shielding continuity and gun-side environment need simulation marking."
route_batch_03,ebf3_gun_deflection_x_coil_pair,ebf3_gun_two_axis_deflection_coils,existing_route_as_leaf,0.3,aluminum_or_copper_winding_with_insulation,import_or_recycle,route_gap,coil_winding_basic_v0,coil_insulation_production_v0;electrical_wire_and_connectors_production_v0,labor_bot_general_v0;chemical_reactor_basic,"Deflection coil pair controls beam steering and requires winding geometry, insulation, vacuum outgassing, heat rejection, symmetry, and calibration routes.","Deflection coil must meet ampere-turns, symmetry, bandwidth, insulation, vacuum outgassing, heat rejection, and beam steering calibration.",import_until_gap_resolved,low,deflection_coil;electron_beam;blocked_winding;semantic_audit:deflection_coil_gap,"X deflection coil pair is a route gap, not a deferred low-priority fallback."
route_batch_03,ebf3_hv_cable_central_conductor,ebf3_hv_cable_to_gun,existing_route_as_leaf,0.22,aluminum_conductor,local_derived,route_gap,wire_drawing_aluminum_v0,electrical_wire_and_connectors_production_v0,labor_bot_general_v0,wire_drawing_aluminum_v0 requires wire_drawing_die_set which audit marks machine_audit_no_capabilities; electrical_wire_and_connectors route is copper-based and not an aluminum HV conductor proof.,"HV cable conductor must meet current capacity, voltage stress geometry, corona avoidance, bend radius, termination quality, and thermal rise.",import_until_gap_resolved,medium,hv_conductor;wire_drawing_blocked,"Aluminum is a good lunar conductor candidate, but the Ready machine audit blocks the wire-drawing route."
route_batch_03,ebf3_hv_bleeder_chain_insulating_support,ebf3_hv_discharge_bleeder_resistor_chain,existing_route_as_leaf,0.16,alumina_ceramic_or_fused_silica,local_derived,route_gap,ceramic_sintering_process_v0,aluminosilicate_glass_production_v0,labor_bot_general_v0,HV ceramic/glass support has plausible feedstock but non-Ready forming/firing route and unverified tracking/creepage performance.,"Bleeder support must meet HV creepage/clearance, dielectric strength, tracking resistance, thermal stability, and low outgassing.",import_until_gap_resolved,medium,hv_insulator;ceramic_glass_blocked;semantic_audit:hv_insulating_support_gap,HV bleeder-chain insulating support is a route gap until ceramic/glass forming and dielectric acceptance are closed.
route_batch_03,ebf3_hv_tank_lid_seal,ebf3_hv_tank_enclosure,existing_route_as_leaf,0.5,metal_gasket_or_imported_vacuum_elastomer,import_or_recycle,route_gap,vacuum_seal_assembly_fabrication_v0,leak_test_v0,labor_bot_general_v0;assembly_tools_basic,"HV tank lid seal needs oil compatibility, gasket material, compression life, outgassing, and leak verification beyond generic assembly.","HV tank lid seal must meet oil compatibility, dielectric cleanliness, leak rate, compression lifetime, outgassing, and service-cycle durability.",import_until_gap_resolved,medium,hv;vacuum_seal;polymer_or_gasket_gap;semantic_audit:hv_tank_lid_seal_gap,"HV tank lid seal is a leak-critical route gap, not a low-priority fallback."
route_batch_03,ebf3_hv_tank_bonding_anchor,ebf3_hv_tank_grounding_terminal,existing_route_as_leaf,0.08,steel_or_aluminum_grounding_anchor,local_derived,lunar_candidate_flagged,machining_basic_v0,fastener_kit_small_fabrication_v0;inspection_basic_v0,multi_axis_cnc_machining_center;labor_bot_general_v0;assembly_tools_basic,,"Bonding anchor must meet low impedance ground path, mechanical pullout strength, corrosion/vacuum compatibility, and stable contact pressure.",sensitivity_flag,medium,hv_grounding;vacuum_exposed,"The anchor is simple metal hardware and locally machinable, but grounding quality matters for HV simulation."
route_batch_03,ebf3_input_rectifier_busbar_set,ebf3_input_rectifier,existing_route_as_leaf,0.7,aluminum_busbar,local_derived,lunar_candidate_flagged,machining_basic_v0,sheet_making_from_ingot_to_metal_sheet_v0;inspection_basic_v0,multi_axis_cnc_machining_center;labor_bot_general_v0,,"Rectifier busbar must meet current density, temperature rise, creepage/clearance, contact resistance, short-circuit force, and mounting insulation.",sensitivity_flag,medium,power_electronics;busbar,"Aluminum busbar fabrication can be proxied locally, but electrical and thermal ratings must be flagged."
route_batch_03,ebf3_hv_lead_conductor_set,ebf3_internal_hv_leads_terminals,existing_route_as_leaf,0.6,aluminum_conductor,local_derived,route_gap,wire_drawing_aluminum_v0,electrical_wire_and_connectors_production_v0,labor_bot_general_v0,wire_drawing_aluminum_v0 requires wire_drawing_die_set with machine_audit_no_capabilities; HV lead insulation/termination is not proven.,"HV lead must meet voltage standoff geometry, conductor ampacity, bend radius, termination smoothness, and insulation coordination.",import_until_gap_resolved,medium,hv_conductor;wire_drawing_blocked,"Material choice can be lunar aluminum, but the process route for conductor form and HV qualification is not Ready."
route_batch_03,ebf3_linear_encoder_mounting_bracket_set,ebf3_linear_encoder_scales,existing_route_as_leaf,0.3,steel,local_derived,lunar_candidate_flagged,machining_basic_v0,inspection_basic_v0,multi_axis_cnc_machining_center;labor_bot_general_v0,,"Encoder bracket must maintain scale alignment, straightness, vibration stability, thermal expansion control, and serviceable adjustment.",sensitivity_flag,medium,precision_motion;encoder_alignment,"The bracket is local-machinable steel, but encoder accuracy makes it a flagged precision-motion item."
route_batch_03,ebf3_linear_guide_carriage_rolling_element_set,ebf3_linear_guide_carriages,existing_route_as_leaf,0.55,bearing_steel,local_derived,route_gap,precision_grinding_basic_v0,heat_treat_basic_v0;assembly_process_bearing_v0,labor_bot_general_v0;assembly_tools_basic,precision_grinding_basic_v0 requires surface_grinder and grinding_wheels; heat_treat_basic_v0 requires heat_treatment_furnace_v0; bearing route also includes grease/seal materials.,"Rolling elements must meet hardness, roundness, surface finish, fatigue life, preload, lubrication, and vacuum compatibility.",import_until_gap_resolved,high,precision_bearing;heat_treat_blocked;grinding_blocked,This is a classic precision bearing gap: steel is plausible but Ready machines do not support bearing-grade rolling elements.
route_batch_03,ebf3_lv_distribution_busbar_set,ebf3_low_voltage_distribution_panel,existing_route_as_leaf,1.1,aluminum_busbar,local_derived,lunar_candidate_flagged,machining_basic_v0,sheet_making_from_ingot_to_metal_sheet_v0;inspection_basic_v0,multi_axis_cnc_machining_center;labor_bot_general_v0,,"LV busbar must meet current capacity, contact resistance, temperature rise, short-circuit force, and creepage/clearance.",sensitivity_flag,medium,busbar;electrical_rating,"Aluminum busbars are plausible local candidates, with electrical rating carried as a simulation sensitivity."
route_batch_03,ebf3_matching_network_inductor_mounting_base_set,ebf3_matching_network_inductor_set,implemented_split_child,0.14,steel_or_aluminum,local_derived,lunar_candidate_flagged,machining_basic_v0,assembly_basic_v0;inspection_basic_v0,multi_axis_cnc_machining_center;labor_bot_general_v0;assembly_tools_basic,,"Inductor base must provide mechanical restraint, insulation spacing, thermal path, magnetic clearance, and low-vibration mounting.",sensitivity_flag,medium,inductor_mount;thermal;magnetic_clearance,"The base is local metalwork, but it lives inside a tuned electrical/magnetic assembly and should be flagged."
route_batch_03,ebf3_motor_coupling_clamp_screw_set,ebf3_motor_couplings,existing_route_as_leaf,0.08,steel_fastener_set,local_derived,lunar_candidate_flagged,fastener_kit_small_fabrication_v0,machining_basic_v0;inspection_basic_v0,labor_bot_general_v0;multi_axis_cnc_machining_center;assembly_tools_basic,,"Clamp screws must maintain coupling preload, resist loosening, preserve shaft alignment, and avoid galling in vacuum.",sensitivity_flag,medium,motion_coupling;fastener_preload,"Ready fastener/CNC route is adequate as a candidate, but motion coupling preload and alignment require flags."
route_batch_03,ebf3_motor_mount_bracket_spacer_set,ebf3_motor_mount_brackets,existing_route_as_leaf,0.2,steel,local_derived,lunar_candidate_flagged,machining_basic_v0,inspection_basic_v0,multi_axis_cnc_machining_center;labor_bot_general_v0,,"Spacers must preserve motor alignment, stack height tolerance, vibration stiffness, and electrical/thermal isolation if required.",sensitivity_flag,medium,motor_alignment;motion_interface,"Local steel CNC spacer route is plausible, with alignment tolerance flagged."
route_batch_03,ebf3_multi_channel_driver_enclosure,ebf3_multi_channel_driver_module,existing_route_as_leaf,0.6,steel,local_derived,lunar_candidate_flagged,machining_basic_v0,assembly_basic_v0;inspection_basic_v0,multi_axis_cnc_machining_center;labor_bot_general_v0;assembly_tools_basic,,"Driver enclosure must provide grounding, EMI shielding, thermal clearance, creepage/clearance, and mounting stability for electronics.",sensitivity_flag,medium,electronics_enclosure;emi;thermal,"The enclosure body can be local, but electronics EMI/thermal requirements mean it should be flagged."
route_batch_03,ebf3_positioning_base_frame_rail_set,ebf3_positioning_base_frame,existing_route_as_leaf,4,steel_structural_stock,local_derived,lunar_candidate_flagged,frame_fabrication_from_raw_metal_v0,machining_basic_v0;inspection_basic_v0,labor_bot_general_v0;multi_axis_cnc_machining_center,,"Base rails must meet straightness, parallelism, stiffness, mounting-hole tolerance, and thermal stability for positioning axes.",sensitivity_flag,medium,precision_motion;rail_alignment,"Basic steel fabrication is plausible but rail geometry affects motion accuracy, so this is a flagged local candidate."
route_batch_03,ebf3_positioning_feedthrough_flange,ebf3_positioning_electrical_feedthrough,existing_route_as_leaf,0.2,steel,local_derived,lunar_candidate_flagged,machining_basic_v0,electrical_feedthrough_vacuum_fabrication_v0;leak_test_v0,multi_axis_cnc_machining_center;labor_bot_general_v0,,"Feedthrough flange must meet sealing face flatness, bolt pattern tolerance, HV creepage/clearance, vacuum leak rate, and grounding continuity.",sensitivity_flag,medium,feedthrough;vacuum_seal_interface;hv,"The metal flange is locally machinable, but feedthrough sealing and voltage rating make it a flagged route."
route_batch_03,ebf3_positioning_feedthrough_signal_pin_set,ebf3_positioning_electrical_feedthrough,existing_route_as_leaf,0.08,kovar_or_copper_alloy_pin_set,import_or_recycle,earth_import,import_receiving_basic_v0,,labor_bot_general_v0,"Hermetic feedthrough pins rely on specialty conductor/seal alloys, matched expansion, leak-rate qualification, and contact geometry.","Signal pins must meet vacuum hermeticity, dielectric standoff, contact resistance, pin alignment, thermal expansion match, and low leakage current.",import_nominal,low,feedthrough_pin;vacuum;hv;special_alloy;semantic_audit:hermetic_signal_pin_import,Positioning feedthrough signal pin set is specialty hermetic feedthrough hardware; count Earth import in first simulation.
route_batch_03,ebf3_power_input_gland_body,ebf3_power_input_cable_gland,existing_route_as_leaf,0.5,steel,local_derived,lunar_candidate_flagged,machining_basic_v0,inspection_basic_v0,multi_axis_cnc_machining_center;labor_bot_general_v0,,"Gland body must provide cable retention, thread/fit quality, grounding path if used, and compatibility with the separate gland seal.",sensitivity_flag,medium,cable_gland_body;performance_flag:cable_gland_interface,"The metal gland body is locally machinable, but cable retention, grounding, and compatibility with the separate seal make it a flagged interface item."
route_batch_03,ebf3_primary_transformer_core,ebf3_primary_isolation_transformer,existing_route_as_leaf,1.5,electrical_steel_sheet,local_derived,route_gap,electrical_steel_production_v0,sheet_metal_cutting_v0;coating_insulation_v0;annealing_basic_v0,labor_bot_general_v0;induction_forge_v0;rolling_mill_v0,"Electrical steel production itself uses Ready machines, but core recipe needs lamination cutting, insulation coating, stacking, and anneal routes whose process equipment is not all Ready/proven for transformer loss.","Transformer core must meet magnetic permeability, saturation flux, lamination thickness, core loss, insulation between laminations, temperature rise, and acoustic/vibration constraints.",import_until_gap_resolved,medium,transformer_core;magnetic;lamination_gap,"This is worth local development, but current KB does not prove a Ready transformer-core fabrication route."
route_batch_03,ebf3_ripple_inductor_core,ebf3_ripple_damping_inductor,existing_route_as_leaf,0.35,electrical_steel_or_ferrite_core,local_derived,route_gap,electrical_steel_production_v0,ferrite_sintering_process_v0;coil_winding_basic_v0;transformer_winding_v0,labor_bot_general_v0;induction_forge_v0;rolling_mill_v0,Ferrite route requires non-Ready sintering/pressing; wound inductor route requires coil_winding_machine; magnetic loss design is not proven.,"Ripple inductor core must meet permeability, saturation current, frequency loss, gap stability, temperature rise, and insulation compatibility.",import_until_gap_resolved,medium,inductor_core;magnetic;blocked_winding_or_sintering,"Material is plausible, but a qualified inductor core needs magnetic design and non-Ready processes."
route_batch_03,ebf3_rotary_axis_bearing_inner_ring,ebf3_rotary_axis_bearing,existing_route_as_leaf,1.1,bearing_steel,local_derived,route_gap,precision_grinding_basic_v0,heat_treat_basic_v0;machining_basic_v0,labor_bot_general_v0;multi_axis_cnc_machining_center,precision_grinding_basic_v0 requires surface_grinder/grinding_wheels and heat_treat_basic_v0 requires heat_treatment_furnace_v0; bearing-grade ring route is not Ready.,"Bearing inner ring must meet raceway hardness, roundness, surface finish, fatigue life, preload geometry, lubrication, and vacuum compatibility.",import_until_gap_resolved,high,precision_bearing;grinding_blocked;heat_treat_blocked,The steel mass is not the issue; bearing-grade geometry and heat treatment are not locally Ready.
route_batch_03,ebf3_rotary_axis_table_hub,ebf3_rotary_axis_table,existing_route_as_leaf,1.4,steel,local_derived,lunar_candidate_flagged,machining_basic_v0,inspection_basic_v0;precision_grinding_basic_v0,multi_axis_cnc_machining_center;labor_bot_general_v0,Precision grinding fallback uses non-Ready surface_grinder/grinding_wheels if rotary runout exceeds CNC-only capability.,"Rotary hub must meet runout, flatness, bearing-seat tolerance, torque transfer, stiffness, and thermal stability.",sensitivity_flag,medium,precision_motion;rotary_runout,"Ready CNC can proxy the hub, but rotary accuracy remains a simulation sensitivity."
route_batch_03,ebf3_hv_transformer_internal_hv_lead_set,ebf3_sectioned_hv_step_up_transformer,implemented_split_child,0.6,aluminum_or_copper_hv_lead,local_derived,route_gap,wire_drawing_aluminum_v0,electrical_wire_and_connectors_production_v0;insulated_wire_formation_v0,labor_bot_general_v0,"HV leads need conductor forming/drawing, insulation, termination, bend radius, and voltage-standoff qualification beyond current route.","Internal HV lead must meet voltage standoff, corona-free routing, thermal rise, insulation compatibility with transformer oil/potting, and termination smoothness.",import_until_gap_resolved,medium,hv_lead;wire_drawing_blocked;insulation_gap;semantic_audit:hv_lead_gap,Internal HV transformer leads are a route gap until conductor and insulation routes close.
route_batch_03,ebf3_hv_transformer_primary_winding_set,ebf3_sectioned_hv_step_up_transformer,implemented_split_child,1.2,copper_magnet_wire,scarce_trace,earth_import,coil_winding_basic_v0,wire_copper_magnet_production_v0;coil_insulation_production_v0,labor_bot_general_v0;chemical_reactor_basic,Copper is scarce/import-heavy; coil_winding_basic_v0 requires non-Ready coil_winding_machine; winding insulation class is not proven.,"Primary winding must meet turns count, conductor ampacity, insulation class, dielectric withstand, temperature rise, fill factor, and transformer coupling.",import_nominal,high,architecture_sensitive;hv_winding;copper;blocked_winding,Copper HV transformer winding is an import-first specialty electrical item despite some placeholder KB processes.
route_batch_03,ebf3_spatter_shield_mounting_tab_set,ebf3_spatter_shielding,existing_route_as_leaf,0.15,steel_or_aluminum,local_derived,lunar_candidate_flagged,machining_basic_v0,sheet_making_from_ingot_to_metal_sheet_v0;inspection_basic_v0,multi_axis_cnc_machining_center;labor_bot_general_v0,,"Tabs must survive spatter heat exposure, maintain shield retention, avoid burrs, and keep vacuum-compatible surfaces.",sensitivity_flag,medium,thermal_spatter;shield_mount,"Simple shield tabs can be local metal parts, with thermal/spatter exposure flagged."
route_batch_03,ebf3_substrate_clamp_jaw_set,ebf3_substrate_clamp,existing_route_as_leaf,0.55,steel,local_derived,lunar_candidate_flagged,machining_basic_v0,inspection_basic_v0,multi_axis_cnc_machining_center;labor_bot_general_v0,,"Clamp jaws must meet gripping force, flatness, thermal stability, substrate protection, and repeatable positioning.",sensitivity_flag,medium,clamping;thermal;stiffness,"Local steel machining is plausible, but clamp contact and thermal behavior affect build quality."
route_batch_03,ebf3_tank_side_bushing_mounting_flange,ebf3_tank_side_hv_output_bushing,existing_route_as_leaf,0.3,steel,local_derived,lunar_candidate_flagged,machining_basic_v0,electrical_feedthrough_vacuum_fabrication_v0;leak_test_v0,multi_axis_cnc_machining_center;labor_bot_general_v0,,"Bushing flange must meet sealing face flatness, HV creepage/clearance, oil/vacuum compatibility, grounding, and mechanical retention.",sensitivity_flag,medium,hv_bushing;vacuum_seal_interface,"The flange body can be local, but bushing sealing and HV geometry make it flagged."
route_batch_03,ebf3_thermal_isolation_standoff_washer_set,ebf3_thermal_isolation_standoffs,existing_route_as_leaf,0.06,alumina_ceramic_v0,local_derived,route_gap,ceramic_sintering_process_v0,alumina_extraction_from_highlands_v0;ceramic_powder_synthesis_v0,labor_bot_general_v0;ball_mill_v0,ceramic_sintering_process_v0 requires kiln_ceramic which is not Ready; fastener_kit_medium is only a shape proxy and does not prove ceramic washer material.,"Washer must meet thermal isolation, compressive strength, dielectric isolation if present, creep/cracking resistance, and vacuum cleanliness.",import_until_gap_resolved,medium,ceramic_standoff;thermal;blocked_sintering,Alumina washer material is plausible but the fired ceramic process route is not Ready.
route_batch_03,ebf3_positioning_motor_cable_shield_set,ebf3_vacuum_compatible_motor_cabling,existing_route_as_leaf,0.16,aluminum_or_steel_shield,local_derived,lunar_candidate_flagged,sheet_making_from_ingot_to_metal_sheet_v0,machining_basic_v0;assembly_basic_v0,labor_bot_general_v0;multi_axis_cnc_machining_center;assembly_tools_basic,,"Cable shield must meet EMI continuity, grounding termination, flex/vibration survival, voltage clearance, and vacuum-compatible surfaces.",sensitivity_flag,medium,emi_shield;motion_cable;hv_clearance,"Local sheet/metal shield material is plausible, but cable integration and shielding performance remain flagged."
route_batch_03,ebf3_positioning_signal_conductor_set,ebf3_vacuum_compatible_signal_cabling,existing_route_as_leaf,0.24,aluminum_signal_conductor,local_derived,route_gap,wire_drawing_aluminum_v0,electrical_wire_and_connectors_production_v0,labor_bot_general_v0,wire_drawing_aluminum_v0 requires non-Ready wire_drawing_die_set; copper alternative is scarce/import-heavy.,"Signal conductor must meet resistance, noise/EMI behavior, termination quality, flex life, insulation, and vacuum outgassing.",import_until_gap_resolved,medium,signal_conductor;wire_drawing_blocked;vacuum_cabling,Aluminum conductor is lunar-plausible but wire drawing and vacuum cable qualification are unresolved.
route_batch_03,ebf3_wire_feed_drive_roll_groove_profile,ebf3_wire_feed_drive_roll,existing_route_as_leaf,0.05,hardened_steel,local_derived,route_gap,machining_basic_v0,heat_treat_basic_v0;inspection_basic_v0,multi_axis_cnc_machining_center;labor_bot_general_v0,"Drive-roll groove depends on hardened wear surface, grip, concentricity, surface finish, heat treatment, and wear qualification beyond CNC shape.","Groove profile must meet wire grip, concentricity, surface finish, wear resistance, and no wire damage.",import_until_gap_resolved,medium,wire_feed_wear;motion_contact;semantic_audit:drive_roll_wear_gap,Wire-feed drive-roll groove profile is route_gap until heat treatment and wear/traction qualification close.
route_batch_03,ebf3_wire_feed_motor_mount_clamp_fastener_set,ebf3_wire_feed_motor_mount_clamp,existing_route_as_leaf,0.08,steel_fastener_set,local_derived,lunar_candidate_flagged,fastener_kit_small_fabrication_v0,machining_basic_v0;inspection_basic_v0,labor_bot_general_v0;multi_axis_cnc_machining_center;assembly_tools_basic,,"Clamp fasteners must maintain preload, preserve motor alignment, resist vibration loosening, and avoid galling in vacuum.",sensitivity_flag,medium,motion_mount;fastener_preload,"Ready fastener route is available, but motor mount alignment/preload is a motion-system sensitivity."
route_batch_03,ebf3_wire_feed_pressure_roll,ebf3_wire_feed_pressure_arm,existing_route_as_leaf,0.25,steel,local_derived,route_gap,machining_basic_v0,heat_treat_basic_v0;inspection_basic_v0,multi_axis_cnc_machining_center;labor_bot_general_v0,"Pressure roll needs hardened/contact surface, concentricity, contamination control, and feed-life performance beyond CNC shape.","Pressure roll must meet concentricity, surface finish, grip force, wear resistance, and avoid wire contamination/damage.",import_until_gap_resolved,medium,wire_feed_roll;wear;motion_contact;semantic_audit:pressure_roll_wear_gap,Wire-feed pressure roll is a route gap until local heat treatment and roll wear qualification are explicit.
route_batch_03,ebf3_spool_hub,ebf3_wire_feeder,existing_route_as_leaf,0.6,steel,local_derived,lunar_candidate,machining_basic_v0,inspection_basic_v0,multi_axis_cnc_machining_center;labor_bot_general_v0,,"Spool hub must carry spool load, maintain concentricity adequate for feed, and resist loosening/wear.",local_nominal,medium,wire_spool_mechanical,A spool hub is ordinary steel hardware and fits the Ready CNC local route.
route_batch_03,ebf3_wire_feeder_base_stiffener,ebf3_wire_feeder,existing_route_as_leaf,0.4,steel,local_derived,lunar_candidate,frame_fabrication_from_raw_metal_v0,machining_basic_v0;inspection_basic_v0,labor_bot_general_v0;multi_axis_cnc_machining_center,,"Base stiffener must provide stiffness, mounting fit, and low-distortion support for the wire feeder.",local_nominal,medium,structural,Simple feeder base stiffener is suitable for nominal local steel fabrication.
route_batch_03,ebf3_wire_feeder_base_plate,ebf3_wire_feeder_base,existing_route_as_leaf,1.8,steel_plate,local_derived,lunar_candidate_flagged,sheet_making_from_ingot_to_metal_sheet_v0,machining_basic_v0;inspection_basic_v0,labor_bot_general_v0;multi_axis_cnc_machining_center,,"Base plate must meet flatness, stiffness, hole-pattern tolerance, vibration stability, and thermal stability.",sensitivity_flag,medium,base_plate;flatness;stiffness,KB has a Ready placeholder sheet/plate route and CNC finishing; flatness/stiffness should remain flagged.
route_batch_03,ebf3_wire_feeder_feedthrough_motor_power_pin_set,ebf3_wire_feeder_feedthrough_connector,existing_route_as_leaf,0.08,kovar_or_copper_alloy_power_pin_set,import_or_recycle,earth_import,import_receiving_basic_v0,,labor_bot_general_v0,"Hermetic power pins rely on specialty conductor/seal materials, dielectric standoff, current capacity, and leak-rate qualification.","Motor power pins must meet current capacity, dielectric standoff, hermeticity, contact resistance, thermal expansion match, and vibration survival.",import_nominal,low,feedthrough_pin;vacuum;power;special_alloy;semantic_audit:hermetic_power_pin_import,Wire-feeder feedthrough motor-power pin set is specialty hermetic hardware; count Earth import in first simulation.
route_batch_03,ebf3_wire_feeder_gun_bracket_body,ebf3_wire_feeder_mount_to_gun_bracket,existing_route_as_leaf,0.8,steel,local_derived,lunar_candidate_flagged,machining_basic_v0,assembly_basic_v0;inspection_basic_v0,multi_axis_cnc_machining_center;labor_bot_general_v0;assembly_tools_basic,,"Gun bracket must maintain wire feeder alignment to gun, stiffness under feed loads, thermal stability, and beam-adjacent vacuum compatibility.",sensitivity_flag,medium,electron_beam_alignment;wire_feed_mount,"Local steel machining is plausible, but beam/wire alignment requirements make it flagged."
route_batch_03,ebf3_wire_spool_retention_feature_set,ebf3_wire_spool,existing_route_as_leaf,0.1,steel,local_derived,lunar_candidate,machining_basic_v0,fastener_kit_small_fabrication_v0;inspection_basic_v0,multi_axis_cnc_machining_center;labor_bot_general_v0;assembly_tools_basic,,"Retention feature must hold spool axially, resist vibration loosening, and allow service without galling.",local_nominal,medium,wire_spool_mechanical,Simple steel retention hardware can be locally machined or produced from local fastener route.
route_batch_03,ebf3_z_axis_counterbalance_metal_spring_element,ebf3_z_axis_counterbalance_force_element,implemented_split_child,0.35,spring_steel,local_derived,route_gap,heat_treat_basic_v0,machining_basic_v0;inspection_basic_v0,labor_bot_general_v0;multi_axis_cnc_machining_center,heat_treat_basic_v0 requires heat_treatment_furnace_v0 which audit marks machine_audit_no_capabilities; fatigue testing route is not proven.,"Counterbalance spring must meet force-deflection curve, fatigue life, creep/relaxation, thermal stability, safety margin, and vacuum/galling compatibility.",import_until_gap_resolved,medium,architecture_assumption:metal_spring_counterbalance_baseline;spring;heat_treat_blocked,"Architecture assumption metal_spring_counterbalance_baseline is recorded, but spring temper and fatigue route are not Ready, so keep this as a gap."
route_batch_04,ebf3_axis_home_sensor_target_set,ebf3_axis_home_sensors,existing_route_as_leaf,0.08,steel_plate_or_sheet,local_derived,lunar_candidate_flagged,machining_basic_v0,assembly_basic_v0,multi_axis_cnc_machining_center;labor_bot_general_v0;assembly_tools_basic,,repeatable sensor target geometry; stable mounting; nonmagnetic or known magnetic response if sensor type requires it,sensitivity_flag,medium,performance_flag:motion;performance_flag:circuit;candidate_fit:none,Small steel target is locally machinable with Ready CNC and assembly tools but sensor repeatability makes it a flagged local route.
route_batch_04,ebf3_ball_nut_body_set,ebf3_ball_nuts,existing_route_as_leaf,1.1,hardened_bearing_steel,local_derived,route_gap,ball_screw_fabrication_v0,precision_grinding_basic_v0,labor_bot_general_v0,"Ball-nut body needs precision race geometry, preload, hardening, finish, grinding, QA, and vacuum lubrication beyond current route.",preload class; thread geometry; race hardness; low backlash; vacuum compatible lubrication,import_until_gap_resolved,medium,performance_flag:precision_motion;candidate_fit:accuracy_risk;semantic_audit:ball_nut_route_gap,Ball-nut body is a reusable precision motion route gap rather than a deferred fallback.
route_batch_04,ebf3_x_axis_ball_screw_shaft,ebf3_ball_screw_shafts,existing_route_as_leaf,1,hardened_steel_bar,local_derived,route_gap,steel_shaft_machining_v1,precision_grinding_basic_v0,labor_bot_general_v0;multi_axis_cnc_machining_center,"Ball-screw shaft needs precision lead, ground race/thread finish, hardness, straightness, inspection, and vacuum lubricant interface beyond steel machining.",lead accuracy; straightness; surface hardness; finish; vacuum compatible lubricant interface,import_until_gap_resolved,medium,performance_flag:precision_motion;candidate_fit:accuracy_risk;semantic_audit:ball_screw_route_gap,X-axis ball-screw shaft is route_gap aligned with other precision screw shafts.
route_batch_04,ebf3_beam_current_return_flexible_conductor,ebf3_beam_current_return_strap,existing_route_as_leaf,0.32,aluminum_flexible_conductor,local_derived,route_gap,metal_wire_drawing_process_v0,power_cable_assembly_v0,labor_bot_general_v0,"Flexible high-current conductor needs wire/braid fabrication, terminations, contact resistance, thermal cycling, and vacuum clearance qualification.",current capacity; flexibility after thermal cycling; low contact resistance; vacuum compatible insulation or bare braid clearance,import_until_gap_resolved,medium,performance_flag:HV;performance_flag:thermal;candidate_fit:accuracy_risk;semantic_audit:flexible_current_return_gap,"Beam-current return flexible conductor is a repeated conductor/termination route gap, not merely deferred fallback."
route_batch_04,ebf3_cabin_access_door_hinge_bushing_or_bearing_set,ebf3_cabin_access_door_hinge_set,implemented_split_child,0.5,steel_bushing_or_bearing_steel,local_derived,lunar_candidate_flagged,machining_basic_v0,assembly_basic_v0,multi_axis_cnc_machining_center;labor_bot_general_v0;assembly_tools_basic,,hinge load; wear clearance; galling control; dry or vacuum compatible lubrication,sensitivity_flag,medium,performance_flag:motion;implemented_split_child,Can be modeled as locally machined steel bushing hardware if plain-bearing performance is acceptable; ball or sealed bearing interpretation remains a risk.
route_batch_04,ebf3_cabin_access_door_latch_fastener_interface_set,ebf3_cabin_access_door_latch_set,implemented_split_child,0.5,steel_fastener_interface,local_derived,lunar_candidate_flagged,machining_basic_v0,assembly_basic_v0,multi_axis_cnc_machining_center;labor_bot_general_v0;assembly_tools_basic,,latch strength; thread fit; vibration retention,sensitivity_flag,high,implemented_split_child;performance_flag:vacuum_door_latch,"Latch fastener/interface hardware is simple local steel work, but preload retention affects vacuum-door seal compression and should be flagged."
route_batch_04,ebf3_cabin_access_door_latch_strike_or_bar_set,ebf3_cabin_access_door_latch_set,implemented_split_child,0.8,steel_bar_or_strike,local_derived,lunar_candidate_flagged,machining_basic_v0,assembly_basic_v0,multi_axis_cnc_machining_center;labor_bot_general_v0;assembly_tools_basic,,latch load path; wear face hardness; door alignment tolerance,sensitivity_flag,high,implemented_split_child;performance_flag:vacuum_door_latch,"The latch strike/bar is locally machinable steel, but wear, alignment, and seal compression load path make it a sensitivity item."
route_batch_04,ebf3_cabin_gun_port_flange_ring,ebf3_cabin_gun_mounting_port,existing_route_as_leaf,5,steel_plate_or_ring,local_derived,lunar_candidate_flagged,machining_basic_v0,component_to_seal_from_raw_material_v0,multi_axis_cnc_machining_center;labor_bot_general_v0,,vacuum sealing face flatness; bolt circle accuracy; low distortion; electron gun alignment stability,sensitivity_flag,medium,performance_flag:vacuum;performance_flag:electron_beam;candidate_fit:none,Steel flange stock can be machined locally with Ready CNC but vacuum leak performance and gun alignment need simulation flags.
route_batch_04,ebf3_cabin_positioning_floor_mount_plate,ebf3_cabin_positioning_mount_interface,existing_route_as_leaf,12,steel_plate_or_sheet,local_derived,lunar_candidate_flagged,machining_basic_v0,mounting_bracket_steel_forming_v1,multi_axis_cnc_machining_center;labor_bot_general_v0,,flatness; hole pattern tolerance; stiffness under positioning loads; vacuum compatible surface,sensitivity_flag,medium,performance_flag:interface_tolerance;performance_flag:vacuum;candidate_fit:accuracy_risk,Stock plate and machining are Ready enough but positioning datum quality and vacuum environment require a flagged route.
route_batch_04,ebf3_cabin_wire_feeder_port_flange_ring,ebf3_cabin_wire_feeder_mounting_port,existing_route_as_leaf,6,steel_plate_or_ring,local_derived,lunar_candidate_flagged,machining_basic_v0,component_to_seal_from_raw_material_v0,multi_axis_cnc_machining_center;labor_bot_general_v0,,vacuum sealing face flatness; feedthrough alignment; bolt preload retention,sensitivity_flag,medium,performance_flag:vacuum;candidate_fit:none,Local steel machining is plausible but the vacuum port interface should carry a leak-rate flag.
route_batch_04,ebf3_heater_supply_heat_sink,ebf3_cathode_heater_supply,existing_route_as_leaf,1.2,aluminum_heat_sink,local_derived,lunar_candidate_flagged,heat_sink_extrusion_v0,machining_basic_v0,labor_bot_general_v0;multi_axis_cnc_machining_center,,thermal resistance; mounting flatness; electrical isolation if required; acceptable temperature rise,sensitivity_flag,medium,performance_flag:thermal;candidate_fit:likely_reuse,Aluminum heat sink material is lunar-derived in principle and Ready machining exists but heat-load adequacy needs a sensitivity flag.
route_batch_04,ebf3_drive_roll_carrier_body,ebf3_drive_roll_carrier,existing_route_as_leaf,0.11,steel_stock,local_derived,lunar_candidate,machining_basic_v0,assembly_basic_v0,multi_axis_cnc_machining_center;labor_bot_general_v0;assembly_tools_basic,,roll alignment; modest stiffness; fastener fit,local_nominal,high,candidate_fit:none,Small drive-roll carrier body is a routine local steel machining candidate.
route_batch_04,ebf3_ebf_wire_guide_tip_wear_orifice,ebf3_ebf_wire_guide_tip,existing_route_as_leaf,0.05,alumina_ceramic_v0,local_derived,route_gap,ceramic_forming_basic_v0,ceramic_sintering_high_temp_v0,labor_bot_general_v0,ceramic_forming_basic_v0 needs hydraulic_press and pressing_mold_set not Ready; ceramic_sintering_high_temp_v0 needs kiln_ceramic not Ready,wear orifice diameter; dielectric strength; thermal shock resistance; wire sliding wear,import_until_gap_resolved,medium,performance_flag:precision_wear;candidate_fit:none;policy_fix:route_gap_import_until_resolved,Alumina is a good lunar-derived material but the Ready machine audit does not support shaped and sintered precision ceramic parts yet.
route_batch_04,ebf3_emi_filter_choke_mounting_base_set,ebf3_emi_filter_choke_set,implemented_split_child,0.07,aluminum_or_steel_mount,local_derived,lunar_candidate_flagged,machining_basic_v0,assembly_basic_v0,multi_axis_cnc_machining_center;labor_bot_general_v0;assembly_tools_basic,,creepage clearance if conductive; mechanical retention; magnetic field interaction kept low,sensitivity_flag,medium,performance_flag:magnetic;performance_flag:electronics;implemented_split_child,The base itself is locally machinable but EMI choke proximity means material and spacing assumptions should be flagged.
route_batch_04,ebf3_feed_liner_tube,ebf3_feed_liner,existing_route_as_leaf,0.28,steel_tube_stock,local_derived,lunar_candidate_flagged,tube_bending_and_cutting_v0,machining_finish_basic_v0;inspection_basic_v0;cleaning_basic_v0,labor_bot_general_v0;tube_bender;metal_shear_or_saw;multi_axis_cnc_machining_center;cutting_tools_general;cleaning_station_basic_v0,,wire feed friction; wear; bore finish; burr control; vacuum outgassing; thermal stability; cleanliness,sensitivity_flag,medium,wire_feed;wear;vacuum_cleanliness,"Source-first decomposition selected a replaceable metallic guide tube; tube stock, CNC bore/end finishing, inspection, and cleaning are local-plausible, while wire-feed wear and vacuum cleanliness remain sensitivity flags."
route_batch_04,ebf3_gun_screen_electrode,ebf3_fixed_electron_beam_gun,existing_route_as_leaf,0.08,molybdenum_or_tungsten,scarce_trace,earth_import,tungsten_sintering_high_temp_v0,tungsten_extraction_meteorite_v0,labor_bot_general_v0,Refractory-metal routes depend on trace or meteoritic feedstock and tungsten_sintering_high_temp_v0 needs sintering_furnace_v0 and inert_atmosphere_system not Ready,electron optics geometry; high temperature stability; low sputter and contamination; precise aperture,import_nominal,high,performance_flag:refractory_metal;performance_flag:electron_beam;candidate_fit:none,Molybdenum or tungsten electrode mass is small but high performance and trace-material closure make Earth import the conservative first route.
route_batch_04,ebf3_floating_side_screw_bearing_retainer_set,ebf3_floating_side_screw_bearing_blocks,existing_route_as_leaf,0.15,steel_retainer,local_derived,lunar_candidate_flagged,machining_basic_v0,assembly_basic_v0,multi_axis_cnc_machining_center;labor_bot_general_v0;assembly_tools_basic,,bearing retention tolerance; runout contribution; preload stability; vacuum compatible fasteners,sensitivity_flag,medium,performance_flag:precision_motion;candidate_fit:accuracy_risk,Retainer hardware can be local machined steel but it interfaces with a precision bearing system so it should not be treated as ordinary structure.
route_batch_04,ebf3_gun_beam_boundary_collector_electrode,ebf3_gun_beam_boundary_pickup,existing_route_as_leaf,0.12,molybdenum_or_tungsten,scarce_trace,earth_import,tungsten_sintering_high_temp_v0,tungsten_extraction_meteorite_v0,labor_bot_general_v0,Refractory-metal supply is scarce and candidate KB route uses non-Ready sintering and inert atmosphere machines,electron beam interception heat load; dimensional stability; low secondary emission uncertainty; vacuum cleanliness,import_nominal,high,performance_flag:refractory_metal;performance_flag:electron_beam;candidate_fit:none,Collector electrode should be imported until a qualified refractory-metal route exists.
route_batch_04,ebf3_gun_cathode_radiation_shield_clip_set,ebf3_gun_cathode_radiation_shield,existing_route_as_leaf,0.01,steel_or_refractory_foil,local_derived,lunar_candidate_flagged,machining_basic_v0,assembly_basic_v0,multi_axis_cnc_machining_center;labor_bot_general_v0;assembly_tools_basic,If refractory foil is required then no Ready local refractory sheet route is available,radiation shield retention; cathode temperature exposure; HV clearance; low outgassing,sensitivity_flag,medium,performance_flag:thermal;performance_flag:HV;candidate_fit:none,If simple steel clips survive the thermal environment they are local; if true refractory foil clips are required this becomes an import fallback.
route_batch_04,ebf3_gun_column_gun_side_mating_flange,ebf3_gun_column,existing_route_as_leaf,0.55,steel_vacuum_flange,local_derived,lunar_candidate_flagged,machining_basic_v0,component_to_seal_from_raw_material_v0,multi_axis_cnc_machining_center;labor_bot_general_v0,,electron gun coaxiality; vacuum seal face; HV clearance; thermal distortion,sensitivity_flag,medium,performance_flag:electron_beam;performance_flag:vacuum;candidate_fit:none,Small flange is locally machinable but it is part of the electron-gun alignment and vacuum boundary.
route_batch_04,ebf3_gun_dynamic_lens_pole_pieces,ebf3_gun_dynamic_magnetic_lens,existing_route_as_leaf,0.3,soft_iron_or_low_carbon_steel,local_derived,lunar_candidate_flagged,machining_basic_v0,annealing_v0,multi_axis_cnc_machining_center;labor_bot_general_v0;annealing_oven_small,annealing_v0 references cooling_chamber_controlled which is not Ready; use as performance flag rather than clean local closure,magnetic permeability; saturation; pole face geometry; low remanence after anneal; electron beam alignment,sensitivity_flag,medium,performance_flag:magnetic;performance_flag:electron_beam;candidate_fit:accuracy_risk,Iron based pole pieces can be local but magnetic grade and annealed pole geometry are performance-sensitive.
route_batch_04,ebf3_gun_hv_input_central_conductor,ebf3_gun_hv_input,existing_route_as_leaf,0.18,aluminum_conductor,local_derived,lunar_candidate_flagged,machining_basic_v0,assembly_basic_v0,multi_axis_cnc_machining_center;labor_bot_general_v0;assembly_tools_basic,,HV creepage and clearance; smooth radius to avoid corona; contact resistance; vacuum cleanliness,sensitivity_flag,medium,performance_flag:HV;performance_flag:electron_beam;candidate_fit:accuracy_risk,Aluminum conductor can be machined locally but HV geometry and surface finish need flags.
route_batch_04,ebf3_gun_hv_insulator_metallized_end_interface_set,ebf3_gun_hv_insulator,existing_route_as_leaf,0.08,metallized_alumina_ceramic,local_derived,route_gap,ceramic_forming_basic_v0,brazing_process_v0;ceramic_sintering_high_temp_v0,labor_bot_general_v0;brazing_furnace_v0,"Metallized alumina HV/vacuum interface needs ceramic forming/sintering, metallization, brazing, dielectric, and leak-rate validation.",dielectric withstand; vacuum brazed or metallized bond integrity; partial discharge margin; thermal expansion match,import_until_gap_resolved,low,performance_flag:HV;performance_flag:vacuum;candidate_fit:none;semantic_audit:metallized_hv_ceramic_gap,Gun HV insulator metallized interface is a route gap until ceramic/metallization/braze qualification closes.
route_batch_04,ebf3_gun_main_lens_yoke,ebf3_gun_main_magnetic_lens,existing_route_as_leaf,0.6,soft_iron_or_low_carbon_steel,local_derived,lunar_candidate_flagged,machining_basic_v0,annealing_v0,multi_axis_cnc_machining_center;labor_bot_general_v0;annealing_oven_small,annealing_v0 references cooling_chamber_controlled which is not Ready; use as performance flag rather than clean local closure,magnetic flux capacity; low remanence; lens alignment; thermal stability near gun,sensitivity_flag,medium,performance_flag:magnetic;performance_flag:electron_beam;candidate_fit:accuracy_risk,Soft iron yoke is a plausible local route but magnetic properties and beam optics make it flagged.
route_batch_04,ebf3_gun_trajectory_corrector_insulator_set,ebf3_gun_trajectory_corrector,existing_route_as_leaf,0.08,alumina_ceramic_v0,local_derived,route_gap,ceramic_forming_basic_v0,ceramic_sintering_high_temp_v0,labor_bot_general_v0,Shaped HV ceramic insulator needs forming/sintering plus dielectric/tracking qualification beyond alumina feedstock.,dielectric withstand; tracking resistance; thermal shock; electrode spacing stability,import_until_gap_resolved,medium,performance_flag:HV;performance_flag:electron_beam;candidate_fit:none;semantic_audit:trajectory_corrector_insulator_gap,Trajectory-corrector insulator set is a route gap until Ready ceramic and HV insulation tests exist.
route_batch_04,ebf3_gun_deflection_y_coil_pair,ebf3_gun_two_axis_deflection_coils,existing_route_as_leaf,0.3,aluminum_wire_plus_insulation,local_derived,route_gap,coil_winding_basic_v0,coil_insulation_production_v0,labor_bot_general_v0;chemical_reactor_basic,"Deflection coil pair controls beam steering and needs winding geometry, insulation, vacuum outgassing, heat rejection, field linearity, and calibration.",ampere-turns; winding geometry; insulation class; vacuum outgassing; magnetic field linearity,import_until_gap_resolved,medium,performance_flag:coil;performance_flag:magnetic;performance_flag:electron_beam;candidate_fit:none;semantic_audit:deflection_coil_gap,"Y deflection coil pair is a route gap, not a deferred low-priority fallback."
route_batch_04,ebf3_hv_cable_dielectric_insulation,ebf3_hv_cable_to_gun,existing_route_as_leaf,0.36,polymer_hv_dielectric,import_or_recycle,earth_import,power_cable_assembly_v0,coil_insulation_production_v0,labor_bot_general_v0;chemical_reactor_basic,HV polymer dielectric depends on scarce C/H chemistry and cable assembly needs crimping_tool_set and wire_stripper_set not Ready,dielectric strength; partial discharge margin; bend radius; vacuum outgassing; radiation aging,import_nominal,high,performance_flag:HV;performance_flag:polymer_dielectric;candidate_fit:accuracy_risk,HV cable insulation is a qualified polymer dielectric item and should be imported in the first model.
route_batch_04,ebf3_hv_return_current_monitor_insulating_mount,ebf3_hv_output_return_current_monitor,existing_route_as_leaf,0.12,alumina_ceramic_v0,local_derived,route_gap,ceramic_forming_basic_v0,ceramic_sintering_high_temp_v0,labor_bot_general_v0,"Shaped HV ceramic insulating mount needs creepage, leakage, alignment, ceramic forming/sintering, and dielectric QA beyond current Ready machines.",dielectric withstand; creepage distance; monitor alignment; low leakage current,import_until_gap_resolved,medium,performance_flag:HV;performance_flag:interface_tolerance;candidate_fit:none;semantic_audit:hv_monitor_insulator_gap,HV return-current monitor insulating mount is a route gap until ceramic and HV leakage validation close.
route_batch_04,ebf3_hv_tank_shell,ebf3_hv_tank_enclosure,existing_route_as_leaf,8,steel_sheet_or_shell,local_derived,route_gap,machining_basic_v0,metal_fabrication_basic_v0,multi_axis_cnc_machining_center;labor_bot_general_v0;assembly_tools_basic,"Steel shell fabrication is plausible, but oil/vacuum containment, leak-tight seams, HV clearance, and cleanliness qualification are not closed.",oil or vacuum containment; HV clearance; leak tight seams; structural stiffness; thermal expansion,import_until_gap_resolved,medium,performance_flag:HV;performance_flag:vacuum;candidate_fit:none;route_gap:hv_oil_tank_shell_qualification,The HV tank shell should not be counted as local merely because steel is local; containment and HV service qualification remain route gaps.
route_batch_04,ebf3_hv_tank_ground_lug,ebf3_hv_tank_grounding_terminal,existing_route_as_leaf,0.12,aluminum_or_steel_lug,local_derived,lunar_candidate_flagged,machining_basic_v0,assembly_basic_v0,multi_axis_cnc_machining_center;labor_bot_general_v0;assembly_tools_basic,,low resistance bond; fault-current capacity; corrosion and loosening control; HV grounding geometry,sensitivity_flag,medium,performance_flag:HV;performance_flag:circuit;candidate_fit:none,Ground lug is simple local metal hardware but current rating and bond integrity should be flagged.
route_batch_04,ebf3_hv_pressure_relief_seal,ebf3_hv_tank_pressure_relief,existing_route_as_leaf,0.08,silicone_rubber,import_or_recycle,earth_import,silicone_rubber_vulcanization_v0,gasket_sheet_cut_to_part_v0,labor_bot_general_v0,Silicone or elastomer route depends on scarce volatile chemistry and non-Ready forming or cutting equipment; qualified pressure relief seal is not locally closed,HV oil compatibility; pressure relief leak rate; compression set; outgassing; thermal aging,import_nominal,high,performance_flag:HV;performance_flag:vacuum_seal;candidate_fit:accuracy_risk,This is a seal-critical polymer item and should be imported rather than proxied as local rubber.
route_batch_04,ebf3_input_rectifier_heat_sink,ebf3_input_rectifier,existing_route_as_leaf,0.8,aluminum_heat_sink,local_derived,lunar_candidate_flagged,heat_sink_extrusion_v0,machining_basic_v0,labor_bot_general_v0;multi_axis_cnc_machining_center,,rectifier heat load; mounting flatness; electrical isolation; thermal cycling,sensitivity_flag,medium,performance_flag:thermal;performance_flag:electronics;candidate_fit:accuracy_risk,Local aluminum heat sink route is plausible but circuit thermal rating must be checked.
route_batch_04,ebf3_hv_lead_support_standoff_set,ebf3_internal_hv_leads_terminals,existing_route_as_leaf,0.2,alumina_ceramic_v0,local_derived,route_gap,ceramic_forming_basic_v0,ceramic_sintering_high_temp_v0,labor_bot_general_v0,"HV lead standoffs need shaped ceramic production, creepage design, dielectric withstand, and vacuum cleanliness beyond alumina material.",dielectric withstand; creepage; mechanical support under launch or handling; vacuum cleanliness,import_until_gap_resolved,medium,performance_flag:HV;candidate_fit:accuracy_risk;semantic_audit:hv_standoff_gap,HV lead support standoffs are a route gap until ceramic manufacturing and test coverage are Ready.
route_batch_04,ebf3_linear_encoder_scale_strip_set,ebf3_linear_encoder_scales,existing_route_as_leaf,0.75,precision_glass_scale,local_derived,earth_import,glass_melting_and_forming_v0,,labor_bot_general_v0;casting_mold_set,glass_melting_and_forming_v0 needs glass_furnace_v0 and optical_pyrometer_temperature_sensor_v0 not Ready; no Ready grating or precision encoder-scale process exists,scale pitch accuracy; thermal expansion calibration; optical surface quality; read-head compatibility,import_nominal,high,performance_flag:precision_motion;performance_flag:optical_scale;candidate_fit:accuracy_risk,Glass as a material is lunar-derived but a linear encoder scale is precision metrology hardware and should be imported.
route_batch_04,ebf3_linear_guide_rail_body_set,ebf3_linear_guide_rails,existing_route_as_leaf,2.4,hardened_steel_rail,local_derived,route_gap,steel_shaft_machining_v1,precision_grinding_basic_v0,labor_bot_general_v0;multi_axis_cnc_machining_center,"Precision linear guide rails need raceway hardness, straightness, preload, finish, grinding, inspection, and vacuum lubrication route beyond steel stock.",straightness; raceway hardness; preload compatibility; surface finish; vacuum compatible lubrication,import_until_gap_resolved,medium,performance_flag:precision_motion;candidate_fit:accuracy_risk;semantic_audit:linear_guide_route_gap,Linear guide rail body is a foundational precision motion route gap.
route_batch_04,ebf3_disconnect_switch_actuator,ebf3_main_disconnect_switch,existing_route_as_leaf,0.4,silicone_rubber_or_engineering_polymer,import_or_recycle,earth_import,silicone_rubber_vulcanization_v0,assembly_basic_v0,labor_bot_general_v0;assembly_tools_basic,Polymer feedstock depends on scarce volatile chemistry and switch dielectric or arc-safe actuator requirements are not locally closed,electrical isolation; arc tracking resistance; mechanical life; operator force; outgassing if inside vacuum,import_nominal,medium,performance_flag:electronics;performance_flag:polymer;candidate_fit:none,Polymer switch actuator should be modeled as import unless redesigned as a local ceramic or metal insulated mechanism.
route_batch_04,ebf3_matching_network_inductor_terminal_set,ebf3_matching_network_inductor_set,implemented_split_child,0.08,aluminum_terminal,local_derived,lunar_candidate_flagged,machining_basic_v0,assembly_basic_v0,multi_axis_cnc_machining_center;labor_bot_general_v0;assembly_tools_basic,,RF or high-current contact resistance; thermal rise; clearance; magnetic field heating,sensitivity_flag,medium,performance_flag:HV;performance_flag:coil;implemented_split_child,Aluminum terminal is locally machinable but matching network electrical and thermal ratings require a flagged route.
route_batch_04,ebf3_motor_coupling_hub_set,ebf3_motor_couplings,existing_route_as_leaf,0.28,steel_hub,local_derived,lunar_candidate_flagged,machining_basic_v0,assembly_basic_v0,multi_axis_cnc_machining_center;labor_bot_general_v0;assembly_tools_basic,,concentricity; torque capacity; clamp screw fit; balance; vacuum compatible interface,sensitivity_flag,medium,performance_flag:precision_motion;candidate_fit:accuracy_risk,Hub can be local machined steel but coupling alignment and motion accuracy should be flagged.
route_batch_04,ebf3_moveable_build_platform_clamp_slot_set,ebf3_moveable_build_platform,existing_route_as_leaf,0.7,steel_plate_or_sheet,local_derived,lunar_candidate_flagged,machining_basic_v0,assembly_basic_v0,multi_axis_cnc_machining_center;labor_bot_general_v0;assembly_tools_basic,,slot position tolerance; clamp repeatability; stiffness; thermal distortion near build area,sensitivity_flag,medium,performance_flag:interface_tolerance;candidate_fit:none,Local machining is plausible but build-platform fixturing repeatability is performance-sensitive.
route_batch_04,ebf3_multi_channel_heat_sink,ebf3_multi_channel_driver_module,existing_route_as_leaf,1.2,aluminum_heat_sink,local_derived,lunar_candidate_flagged,heat_sink_extrusion_v0,machining_basic_v0,labor_bot_general_v0;multi_axis_cnc_machining_center,,channel thermal load; mounting flatness; dielectric spacing; temperature rise under driver duty cycle,sensitivity_flag,medium,performance_flag:thermal;performance_flag:electronics;candidate_fit:likely_reuse,Local aluminum heat sink is reasonable but electronics thermal margin should be simulated as flagged.
route_batch_04,ebf3_positioning_bellows_end_retainer_set,ebf3_positioning_bellows_cover,existing_route_as_leaf,0.18,steel_retainer,local_derived,lunar_candidate_flagged,machining_basic_v0,assembly_basic_v0,multi_axis_cnc_machining_center;labor_bot_general_v0;assembly_tools_basic,,retainer fit; abrasion avoidance; fastener retention,sensitivity_flag,high,candidate_fit:none;performance_flag:vacuum_motion_bellows,"The retainer is simple steel hardware, but it interfaces with a moving vacuum bellows cover and abrasion/fatigue behavior should be flagged."
route_batch_04,ebf3_positioning_feedthrough_insulator_body,ebf3_positioning_electrical_feedthrough,existing_route_as_leaf,0.4,alumina_ceramic_v0,local_derived,route_gap,electrical_feedthrough_vacuum_fabrication_v0,ceramic_forming_basic_v0;ceramic_sintering_high_temp_v0,labor_bot_general_v0,"Vacuum feedthrough insulator needs ceramic manufacturing, metallized/sealed interfaces, pin alignment, dielectric withstand, and leak-rate qualification.",dielectric withstand; helium leak rate; pin alignment; thermal expansion match; outgassing,import_until_gap_resolved,medium,performance_flag:HV;performance_flag:vacuum;candidate_fit:accuracy_risk;semantic_audit:positioning_feedthrough_insulator_gap,Positioning feedthrough insulator body is a route gap until qualified ceramic/metallized feedthrough route exists.
route_batch_04,ebf3_power_electronics_cold_plate_port_interface_set,ebf3_power_electronics_cooling_duct_or_line_set,implemented_split_child,0.3,aluminum_cold_plate_port,local_derived,lunar_candidate_flagged,machining_basic_v0,brazing_process_v0,multi_axis_cnc_machining_center;labor_bot_general_v0;brazing_furnace_v0,,thermal contact resistance; leak tight coolant or conduction interface; flatness; vacuum conduction assumption validity,sensitivity_flag,medium,performance_flag:thermal;architecture_assumption:lunar_vacuum_conduction_cold_plate_baseline;implemented_split_child,Architecture assumes lunar vacuum conduction cold plate baseline; aluminum port and remote-interface proxy machining are Ready but thermal interface performance is flagged.
route_batch_04,ebf3_power_electronics_cooling_plate_set,ebf3_power_electronics_thermal_management,existing_route_as_leaf,2,aluminum_plate,local_derived,lunar_candidate_flagged,machining_basic_v0,heat_sink_extrusion_v0,multi_axis_cnc_machining_center;labor_bot_general_v0,,thermal spreading resistance; flatness; mounting pattern; electrical isolation if needed,sensitivity_flag,medium,performance_flag:thermal;performance_flag:interface_tolerance;candidate_fit:accuracy_risk,Aluminum plate is a local candidate but electronics cooling performance should be flagged.
route_batch_04,ebf3_power_input_gland_seal,ebf3_power_input_cable_gland,existing_route_as_leaf,0.3,silicone_rubber,import_or_recycle,earth_import,silicone_rubber_vulcanization_v0,gasket_sheet_cut_to_part_v0,labor_bot_general_v0,Polymer seal chemistry and qualified cable-gland leak route are not Ready; gasket tools also include non-Ready cutting equipment,vacuum leak rate; cable compression sealing; outgassing; thermal cycling,import_nominal,high,performance_flag:vacuum_seal;candidate_fit:accuracy_risk,Cable gland seal is a qualified polymer sealing item and should be Earth import mass.
route_batch_04,ebf3_primary_transformer_insulation_set,ebf3_primary_isolation_transformer,existing_route_as_leaf,0.6,high_voltage_insulation_material,import_or_recycle,earth_import,coil_insulation_production_v0,assembly_basic_v0,chemical_reactor_basic;labor_bot_general_v0;assembly_tools_basic,Local KB has only generic coil insulation and not transformer-grade layered HV insulation with qualification,dielectric strength; thermal class; partial discharge margin; creepage; lifetime under switching stress,import_nominal,high,performance_flag:HV;performance_flag:electronics;candidate_fit:accuracy_risk,Transformer insulation is performance-critical and likely polymer or specialty composite; import in first simulation.
route_batch_04,ebf3_ripple_inductor_insulation_set,ebf3_ripple_damping_inductor,existing_route_as_leaf,0.12,coil_insulation_material,import_or_recycle,earth_import,coil_insulation_production_v0,coil_winding_basic_v0,chemical_reactor_basic;labor_bot_general_v0,Coil insulation depends on silicone or other scarce volatile chemistry and coil winding machine is not Ready,dielectric class; thermal rise; vibration endurance; outgassing; winding abrasion resistance,import_nominal,high,performance_flag:coil;performance_flag:electronics;candidate_fit:accuracy_risk,Small mass but insulation quality gates inductor reliability; count as Earth import.
route_batch_04,ebf3_rotary_axis_bearing_outer_ring,ebf3_rotary_axis_bearing,existing_route_as_leaf,1.3,hardened_bearing_steel,local_derived,route_gap,bearing_set_heavy_production_v0,precision_grinding_basic_v0,labor_bot_general_v0,"Bearing outer ring needs bearing-grade hardening, roundness, race finish, runout control, grinding, inspection, and lubricant compatibility.",raceway hardness; roundness; surface finish; runout; vacuum lubrication compatibility,import_until_gap_resolved,medium,performance_flag:precision_motion;candidate_fit:accuracy_risk;semantic_audit:bearing_ring_route_gap,Rotary bearing outer ring is route_gap until bearing ring production and QA close.
route_batch_04,ebf3_rotary_axis_table_mounting_pattern,ebf3_rotary_axis_table,existing_route_as_leaf,0.6,steel_plate_or_sheet,local_derived,lunar_candidate_flagged,machining_basic_v0,assembly_basic_v0,multi_axis_cnc_machining_center;labor_bot_general_v0;alignment_tools,,bolt pattern accuracy; rotary axis concentricity; clamp repeatability; stiffness,sensitivity_flag,medium,performance_flag:precision_motion;candidate_fit:none,Mounting pattern is locally machinable but rotary-axis alignment requirements make it flagged.
route_batch_04,ebf3_hv_transformer_interwinding_insulation_set,ebf3_sectioned_hv_step_up_transformer,implemented_split_child,1.5,high_voltage_insulation_material,import_or_recycle,earth_import,coil_insulation_production_v0,assembly_basic_v0,chemical_reactor_basic;labor_bot_general_v0;assembly_tools_basic,Transformer interwinding insulation grade and lifetime are not represented by a qualified Ready local process,dielectric withstand; partial discharge; thermal class; oil compatibility; layer thickness control,import_nominal,high,performance_flag:HV;performance_flag:electronics;implemented_split_child,HV transformer insulation is a high-consequence specialty material and should be imported.
route_batch_04,ebf3_hv_transformer_secondary_winding_set,ebf3_sectioned_hv_step_up_transformer,implemented_split_child,2.2,copper_magnet_wire,import_or_recycle,earth_import,copper_wire_drawing_and_insulation_v0,coil_winding_basic_v0,labor_bot_general_v0,Copper is low abundance and import-heavy per lunar material guide; coil_winding_basic_v0 also needs coil_winding_machine not Ready,current density; insulation build; HV layer spacing; thermal rise; winding geometry,import_nominal,high,performance_flag:HV;performance_flag:coil;implemented_split_child,Copper secondary winding is both material-scarce and performance-critical; use Earth import mass.
route_batch_04,ebf3_spatter_shield_retainer_set,ebf3_spatter_shielding,existing_route_as_leaf,0.25,steel_stock,local_derived,lunar_candidate,machining_basic_v0,assembly_basic_v0,multi_axis_cnc_machining_center;labor_bot_general_v0;assembly_tools_basic,,retainer strength; heat exposure tolerance; replaceability,local_nominal,high,candidate_fit:none,Spatter shield retainer is ordinary local steel hardware.
route_batch_04,ebf3_tank_side_bushing_central_conductor,ebf3_tank_side_hv_output_bushing,existing_route_as_leaf,0.25,aluminum_conductor,local_derived,lunar_candidate_flagged,machining_basic_v0,assembly_basic_v0,multi_axis_cnc_machining_center;labor_bot_general_v0;assembly_tools_basic,,HV field grading radius; contact resistance; bushing seal interface; vacuum or oil cleanliness,sensitivity_flag,medium,performance_flag:HV;performance_flag:vacuum;candidate_fit:accuracy_risk,Aluminum conductor can be local but bushing HV field control and sealing interface require flags.
route_batch_04,ebf3_thermal_imager_housing,ebf3_thermal_imaging_monitoring_system,existing_route_as_leaf,0.2,aluminum_housing,local_derived,lunar_candidate_flagged,aluminum_housing_machining_v1,assembly_basic_v0,labor_bot_general_v0;multi_axis_cnc_machining_center;assembly_tools_basic,,camera thermal path; vacuum compatibility; optical alignment mounting; electronics shielding,sensitivity_flag,medium,performance_flag:thermal;performance_flag:electronics;candidate_fit:accuracy_risk,Housing is locally machinable but camera alignment and thermal environment are not ordinary structural closure.
route_batch_04,ebf3_transformer_insulation_barrier_set,ebf3_transformer_insulation_spacers,existing_route_as_leaf,0.6,high_voltage_insulation_material,import_or_recycle,earth_import,coil_insulation_production_v0,assembly_basic_v0,chemical_reactor_basic;labor_bot_general_v0;assembly_tools_basic,No qualified Ready local process for transformer-grade insulation barrier material and dielectric lifetime,dielectric withstand; creepage spacing; thermal class; oil or vacuum compatibility; dimensional stability,import_nominal,high,performance_flag:HV;performance_flag:electronics;candidate_fit:accuracy_risk,Transformer insulation barriers should be imported for first simulation.
route_batch_04,ebf3_positioning_motor_power_conductor_set,ebf3_vacuum_compatible_motor_cabling,existing_route_as_leaf,0.32,aluminum_wire_with_vacuum_insulation,local_derived,route_gap,metal_wire_drawing_process_v0,power_cable_assembly_v0,labor_bot_general_v0,"Vacuum-compatible moving motor cabling needs wire drawing, cable termination, insulation, flex life, strain relief, and outgassing qualification.",current capacity; flex life; vacuum outgassing; bend radius; motor motion strain relief,import_until_gap_resolved,medium,performance_flag:HV;performance_flag:motion;candidate_fit:accuracy_risk;semantic_audit:moving_motor_cable_gap,Positioning motor power conductor set is a repeated vacuum cable route gap.
route_batch_04,ebf3_visible_camera_housing,ebf3_visible_camera,existing_route_as_leaf,0.3,aluminum_housing,local_derived,lunar_candidate_flagged,aluminum_housing_machining_v1,assembly_basic_v0,labor_bot_general_v0;multi_axis_cnc_machining_center;assembly_tools_basic,,optical axis mounting; thermal stability; vacuum compatibility; electronics shielding,sensitivity_flag,medium,performance_flag:electronics;performance_flag:optical;candidate_fit:accuracy_risk,Housing can be local machined but the camera subsystem remains precision imported or flagged.
route_batch_04,ebf3_wire_feed_encoder_target,ebf3_wire_feed_encoder_sensor,existing_route_as_leaf,0.08,steel_encoder_target,local_derived,lunar_candidate_flagged,machining_basic_v0,assembly_basic_v0,multi_axis_cnc_machining_center;labor_bot_general_v0;alignment_tools,,encoder target runout; index geometry; stable mounting; sensor material compatibility,sensitivity_flag,medium,performance_flag:precision_motion;candidate_fit:accuracy_risk,Small target is local machinable but encoder resolution and mounting assumptions are flagged.
route_batch_04,ebf3_wire_feed_motor_mount_clamp_half_set,ebf3_wire_feed_motor_mount_clamp,existing_route_as_leaf,0.28,steel_clamp_halves,local_derived,lunar_candidate_flagged,machining_basic_v0,assembly_basic_v0,multi_axis_cnc_machining_center;labor_bot_general_v0;assembly_tools_basic,,motor alignment; clamp preload; vibration retention; electrical isolation if required,sensitivity_flag,medium,performance_flag:precision_motion;performance_flag:interface_tolerance;candidate_fit:accuracy_risk,Clamp halves are local machining candidates but motor positioning and possible insulation needs make them flagged.
route_batch_04,ebf3_drive_roll_carrier_spacer,ebf3_wire_feeder,existing_route_as_leaf,0.1,steel_spacer,local_derived,lunar_candidate,machining_basic_v0,assembly_basic_v0,multi_axis_cnc_machining_center;labor_bot_general_v0;assembly_tools_basic,,spacer thickness tolerance; carrier alignment,local_nominal,high,candidate_fit:none,Simple steel spacer is local nominal.
route_batch_04,ebf3_spool_retaining_ring,ebf3_wire_feeder,existing_route_as_leaf,0.03,steel_retaining_ring,local_derived,lunar_candidate_flagged,machining_basic_v0,assembly_basic_v0,multi_axis_cnc_machining_center;labor_bot_general_v0;assembly_tools_basic,,retention load; spring or snap fit if applicable,sensitivity_flag,high,candidate_fit:none;performance_flag:spring_retainer_uncertain,"A small retaining ring is locally plausible, but if it relies on snap-ring spring temper or fatigue properties the route is not fully clean."
route_batch_04,ebf3_wire_inlet_guide,ebf3_wire_feeder,existing_route_as_leaf,0.15,steel_wire_guide,local_derived,lunar_candidate_flagged,machining_basic_v0,assembly_basic_v0,multi_axis_cnc_machining_center;labor_bot_general_v0;assembly_tools_basic,,wire path smoothness; wear; burr-free surface; alignment to feed rolls,sensitivity_flag,medium,performance_flag:motion;candidate_fit:none,Guide is local machinable but wire wear and alignment require a performance flag.
route_batch_04,ebf3_wire_feeder_base_standoff_set,ebf3_wire_feeder_base,existing_route_as_leaf,0.7,alumina_ceramic_v0,local_derived,route_gap,ceramic_forming_basic_v0,ceramic_sintering_high_temp_v0,labor_bot_general_v0,Ceramic forming and sintering need hydraulic_press pressing_mold_set and kiln_ceramic not Ready,compressive strength; dielectric isolation if required; mounting tolerance; thermal stability,import_until_gap_resolved,medium,performance_flag:ceramic;candidate_fit:none,Alumina standoff is a good local material but current Ready machine set does not close ceramic part fabrication.
route_batch_04,ebf3_wire_feeder_feedthrough_shield_termination_interface,ebf3_wire_feeder_feedthrough_connector,existing_route_as_leaf,0.03,aluminum_or_steel_shield,local_derived,lunar_candidate_flagged,machining_basic_v0,electrical_feedthrough_vacuum_fabrication_v0,multi_axis_cnc_machining_center;labor_bot_general_v0,Feedthrough fabrication route has specialty copper ceramic quartz inputs and no qualified vacuum seal process though labor is Ready,shield continuity; HV clearance; vacuum leak compatibility; contact resistance,sensitivity_flag,medium,performance_flag:HV;performance_flag:vacuum;candidate_fit:accuracy_risk,Small shield termination is locally machinable but the feedthrough interface performance is flagged.
route_batch_04,ebf3_wire_feeder_gun_bracket_fastener_interface_set,ebf3_wire_feeder_mount_to_gun_bracket,existing_route_as_leaf,0.2,steel_fastener_interface,local_derived,lunar_candidate_flagged,assembly_basic_v0,machining_basic_v0,labor_bot_general_v0;assembly_tools_basic;multi_axis_cnc_machining_center,,fastener preload; vibration retention; gun bracket alignment not carried by fasteners alone,sensitivity_flag,medium,candidate_fit:likely_reuse;semantic_audit:gun_interface_alignment_flag,"Generic steel fastener interface is locally plausible, but wire-feeder-to-gun preload, vibration retention, and alignment should be sensitivity flagged."
route_batch_04,ebf3_z_axis_brake_mount,ebf3_z_axis_brake,existing_route_as_leaf,0.2,steel_mount,local_derived,lunar_candidate_flagged,machining_basic_v0,assembly_basic_v0,multi_axis_cnc_machining_center;labor_bot_general_v0;assembly_tools_basic,,brake alignment; holding load path; stiffness; vibration retention,sensitivity_flag,medium,performance_flag:precision_motion;performance_flag:interface_tolerance;candidate_fit:none,Brake mount is locally machinable but motion safety and alignment justify a flagged route.
route_batch_04,ebf3_z_axis_counterbalance_preload_adjustment_interface,ebf3_z_axis_counterbalance_force_element,implemented_split_child,0.08,steel_adjuster_interface,local_derived,lunar_candidate_flagged,machining_basic_v0,assembly_basic_v0,multi_axis_cnc_machining_center;labor_bot_general_v0;assembly_tools_basic,If this includes the spring force element then spring-grade fatigue route is not closed; row treated as adjustment interface only,preload adjustability; thread locking; fatigue margin; force calibration,sensitivity_flag,medium,performance_flag:precision_motion;architecture_assumption:metal_spring_counterbalance_baseline;implemented_split_child,Architecture assumes metal spring counterbalance baseline; local route is plausible for the adjuster interface but spring fatigue performance remains flagged.
