item_id,parent_ids,name,current_mass_kg,mass_low_kg,mass_high_kg,unit,unit_kind,material_class,material_candidate,material_alternates,material_note,performance_checks,tolerance,surface_finish,sealing_quality,alignment_accuracy,existing_candidate,candidate_mass_kg,candidate_fit,candidate_note,suggested_decision,item_path
ebf3_adc_converter_board,ebf3_analog_input_adc_module,EBF3 adc converter board,0.4,0.16,1,unit,discrete,electronic,electronics_board_proxy,imported_electronics,Needs electronics readiness/import decision.,circuit function/rating,,,,,,,none,No same-level existing KB candidate found by rule.,needs_decomposition_or_import_decision,kb/items/parts/ebf3_adc_converter_board.yaml
ebf3_adc_module_connector_set,ebf3_analog_input_adc_module,EBF3 adc module connector set,0.1,0.033,0.3,unit,discrete,electronic,copper_alloy_contact,ceramic_or_polymer_body,Contact/body materials should be split if closure matters.,voltage/current/dielectric rating; circuit function/rating,,,,,connector_electrical_multi_pin,0.1,accuracy_risk,"Pin count, seal, and rating assumptions are hidden.",registered_not_enough_accuracy,kb/items/parts/ebf3_adc_module_connector_set.yaml
ebf3_adc_module_shield,ebf3_analog_input_adc_module,EBF3 adc module shield,0.1,0.04,0.25,unit,discrete,metal,steel,aluminum; refractory_foil,Radiation/HV shields may need refractory metal.,circuit function/rating,,,,,,,none,No same-level existing KB candidate found by rule.,create_leaf_choose_material,kb/items/parts/ebf3_adc_module_shield.yaml
ebf3_analog_input_protection_front_end,ebf3_analog_input_adc_module,EBF3 analog input protection front end,0.2,0.1,0.4,unit,discrete,electronic,electronics_board_proxy,imported_electronics,Needs electronics readiness/import decision.,basic function/material/scale,,,,,,,none,No same-level existing KB candidate found by rule.,needs_decomposition_or_import_decision,kb/items/parts/ebf3_analog_input_protection_front_end.yaml
ebf3_anti_wear_guide_holder,ebf3_anti_wear_guide,EBF3 anti wear guide holder,0.03,0.012,0.075,unit,discrete,metal,steel,aluminum,Default to steel for structural closure; switch to aluminum if mass/thermal benefit matters.,motion tolerance/load/lubrication,review_required,review_required,,review_required,,,none,No same-level existing KB candidate found by rule.,create_leaf_choose_material,kb/items/parts/ebf3_anti_wear_guide_holder.yaml
ebf3_anti_wear_guide_insert,ebf3_anti_wear_guide,EBF3 anti wear guide insert,0.07,0.028,0.175,unit,discrete,ceramic,alumina_ceramic,porcelain; fused_silica,Select dielectric/thermal grade before recipe work.,motion tolerance/load/lubrication,review_required,review_required,,review_required,,,none,No same-level existing KB candidate found by rule.,create_leaf_choose_material,kb/items/parts/ebf3_anti_wear_guide_insert.yaml
ebf3_aux_dc_converter_module_set,ebf3_auxiliary_low_voltage_dc_supply,EBF3 aux dc converter module set,2,0.8,5,unit,discrete,electronic,electronics_board_proxy,imported_electronics,Needs electronics readiness/import decision.,circuit function/rating,,,,,,,none,No same-level existing KB candidate found by rule.,needs_decomposition_or_import_decision,kb/items/parts/ebf3_aux_dc_converter_module_set.yaml
ebf3_aux_dc_filter_capacitor_set,ebf3_auxiliary_low_voltage_dc_supply,EBF3 aux dc filter capacitor set,0.8,0.32,2,unit,discrete,electronic,electronics_board_proxy,imported_electronics,Needs electronics readiness/import decision.,circuit function/rating,,,,,capacitor_bank_filter,0.3,accuracy_risk,"Voltage, ripple current, and dielectric assumptions are hidden.",reuse_with_accuracy_risk,kb/items/parts/ebf3_aux_dc_filter_capacitor_set.yaml
ebf3_axis_home_sensor_body_set,ebf3_axis_home_sensors,EBF3 axis home sensor body set,0.14,0.056,0.35,unit,discrete,electronic,electronics_board_proxy,imported_electronics,Needs electronics readiness/import decision.,motion tolerance/load/lubrication; circuit function/rating,review_required,review_required,,review_required,,,none,No same-level existing KB candidate found by rule.,needs_decomposition_or_import_decision,kb/items/parts/ebf3_axis_home_sensor_body_set.yaml
ebf3_axis_home_sensor_target_set,ebf3_axis_home_sensors,EBF3 axis home sensor target set,0.08,0.032,0.2,unit,discrete,metal,steel,aluminum,Default to steel for structural closure; switch to aluminum if mass/thermal benefit matters.,motion tolerance/load/lubrication; circuit function/rating,review_required,review_required,,review_required,,,none,No same-level existing KB candidate found by rule.,create_leaf_choose_material,kb/items/parts/ebf3_axis_home_sensor_target_set.yaml
ebf3_axis_limit_switch_actuator_set,ebf3_axis_travel_limit_switches,EBF3 axis limit switch actuator set,0.05,0.02,0.125,unit,discrete,metal,steel,aluminum,Default to steel for structural closure; switch to aluminum if mass/thermal benefit matters.,motion tolerance/load/lubrication,review_required,review_required,,review_required,,,none,No same-level existing KB candidate found by rule.,create_leaf_choose_material,kb/items/parts/ebf3_axis_limit_switch_actuator_set.yaml
ebf3_axis_limit_switch_body_set,ebf3_axis_travel_limit_switches,EBF3 axis limit switch body set,0.1,0.04,0.25,unit,discrete,electronic,electronics_board_proxy,imported_electronics,Needs electronics readiness/import decision.,motion tolerance/load/lubrication,review_required,review_required,,review_required,,,none,No same-level existing KB candidate found by rule.,needs_decomposition_or_import_decision,kb/items/parts/ebf3_axis_limit_switch_body_set.yaml
ebf3_axis_motor_body_set,ebf3_axis_motors,EBF3 axis motor body set,3.2,1.28,8,unit,discrete,electronic,electronics_board_proxy,imported_electronics,Needs electronics readiness/import decision.,motion tolerance/load/lubrication,review_required,review_required,,review_required,stepper_motor_precision,3,accuracy_risk,"Torque, vacuum compatibility, encoder, and insulation need review.",reuse_with_accuracy_risk,kb/items/parts/ebf3_axis_motor_body_set.yaml
ebf3_axis_motor_housing_set,ebf3_axis_motors,EBF3 axis motor housing set,1,0.4,2.5,unit,discrete,metal,steel,aluminum,Default to steel for structural closure; switch to aluminum if mass/thermal benefit matters.,motion tolerance/load/lubrication,review_required,review_required,,review_required,stepper_motor_precision,3,accuracy_risk,"Torque, vacuum compatibility, encoder, and insulation need review.",reuse_with_accuracy_risk,kb/items/parts/ebf3_axis_motor_housing_set.yaml
ebf3_axis_motor_mounting_feature_set,ebf3_axis_motors,EBF3 axis motor mounting feature set,1,0.4,2.5,unit,discrete,metal,steel,aluminum,Default to steel for structural closure; switch to aluminum if mass/thermal benefit matters.,motion tolerance/load/lubrication,review_required,review_required,,review_required,stepper_motor_precision,3,accuracy_risk,"Torque, vacuum compatibility, encoder, and insulation need review.",reuse_with_accuracy_risk,kb/items/parts/ebf3_axis_motor_mounting_feature_set.yaml
ebf3_ball_nut_body_set,ebf3_ball_nuts,EBF3 ball nut body set,1.1,0.55,2.2,unit,discrete,metal,steel,aluminum,Default to steel for structural closure; switch to aluminum if mass/thermal benefit matters.,basic function/material/scale,,,,,ball_screw_assembly,6,accuracy_risk,Ball-nut detail is part of screw-drive accuracy/lubrication review.,reuse_with_accuracy_risk,kb/items/parts/ebf3_ball_nut_body_set.yaml
ebf3_ball_nut_recirculation_insert_set,ebf3_ball_nuts,EBF3 ball nut recirculation insert set,0.3,0.15,0.6,unit,discrete,metal,steel,aluminum,Default to steel for structural closure; switch to aluminum if mass/thermal benefit matters.,basic function/material/scale,,,,,ball_screw_assembly,6,accuracy_risk,Ball-nut detail is part of screw-drive accuracy/lubrication review.,reuse_with_accuracy_risk,kb/items/parts/ebf3_ball_nut_recirculation_insert_set.yaml
ebf3_ball_nut_rolling_ball_set,ebf3_ball_nuts,EBF3 ball nut rolling ball set,0.45,0.225,0.9,unit,discrete,metal,steel,aluminum,Default to steel for structural closure; switch to aluminum if mass/thermal benefit matters.,basic function/material/scale,,,,,ball_screw_assembly,6,accuracy_risk,Ball-nut detail is part of screw-drive accuracy/lubrication review.,reuse_with_accuracy_risk,kb/items/parts/ebf3_ball_nut_rolling_ball_set.yaml
ebf3_ball_nut_wiper_or_seal_set,ebf3_ball_nuts,EBF3 ball nut wiper or seal set,0.15,0.0495,0.45,unit,discrete,polymer,silicone_rubber,metal_gasket,Vacuum/oil compatibility decides final material.,vacuum leak rate/outgassing,,review_required,review_required,,ball_screw_assembly,6,accuracy_risk,Ball-nut detail is part of screw-drive accuracy/lubrication review.,reuse_with_accuracy_risk,kb/items/parts/ebf3_ball_nut_wiper_or_seal_set.yaml
ebf3_beam_current_return_fastener_interface_set,ebf3_beam_current_return_strap,EBF3 beam current return fastener interface set,0.06,0.0198,0.18,unit,discrete,metal,steel,aluminum,Default to steel for structural closure; switch to aluminum if mass/thermal benefit matters.,electron-beam geometry/thermal stability,review_required,review_required,,review_required,fastener_kit_medium,1,likely_reuse,Generic fastener kit is acceptable for non-precision interfaces.,needs_decomposition_or_dedicated_readiness,kb/items/parts/ebf3_beam_current_return_fastener_interface_set.yaml
ebf3_beam_current_return_flexible_conductor,ebf3_beam_current_return_strap,EBF3 beam current return flexible conductor,0.32,0.1056,0.96,unit,discrete,metal,aluminum,copper,Use copper only when conductivity/size penalty matters.,voltage/current/dielectric rating; electron-beam geometry/thermal stability,review_required,review_required,,review_required,electrical_wire_and_connectors,1,accuracy_risk,"Length, conductor, insulation, and termination need scaling.",needs_decomposition_or_dedicated_readiness,kb/items/parts/ebf3_beam_current_return_flexible_conductor.yaml
ebf3_beam_current_return_lug_set,ebf3_beam_current_return_strap,EBF3 beam current return lug set,0.12,0.0396,0.36,unit,discrete,metal,steel,aluminum,Default to steel for structural closure; switch to aluminum if mass/thermal benefit matters.,electron-beam geometry/thermal stability,review_required,review_required,,review_required,,,none,No same-level existing KB candidate found by rule.,needs_decomposition_or_dedicated_readiness,kb/items/parts/ebf3_beam_current_return_lug_set.yaml
ebf3_bias_supply_converter_board,ebf3_control_electrode_bias_supply,EBF3 bias supply converter board,1.1,0.44,2.75,unit,discrete,electronic,electronics_board_proxy,imported_electronics,Needs electronics readiness/import decision.,circuit function/rating,,,,,,,none,No same-level existing KB candidate found by rule.,needs_decomposition_or_import_decision,kb/items/parts/ebf3_bias_supply_converter_board.yaml
ebf3_bias_supply_hv_output_filter,ebf3_control_electrode_bias_supply,EBF3 bias supply hv output filter,0.7,0.231,2.1,unit,discrete,electronic,electronics_board_proxy,imported_electronics,Needs electronics readiness/import decision.,voltage/current/dielectric rating,,,,,,,none,No same-level existing KB candidate found by rule.,needs_decomposition_or_import_decision,kb/items/parts/ebf3_bias_supply_hv_output_filter.yaml
ebf3_bias_supply_terminal_set,ebf3_control_electrode_bias_supply,EBF3 bias supply terminal set,0.3,0.099,0.9,unit,discrete,electronic,copper_alloy_contact,steel_mounting_hardware,Electrical contact material; check voltage/current and insulation.,voltage/current/dielectric rating,,,,,terminal_block_set,2,likely_reuse,Same broad terminal-block set; check voltage/current class.,registered_not_enough_accuracy,kb/items/parts/ebf3_bias_supply_terminal_set.yaml
ebf3_cabin_access_door_hinge_set,ebf3_cabin_access_door,EBF3 cabin access door hinge set,2.5,0.825,7.5,unit,discrete,metal,steel,aluminum,Default to steel for structural closure; switch to aluminum if mass/thermal benefit matters.,vacuum leak rate/outgassing,,review_required,review_required,,door_hinge_assembly,0.3,likely_reuse,Same function; check vacuum and load.,registered_not_enough_accuracy,kb/items/parts/ebf3_cabin_access_door_hinge_set.yaml
ebf3_cabin_access_door_latch_set,ebf3_cabin_access_door,EBF3 cabin access door latch set,2.5,0.825,7.5,unit,discrete,metal,steel,aluminum,Default to steel for structural closure; switch to aluminum if mass/thermal benefit matters.,vacuum leak rate/outgassing,,review_required,review_required,,panel_or_door_assembly,18,accuracy_risk,"Door geometry, stiffness, and sealing assumptions need scaling.",registered_not_enough_accuracy,kb/items/parts/ebf3_cabin_access_door_latch_set.yaml
ebf3_cabin_access_door_panel,ebf3_cabin_access_door,EBF3 cabin access door panel,13,4.29,39,unit,discrete,metal,steel_sheet,aluminum_sheet,"Select by stiffness, thermal exposure, and manufacturability.",vacuum leak rate/outgassing; stiffness/tolerance/interface fit,review_required,review_required,review_required,,panel_or_door_assembly,18,accuracy_risk,"Panel geometry, stiffness, and sealing assumptions need scaling.",registered_not_enough_accuracy,kb/items/parts/ebf3_cabin_access_door_panel.yaml
ebf3_cabin_access_door_vacuum_seal,ebf3_cabin_access_door,EBF3 cabin access door vacuum seal,2,0.66,6,unit,discrete,polymer,silicone_rubber,metal_gasket,Vacuum/oil compatibility decides final material.,vacuum leak rate/outgassing,,review_required,review_required,,vacuum_seal_assembly,5,accuracy_risk,Seal geometry/material/leak rate are hidden.,reuse_with_accuracy_risk,kb/items/parts/ebf3_cabin_access_door_vacuum_seal.yaml
ebf3_cabin_frame_corner_gusset_set,ebf3_cabin_frame,EBF3 cabin frame corner gusset set,7,2.31,21,unit,discrete,metal,steel_structural_stock,aluminum_structural_stock,Select by stiffness and fabrication route.,vacuum leak rate/outgassing; stiffness/tolerance/interface fit,review_required,review_required,review_required,,structural_frame_small_v0,12,accuracy_risk,"Frame geometry, stiffness, and mounting assumptions need scaling.",reuse_with_accuracy_risk,kb/items/parts/ebf3_cabin_frame_corner_gusset_set.yaml
ebf3_cabin_frame_member_set,ebf3_cabin_frame,EBF3 cabin frame member set,24,7.92,72,unit,discrete,metal,steel_structural_stock,aluminum_structural_stock,Select by stiffness and fabrication route.,vacuum leak rate/outgassing; stiffness/tolerance/interface fit,review_required,review_required,review_required,,structural_frame_small_v0,12,accuracy_risk,"Frame geometry, stiffness, and mounting assumptions need scaling.",reuse_with_accuracy_risk,kb/items/parts/ebf3_cabin_frame_member_set.yaml
ebf3_cabin_frame_mounting_foot_set,ebf3_cabin_frame,EBF3 cabin frame mounting foot set,4,1.32,12,unit,discrete,metal,steel_structural_stock,aluminum_structural_stock,Select by stiffness and fabrication route.,vacuum leak rate/outgassing; stiffness/tolerance/interface fit,review_required,review_required,review_required,,structural_frame_small_v0,12,accuracy_risk,"Frame geometry, stiffness, and mounting assumptions need scaling.",reuse_with_accuracy_risk,kb/items/parts/ebf3_cabin_frame_mounting_foot_set.yaml
ebf3_cabin_gun_port_flange_ring,ebf3_cabin_gun_mounting_port,EBF3 cabin gun port flange ring,5,1.65,15,unit,discrete,metal,steel,aluminum,Default to steel for structural closure; switch to aluminum if mass/thermal benefit matters.,vacuum leak rate/outgassing; electron-beam geometry/thermal stability,review_required,review_required,review_required,review_required,,,none,No same-level existing KB candidate found by rule.,needs_decomposition_or_dedicated_readiness,kb/items/parts/ebf3_cabin_gun_port_flange_ring.yaml
ebf3_cabin_gun_port_reinforcement_ring,ebf3_cabin_gun_mounting_port,EBF3 cabin gun port reinforcement ring,3,0.99,9,unit,discrete,metal,steel,aluminum,Default to steel for structural closure; switch to aluminum if mass/thermal benefit matters.,vacuum leak rate/outgassing; electron-beam geometry/thermal stability,review_required,review_required,review_required,review_required,,,none,No same-level existing KB candidate found by rule.,needs_decomposition_or_dedicated_readiness,kb/items/parts/ebf3_cabin_gun_port_reinforcement_ring.yaml
ebf3_cabin_lighting_port_frame,ebf3_cabin_lighting_mount_and_port,EBF3 cabin lighting port frame,30,9.9,90,unit,discrete,metal,steel_structural_stock,aluminum_structural_stock,Select by stiffness and fabrication route.,vacuum leak rate/outgassing; stiffness/tolerance/interface fit,review_required,review_required,review_required,,structural_frame_small_v0,12,accuracy_risk,"Frame geometry, stiffness, and mounting assumptions need scaling.",reuse_with_accuracy_risk,kb/items/parts/ebf3_cabin_lighting_port_frame.yaml
ebf3_cabin_lighting_shield_mount,ebf3_cabin_lighting_mount_and_port,EBF3 cabin lighting shield mount,12.08,3.986,36.24,unit,discrete,metal,steel,aluminum; alumina_ceramic,Simple machined/bent/welded hardware unless insulating.,vacuum leak rate/outgassing; stiffness/tolerance/interface fit,review_required,review_required,review_required,,,,none,No same-level existing KB candidate found by rule.,create_leaf_choose_material,kb/items/parts/ebf3_cabin_lighting_shield_mount.yaml
ebf3_cabin_positioning_floor_mount_plate,ebf3_cabin_positioning_mount_interface,EBF3 cabin positioning floor mount plate,12,3.96,36,unit,discrete,metal,steel,aluminum; alumina_ceramic,Simple machined/bent/welded hardware unless insulating.,vacuum leak rate/outgassing; stiffness/tolerance/interface fit,review_required,review_required,review_required,,metal_sheet_or_plate,1,accuracy_risk,Stock is not a same-level replacement; use for material/process only.,reuse_with_accuracy_risk,kb/items/parts/ebf3_cabin_positioning_floor_mount_plate.yaml
ebf3_cabin_positioning_leveling_pad_set,ebf3_cabin_positioning_mount_interface,EBF3 cabin positioning leveling pad set,3,0.99,9,unit,discrete,metal,steel,aluminum,Default to steel for structural closure; switch to aluminum if mass/thermal benefit matters.,vacuum leak rate/outgassing,,review_required,review_required,,,,none,No same-level existing KB candidate found by rule.,create_leaf_choose_material,kb/items/parts/ebf3_cabin_positioning_leveling_pad_set.yaml
ebf3_cabin_sacrificial_liner_retainer_set,ebf3_cabin_sacrificial_liner,EBF3 cabin sacrificial liner retainer set,2,0.66,6,unit,discrete,metal,steel,aluminum,Simple retaining hardware unless high temperature.,vacuum leak rate/outgassing,,review_required,review_required,,,,none,No same-level existing KB candidate found by rule.,create_leaf_choose_material,kb/items/parts/ebf3_cabin_sacrificial_liner_retainer_set.yaml
ebf3_cabin_wall_panel_seam_set,ebf3_cabin_wall_panels,EBF3 cabin wall panel seam set,3,0.99,9,unit,discrete,composite,steel_sheet,aluminum_sheet,"Select by stiffness, thermal exposure, and manufacturability.",vacuum leak rate/outgassing; stiffness/tolerance/interface fit,review_required,review_required,review_required,,panel_or_door_assembly,18,accuracy_risk,"Panel geometry, stiffness, and sealing assumptions need scaling.",registered_wrong_functional_object,kb/items/parts/ebf3_cabin_wall_panel_seam_set.yaml
ebf3_cabin_wall_panel_set,ebf3_cabin_wall_panels,EBF3 cabin wall panel set,34,11.22,102,unit,discrete,metal,steel_sheet,aluminum_sheet,"Select by stiffness, thermal exposure, and manufacturability.",vacuum leak rate/outgassing; stiffness/tolerance/interface fit,review_required,review_required,review_required,,panel_or_door_assembly,18,accuracy_risk,"Panel geometry, stiffness, and sealing assumptions need scaling.",registered_not_enough_accuracy,kb/items/parts/ebf3_cabin_wall_panel_set.yaml
ebf3_cabin_wall_stiffener_set,ebf3_cabin_wall_panels,EBF3 cabin wall stiffener set,8,2.64,24,unit,discrete,metal,steel,aluminum,Default to steel for structural closure; switch to aluminum if mass/thermal benefit matters.,vacuum leak rate/outgassing,,review_required,review_required,,,,none,No same-level existing KB candidate found by rule.,create_leaf_choose_material,kb/items/parts/ebf3_cabin_wall_stiffener_set.yaml
ebf3_cabin_wire_feeder_port_flange_ring,ebf3_cabin_wire_feeder_mounting_port,EBF3 cabin wire-feeder port flange ring,6,1.98,18,unit,discrete,metal,steel,aluminum,Default to steel for structural closure; switch to aluminum if mass/thermal benefit matters.,vacuum leak rate/outgassing,,review_required,review_required,,,,none,No same-level existing KB candidate found by rule.,create_leaf_choose_material,kb/items/parts/ebf3_cabin_wire_feeder_port_flange_ring.yaml
ebf3_cabin_wire_feeder_port_reinforcement_ring,ebf3_cabin_wire_feeder_mounting_port,EBF3 cabin wire-feeder port reinforcement ring,4,1.32,12,unit,discrete,metal,steel,aluminum,Default to steel for structural closure; switch to aluminum if mass/thermal benefit matters.,vacuum leak rate/outgassing,,review_required,review_required,,,,none,No same-level existing KB candidate found by rule.,create_leaf_choose_material,kb/items/parts/ebf3_cabin_wire_feeder_port_reinforcement_ring.yaml
ebf3_can_bus_connector_set,ebf3_can_bus_interface,EBF3 can bus connector set,0.15,0.0495,0.45,unit,discrete,electronic,copper_alloy_contact,ceramic_or_polymer_body,Contact/body materials should be split if closure matters.,voltage/current/dielectric rating,,,,,connector_electrical_multi_pin,0.1,accuracy_risk,"Pin count, seal, and rating assumptions are hidden.",registered_not_enough_accuracy,kb/items/parts/ebf3_can_bus_connector_set.yaml
ebf3_can_bus_interface_shield,ebf3_can_bus_interface,EBF3 can bus interface shield,0.1,0.05,0.2,unit,discrete,metal,steel,aluminum; refractory_foil,Radiation/HV shields may need refractory metal.,basic function/material/scale,,,,,,,none,No same-level existing KB candidate found by rule.,create_leaf_choose_material,kb/items/parts/ebf3_can_bus_interface_shield.yaml
ebf3_can_transceiver_board,ebf3_can_bus_interface,EBF3 can transceiver board,0.25,0.1,0.625,unit,discrete,electronic,electronics_board_proxy,imported_electronics,Needs electronics readiness/import decision.,circuit function/rating,,,,,,,none,No same-level existing KB candidate found by rule.,needs_decomposition_or_import_decision,kb/items/parts/ebf3_can_transceiver_board.yaml
ebf3_control_computer_io_connector_set,ebf3_control_computer,EBF3 control computer io connector set,0.5,0.165,1.5,unit,discrete,electronic,copper_alloy_contact,ceramic_or_polymer_body,Contact/body materials should be split if closure matters.,voltage/current/dielectric rating,,,,,connector_electrical_multi_pin,0.1,accuracy_risk,"Pin count, seal, and rating assumptions are hidden.",registered_not_enough_accuracy,kb/items/parts/ebf3_control_computer_io_connector_set.yaml
ebf3_control_computer_processor_board,ebf3_control_computer,EBF3 control computer processor board,1.2,0.48,3,unit,discrete,electronic,electronics_board_proxy,imported_electronics,Needs electronics readiness/import decision.,circuit function/rating,,,,,,,none,No same-level existing KB candidate found by rule.,needs_decomposition_or_import_decision,kb/items/parts/ebf3_control_computer_processor_board.yaml
ebf3_control_computer_storage_module,ebf3_control_computer,EBF3 control computer storage module,0.3,0.12,0.75,unit,discrete,electronic,electronics_board_proxy,imported_electronics,Needs electronics readiness/import decision.,circuit function/rating,,,,,,,none,No same-level existing KB candidate found by rule.,needs_decomposition_or_import_decision,kb/items/parts/ebf3_control_computer_storage_module.yaml
ebf3_control_software,ebf3_controls,EBF3 control software,0.01,0.005,0.02,unit,discrete,software,software,,Current material_class is the starting point.,basic function/material/scale,,,,,compiled_firmware_binary,0.001,likely_reuse,Information artifact proxy; machine behavior requirements still need review.,registered_not_enough_accuracy,kb/items/parts/ebf3_control_software.yaml
ebf3_controls_cabinet_mounting_rail_set,ebf3_controls_cabinet,EBF3 controls cabinet mounting rail set,0.9,0.45,1.8,unit,discrete,metal,steel,aluminum,Default to steel for structural closure; switch to aluminum if mass/thermal benefit matters.,basic function/material/scale,,,,,,,none,No same-level existing KB candidate found by rule.,create_leaf_choose_material,kb/items/parts/ebf3_controls_cabinet_mounting_rail_set.yaml
ebf3_data_logger_board,ebf3_data_logger_timebase,EBF3 data logger board,0.25,0.1,0.625,unit,discrete,electronic,electronics_board_proxy,imported_electronics,Needs electronics readiness/import decision.,circuit function/rating,,,,,,,none,No same-level existing KB candidate found by rule.,needs_decomposition_or_import_decision,kb/items/parts/ebf3_data_logger_board.yaml
ebf3_data_logger_connector_set,ebf3_data_logger_timebase,EBF3 data logger connector set,0.05,0.0165,0.15,unit,discrete,electronic,copper_alloy_contact,ceramic_or_polymer_body,Contact/body materials should be split if closure matters.,voltage/current/dielectric rating,,,,,connector_electrical_multi_pin,0.1,accuracy_risk,"Pin count, seal, and rating assumptions are hidden.",registered_not_enough_accuracy,kb/items/parts/ebf3_data_logger_connector_set.yaml
ebf3_data_logger_storage_module,ebf3_data_logger_timebase,EBF3 data logger storage module,0.1,0.04,0.25,unit,discrete,electronic,electronics_board_proxy,imported_electronics,Needs electronics readiness/import decision.,circuit function/rating,,,,,,,none,No same-level existing KB candidate found by rule.,needs_decomposition_or_import_decision,kb/items/parts/ebf3_data_logger_storage_module.yaml
ebf3_dc_link_busbar_set,ebf3_dc_link_capacitor_bank,EBF3 dc link busbar set,0.9,0.297,2.7,unit,discrete,metal,aluminum,copper,Use copper only when current density or thermal penalty matters.,voltage/current/dielectric rating,,,,,busbar_distribution_system_v0,12,accuracy_risk,Current rating and conductor geometry need scaling.,reuse_with_accuracy_risk,kb/items/parts/ebf3_dc_link_busbar_set.yaml
ebf3_dc_link_capacitor_module_set,ebf3_dc_link_capacitor_bank,EBF3 dc link capacitor module set,3,1.2,7.5,unit,discrete,electronic,electronics_board_proxy,imported_electronics,Needs electronics readiness/import decision.,circuit function/rating,,,,,capacitor_bank_filter,0.3,accuracy_risk,"Voltage, ripple current, and dielectric assumptions are hidden.",reuse_with_accuracy_risk,kb/items/parts/ebf3_dc_link_capacitor_module_set.yaml
ebf3_dc_link_discharge_resistor_set,ebf3_dc_link_capacitor_bank,EBF3 dc link discharge resistor set,0.4,0.2,0.8,unit,discrete,electronic,electronics_board_proxy,imported_electronics,Needs electronics readiness/import decision.,basic function/material/scale,,,,,,,none,No same-level existing KB candidate found by rule.,needs_decomposition_or_import_decision,kb/items/parts/ebf3_dc_link_discharge_resistor_set.yaml
ebf3_dc_link_mounting_frame,ebf3_dc_link_capacitor_bank,EBF3 dc link mounting frame,0.7,0.35,1.4,unit,discrete,metal,steel_structural_stock,aluminum_structural_stock,Select by stiffness and fabrication route.,stiffness/tolerance/interface fit,review_required,review_required,,,structural_frame_small_v0,12,accuracy_risk,"Frame geometry, stiffness, and mounting assumptions need scaling.",reuse_with_accuracy_risk,kb/items/parts/ebf3_dc_link_mounting_frame.yaml
ebf3_disconnect_switch_actuator,ebf3_main_disconnect_switch,EBF3 disconnect switch actuator,0.4,0.2,0.8,unit,discrete,polymer,silicone_rubber,other_kb_polymer,Check vacuum/outgassing and temperature limits.,basic function/material/scale,,,,,,,none,No same-level existing KB candidate found by rule.,create_leaf_choose_material,kb/items/parts/ebf3_disconnect_switch_actuator.yaml
ebf3_disconnect_switch_contact_set,ebf3_main_disconnect_switch,EBF3 disconnect switch contact set,0.7,0.35,1.4,unit,discrete,electronic,electronics_board_proxy,imported_electronics,Needs electronics readiness/import decision.,basic function/material/scale,,,,,,,none,No same-level existing KB candidate found by rule.,needs_decomposition_or_import_decision,kb/items/parts/ebf3_disconnect_switch_contact_set.yaml
ebf3_drive_roll_carrier_body,ebf3_drive_roll_carrier,EBF3 drive roll carrier body,0.11,0.055,0.22,unit,discrete,metal,steel,aluminum,Default to steel for structural closure; switch to aluminum if mass/thermal benefit matters.,basic function/material/scale,,,,,,,none,No same-level existing KB candidate found by rule.,create_leaf_choose_material,kb/items/parts/ebf3_drive_roll_carrier_body.yaml
ebf3_drive_roll_carrier_spacer,ebf3_wire_feeder,EBF3 drive roll carrier spacer,0.1,0.05,0.2,unit,discrete,metal,steel,aluminum; alumina_ceramic,Choose ceramic if electrical/thermal isolation matters.,basic function/material/scale,,,,,,,none,No same-level existing KB candidate found by rule.,create_leaf_choose_material,kb/items/parts/ebf3_drive_roll_carrier_spacer.yaml
ebf3_drive_roll_cover_shell,ebf3_drive_roll_cover,EBF3 drive roll cover shell,0.48,0.24,0.96,unit,discrete,metal,steel,aluminum,Default to steel for structural closure; switch to aluminum if mass/thermal benefit matters.,basic function/material/scale,,,,,,,none,No same-level existing KB candidate found by rule.,create_leaf_choose_material,kb/items/parts/ebf3_drive_roll_cover_shell.yaml
ebf3_ebf_wire_guide_tip_body,ebf3_ebf_wire_guide_tip,EBF3 ebf wire guide tip body,0.12,0.048,0.3,unit,discrete,metal,steel,aluminum,Default to steel for structural closure; switch to aluminum if mass/thermal benefit matters.,motion tolerance/load/lubrication,review_required,review_required,,review_required,,,none,No same-level existing KB candidate found by rule.,create_leaf_choose_material,kb/items/parts/ebf3_ebf_wire_guide_tip_body.yaml
ebf3_ebf_wire_guide_tip_mounting_feature,ebf3_ebf_wire_guide_tip,EBF3 ebf wire guide tip mounting feature,0.03,0.012,0.075,unit,discrete,metal,steel,aluminum,Default to steel for structural closure; switch to aluminum if mass/thermal benefit matters.,motion tolerance/load/lubrication,review_required,review_required,,review_required,,,none,No same-level existing KB candidate found by rule.,create_leaf_choose_material,kb/items/parts/ebf3_ebf_wire_guide_tip_mounting_feature.yaml
ebf3_ebf_wire_guide_tip_wear_orifice,ebf3_ebf_wire_guide_tip,EBF3 ebf wire guide tip wear orifice,0.05,0.02,0.125,unit,discrete,ceramic,alumina_ceramic,porcelain; fused_silica,Select dielectric/thermal grade before recipe work.,motion tolerance/load/lubrication,review_required,review_required,,review_required,,,none,No same-level existing KB candidate found by rule.,create_leaf_choose_material,kb/items/parts/ebf3_ebf_wire_guide_tip_wear_orifice.yaml
ebf3_emi_filter_capacitor_set,ebf3_emi_filter,EBF3 emi filter capacitor set,0.7,0.28,1.75,unit,discrete,electronic,electronics_board_proxy,imported_electronics,Needs electronics readiness/import decision.,circuit function/rating,,,,,capacitor_bank_filter,0.3,accuracy_risk,"Voltage, ripple current, and dielectric assumptions are hidden.",reuse_with_accuracy_risk,kb/items/parts/ebf3_emi_filter_capacitor_set.yaml
ebf3_emi_filter_choke_set,ebf3_emi_filter,EBF3 emi filter choke set,0.8,0.4,1.6,unit,discrete,electronic,electronics_board_proxy,imported_electronics,Needs electronics readiness/import decision.,basic function/material/scale,,,,,inductor_filter_large,2,accuracy_risk,"Core, winding, insulation, and rating assumptions are hidden.",reuse_with_accuracy_risk,kb/items/parts/ebf3_emi_filter_choke_set.yaml
ebf3_emi_filter_enclosure,ebf3_emi_filter,EBF3 emi filter enclosure,0.3,0.15,0.6,unit,discrete,metal,steel,aluminum,Default to steel for structural closure; switch to aluminum if mass/thermal benefit matters.,basic function/material/scale,,,,,enclosure_electrical_medium,4,likely_reuse,Same-level enclosure if scale and environment pass review.,registered_not_enough_accuracy,kb/items/parts/ebf3_emi_filter_enclosure.yaml
ebf3_feed_liner_end_ferrule_set,ebf3_feed_liner,EBF3 feed liner end ferrule set,0.08,0.04,0.16,unit,discrete,metal,steel,aluminum,Default to steel for structural closure; switch to aluminum if mass/thermal benefit matters.,basic function/material/scale,,,,,,,none,No same-level existing KB candidate found by rule.,create_leaf_choose_material,kb/items/parts/ebf3_feed_liner_end_ferrule_set.yaml
ebf3_feed_liner_tube,ebf3_feed_liner,EBF3 feed liner tube,0.28,0.14,0.56,unit,discrete,composite,composite_placeholder,split_into_materials,Split or proxy if material mix affects closure.,basic function/material/scale,,,,,,,none,No same-level existing KB candidate found by rule.,needs_decomposition_or_import_decision,kb/items/parts/ebf3_feed_liner_tube.yaml
ebf3_fixed_side_screw_angular_contact_bearing_set,ebf3_fixed_side_screw_bearing_blocks,EBF3 fixed-side screw angular-contact bearing set,0.35,0.14,0.875,unit,discrete,precision_metal,steel,aluminum,Default to steel for structural closure; switch to aluminum if mass/thermal benefit matters.,motion tolerance/load/lubrication,review_required,review_required,,review_required,bearing_set_heavy,4,accuracy_risk,"Load, runout, lubrication, and vacuum compatibility need review.",reuse_with_accuracy_risk,kb/items/parts/ebf3_fixed_side_screw_angular_contact_bearing_set.yaml
ebf3_fixed_side_screw_bearing_block_body_set,ebf3_fixed_side_screw_bearing_blocks,EBF3 fixed-side screw bearing block body set,0.5,0.2,1.25,unit,discrete,precision_metal,steel,aluminum,Default to steel for structural closure; switch to aluminum if mass/thermal benefit matters.,motion tolerance/load/lubrication,review_required,review_required,,review_required,bearing_set_heavy,4,accuracy_risk,"Load, runout, lubrication, and vacuum compatibility need review.",reuse_with_accuracy_risk,kb/items/parts/ebf3_fixed_side_screw_bearing_block_body_set.yaml
ebf3_fixed_side_screw_bearing_retainer_set,ebf3_fixed_side_screw_bearing_blocks,EBF3 fixed-side screw bearing retainer set,0.15,0.06,0.375,unit,discrete,metal,steel,aluminum,Simple retaining hardware unless high temperature.,motion tolerance/load/lubrication,review_required,review_required,,review_required,bearing_set_heavy,4,accuracy_risk,"Load, runout, lubrication, and vacuum compatibility need review.",reuse_with_accuracy_risk,kb/items/parts/ebf3_fixed_side_screw_bearing_retainer_set.yaml
ebf3_floating_side_screw_bearing_block_body_set,ebf3_floating_side_screw_bearing_blocks,EBF3 floating-side screw bearing block body set,0.55,0.22,1.375,unit,discrete,precision_metal,steel,aluminum,Default to steel for structural closure; switch to aluminum if mass/thermal benefit matters.,motion tolerance/load/lubrication,review_required,review_required,,review_required,bearing_set_heavy,4,accuracy_risk,"Load, runout, lubrication, and vacuum compatibility need review.",reuse_with_accuracy_risk,kb/items/parts/ebf3_floating_side_screw_bearing_block_body_set.yaml
ebf3_floating_side_screw_bearing_retainer_set,ebf3_floating_side_screw_bearing_blocks,EBF3 floating-side screw bearing retainer set,0.15,0.06,0.375,unit,discrete,metal,steel,aluminum,Simple retaining hardware unless high temperature.,motion tolerance/load/lubrication,review_required,review_required,,review_required,bearing_set_heavy,4,accuracy_risk,"Load, runout, lubrication, and vacuum compatibility need review.",reuse_with_accuracy_risk,kb/items/parts/ebf3_floating_side_screw_bearing_retainer_set.yaml
ebf3_floating_side_screw_radial_bearing_set,ebf3_floating_side_screw_bearing_blocks,EBF3 floating-side screw radial bearing set,0.3,0.12,0.75,unit,discrete,precision_metal,steel,aluminum,Default to steel for structural closure; switch to aluminum if mass/thermal benefit matters.,motion tolerance/load/lubrication,review_required,review_required,,review_required,bearing_set_heavy,4,accuracy_risk,"Load, runout, lubrication, and vacuum compatibility need review.",reuse_with_accuracy_risk,kb/items/parts/ebf3_floating_side_screw_radial_bearing_set.yaml
ebf3_full_bridge_dc_busbar_set,ebf3_full_bridge_inverter,EBF3 full bridge dc busbar set,0.9,0.297,2.7,unit,discrete,metal,aluminum,copper,Use copper only when current density or thermal penalty matters.,voltage/current/dielectric rating,,,,,busbar_distribution_system_v0,12,accuracy_risk,Current rating and conductor geometry need scaling.,reuse_with_accuracy_risk,kb/items/parts/ebf3_full_bridge_dc_busbar_set.yaml
ebf3_full_bridge_gate_driver_board_set,ebf3_full_bridge_inverter,EBF3 full bridge gate driver board set,0.8,0.32,2,unit,discrete,electronic,electronics_board_proxy,imported_electronics,Needs electronics readiness/import decision.,circuit function/rating,,,,,,,none,No same-level existing KB candidate found by rule.,needs_decomposition_or_import_decision,kb/items/parts/ebf3_full_bridge_gate_driver_board_set.yaml
ebf3_full_bridge_heat_sink,ebf3_full_bridge_inverter,EBF3 full bridge heat sink,1.5,0.75,3,unit,discrete,metal,aluminum,steel,Aluminum is the normal heat-sink material; steel only as closure proxy.,thermal load/temperature rise,,,,,heat_sink_base_machined,4,likely_reuse,Same-level heat-sink hardware if heat load is modest.,registered_not_enough_accuracy,kb/items/parts/ebf3_full_bridge_heat_sink.yaml
ebf3_full_bridge_power_semiconductor_module_set,ebf3_full_bridge_inverter,EBF3 full bridge power semiconductor module set,2.2,0.88,5.5,unit,discrete,electronic,electronics_board_proxy,imported_electronics,Needs electronics readiness/import decision.,circuit function/rating,,,,,,,none,No same-level existing KB candidate found by rule.,needs_decomposition_or_import_decision,kb/items/parts/ebf3_full_bridge_power_semiconductor_module_set.yaml
ebf3_full_bridge_snubber_component_set,ebf3_full_bridge_inverter,EBF3 full bridge snubber component set,0.6,0.3,1.2,unit,discrete,electronic,electronics_board_proxy,imported_electronics,Needs electronics readiness/import decision.,basic function/material/scale,,,,,,,none,No same-level existing KB candidate found by rule.,needs_decomposition_or_import_decision,kb/items/parts/ebf3_full_bridge_snubber_component_set.yaml
ebf3_gun_anode,ebf3_fixed_electron_beam_gun,EBF3 gun anode,0.25,0.0825,0.75,unit,discrete,refractory_metal,molybdenum,tungsten,Electron-gun electrode material; aperture/thermal stability dominate.,electron-beam geometry/thermal stability,review_required,review_required,,review_required,,,none,No same-level existing KB candidate found by rule.,needs_decomposition_or_dedicated_readiness,kb/items/parts/ebf3_gun_anode.yaml
ebf3_gun_beam_boundary_collector_electrode,ebf3_gun_beam_boundary_pickup,EBF3 gun beam-boundary collector electrode,0.12,0.0396,0.36,unit,discrete,conductive_metal,molybdenum,tungsten,Electron-gun electrode material; precision and thermal stability dominate.,electron-beam geometry/thermal stability,review_required,review_required,,review_required,,,none,No same-level existing KB candidate found by rule.,needs_decomposition_or_dedicated_readiness,kb/items/parts/ebf3_gun_beam_boundary_collector_electrode.yaml
ebf3_gun_beam_boundary_pickup_insulator,ebf3_gun_beam_boundary_pickup,EBF3 gun beam-boundary pickup insulator,0.06,0.0198,0.18,unit,discrete,ceramic,alumina_ceramic,porcelain; fused_silica,Use ceramic route; dielectric/creepage rating required.,voltage/current/dielectric rating; electron-beam geometry/thermal stability,review_required,review_required,,review_required,,,none,No same-level existing KB candidate found by rule.,needs_decomposition_or_dedicated_readiness,kb/items/parts/ebf3_gun_beam_boundary_pickup_insulator.yaml
ebf3_gun_cathode,ebf3_fixed_electron_beam_gun,EBF3 gun cathode,0.02,0.0066,0.06,unit,discrete,scarce_trace_refractory_metal,tungsten,lanthanum_hexaboride; tantalum,Emission material and lunar availability need dedicated review.,electron-beam geometry/thermal stability,review_required,review_required,,review_required,,,none,No same-level existing KB candidate found by rule.,needs_decomposition_or_dedicated_readiness,kb/items/parts/ebf3_gun_cathode.yaml
ebf3_gun_cathode_cartridge_base,ebf3_gun_cathode_cartridge,EBF3 gun cathode cartridge base,0.18,0.0594,0.54,unit,discrete,composite,tungsten,lanthanum_hexaboride; tantalum,Emission material and lunar availability need dedicated review.,electron-beam geometry/thermal stability,review_required,review_required,,review_required,,,none,No same-level existing KB candidate found by rule.,needs_decomposition_or_dedicated_readiness,kb/items/parts/ebf3_gun_cathode_cartridge_base.yaml
ebf3_gun_cathode_ceramic_standoff_set,ebf3_gun_cathode_cartridge,EBF3 gun cathode ceramic standoff set,0.05,0.0165,0.15,unit,discrete,ceramic,alumina_ceramic,steel,Use ceramic when electrical/thermal isolation matters; steel only for structural standoffs.,electron-beam geometry/thermal stability,review_required,review_required,,review_required,,,none,No same-level existing KB candidate found by rule.,needs_decomposition_or_dedicated_readiness,kb/items/parts/ebf3_gun_cathode_ceramic_standoff_set.yaml
ebf3_gun_cathode_current_lead_pair,ebf3_gun_cathode_heater_leads,EBF3 gun cathode current lead pair,0.1,0.033,0.3,unit,discrete,scarce_trace_refractory_metal,tungsten,lanthanum_hexaboride; tantalum,Emission material and lunar availability need dedicated review.,voltage/current/dielectric rating; electron-beam geometry/thermal stability,review_required,review_required,,review_required,electrical_wire_and_connectors,1,accuracy_risk,"Length, conductor, insulation, and termination need scaling.",needs_decomposition_or_dedicated_readiness,kb/items/parts/ebf3_gun_cathode_current_lead_pair.yaml
ebf3_gun_cathode_hot_contact_pair,ebf3_gun_cathode_cartridge,EBF3 gun cathode hot contact pair,0.03,0.0099,0.09,unit,discrete,scarce_trace_refractory_metal,tungsten,lanthanum_hexaboride; tantalum,Emission material and lunar availability need dedicated review.,electron-beam geometry/thermal stability,review_required,review_required,,review_required,,,none,No same-level existing KB candidate found by rule.,needs_decomposition_or_dedicated_readiness,kb/items/parts/ebf3_gun_cathode_hot_contact_pair.yaml
ebf3_gun_cathode_lead_termination_set,ebf3_gun_cathode_heater_leads,EBF3 gun cathode lead termination set,0.05,0.0165,0.15,unit,discrete,composite,tungsten,lanthanum_hexaboride; tantalum,Emission material and lunar availability need dedicated review.,voltage/current/dielectric rating; electron-beam geometry/thermal stability,review_required,review_required,,review_required,electrical_wire_and_connectors,1,accuracy_risk,"Length, conductor, insulation, and termination need scaling.",needs_decomposition_or_dedicated_readiness,kb/items/parts/ebf3_gun_cathode_lead_termination_set.yaml
ebf3_gun_cathode_locating_clamp,ebf3_gun_cathode_cartridge,EBF3 gun cathode locating clamp,0.04,0.0132,0.12,unit,discrete,metal,tungsten,lanthanum_hexaboride; tantalum,Emission material and lunar availability need dedicated review.,electron-beam geometry/thermal stability; stiffness/tolerance/interface fit,review_required,review_required,,review_required,,,none,No same-level existing KB candidate found by rule.,needs_decomposition_or_dedicated_readiness,kb/items/parts/ebf3_gun_cathode_locating_clamp.yaml
ebf3_gun_cathode_radiation_shield_clip_set,ebf3_gun_cathode_radiation_shield,EBF3 gun cathode radiation shield clip set,0.01,0.0033,0.03,unit,discrete,refractory_metal,steel,aluminum; refractory_foil,Radiation/HV shields may need refractory metal.,electron-beam geometry/thermal stability,review_required,review_required,,review_required,,,none,No same-level existing KB candidate found by rule.,needs_decomposition_or_dedicated_readiness,kb/items/parts/ebf3_gun_cathode_radiation_shield_clip_set.yaml
ebf3_gun_cathode_radiation_shield_foil_stack,ebf3_gun_cathode_radiation_shield,EBF3 gun cathode radiation shield foil stack,0.07,0.0231,0.21,unit,discrete,refractory_metal,steel,aluminum; refractory_foil,Radiation/HV shields may need refractory metal.,electron-beam geometry/thermal stability,review_required,review_required,,review_required,,,none,No same-level existing KB candidate found by rule.,needs_decomposition_or_dedicated_readiness,kb/items/parts/ebf3_gun_cathode_radiation_shield_foil_stack.yaml
ebf3_gun_cathode_radiation_shield_spacer_set,ebf3_gun_cathode_radiation_shield,EBF3 gun cathode radiation shield spacer set,0.02,0.0066,0.06,unit,discrete,refractory_metal,steel,aluminum; alumina_ceramic,Choose ceramic if electrical/thermal isolation matters.,electron-beam geometry/thermal stability,review_required,review_required,,review_required,,,none,No same-level existing KB candidate found by rule.,needs_decomposition_or_dedicated_readiness,kb/items/parts/ebf3_gun_cathode_radiation_shield_spacer_set.yaml
ebf3_gun_column_body_shell,ebf3_gun_column,EBF3 gun column body shell,2.2,0.726,6.6,unit,discrete,vacuum_structural_metal,steel,aluminum,Default to steel for structural closure; switch to aluminum if mass/thermal benefit matters.,electron-beam geometry/thermal stability,review_required,review_required,,review_required,,,none,No same-level existing KB candidate found by rule.,needs_decomposition_or_dedicated_readiness,kb/items/parts/ebf3_gun_column_body_shell.yaml
ebf3_gun_column_gun_side_mating_flange,ebf3_gun_column,EBF3 gun column gun-side mating flange,0.55,0.1815,1.65,unit,discrete,vacuum_structural_metal,steel,aluminum,Default to steel for structural closure; switch to aluminum if mass/thermal benefit matters.,electron-beam geometry/thermal stability,review_required,review_required,,review_required,,,none,No same-level existing KB candidate found by rule.,needs_decomposition_or_dedicated_readiness,kb/items/parts/ebf3_gun_column_gun_side_mating_flange.yaml
ebf3_gun_column_internal_support_frame,ebf3_gun_column,EBF3 gun column internal support frame,0.75,0.2475,2.25,unit,discrete,vacuum_structural_metal,steel_structural_stock,aluminum_structural_stock,Select by stiffness and fabrication route.,electron-beam geometry/thermal stability; stiffness/tolerance/interface fit,review_required,review_required,,review_required,structural_frame_small_v0,12,accuracy_risk,"Frame geometry, stiffness, and mounting assumptions need scaling.",needs_decomposition_or_dedicated_readiness,kb/items/parts/ebf3_gun_column_internal_support_frame.yaml
ebf3_gun_column_optical_axis_datum_set,ebf3_gun_column,EBF3 gun column optical-axis datum set,0.25,0.0825,0.75,unit,discrete,precision_metal,steel,aluminum,Default to steel for structural closure; switch to aluminum if mass/thermal benefit matters.,motion tolerance/load/lubrication; electron-beam geometry/thermal stability,review_required,review_required,,review_required,,,none,No same-level existing KB candidate found by rule.,needs_decomposition_or_dedicated_readiness,kb/items/parts/ebf3_gun_column_optical_axis_datum_set.yaml
ebf3_gun_control_electrode,ebf3_fixed_electron_beam_gun,EBF3 gun control electrode,0.08,0.0264,0.24,unit,discrete,refractory_metal,molybdenum,tungsten,Electron-gun electrode material; precision and thermal stability dominate.,electron-beam geometry/thermal stability,review_required,review_required,,review_required,,,none,No same-level existing KB candidate found by rule.,needs_decomposition_or_dedicated_readiness,kb/items/parts/ebf3_gun_control_electrode.yaml
ebf3_gun_control_electrode_insulator,ebf3_fixed_electron_beam_gun,EBF3 gun control electrode insulator,0.12,0.0396,0.36,unit,discrete,ceramic,molybdenum,tungsten,Electron-gun electrode material; precision and thermal stability dominate.,voltage/current/dielectric rating; electron-beam geometry/thermal stability,review_required,review_required,,review_required,,,none,No same-level existing KB candidate found by rule.,needs_decomposition_or_dedicated_readiness,kb/items/parts/ebf3_gun_control_electrode_insulator.yaml
ebf3_gun_deflection_magnetic_yoke,ebf3_gun_two_axis_deflection_coils,EBF3 gun deflection magnetic yoke,0.4,0.132,1.2,unit,discrete,composite,composite_placeholder,split_into_materials,Split or proxy if material mix affects closure.,electron-beam geometry/thermal stability,review_required,review_required,,review_required,,,none,No same-level existing KB candidate found by rule.,needs_decomposition_or_dedicated_readiness,kb/items/parts/ebf3_gun_deflection_magnetic_yoke.yaml
ebf3_gun_deflection_x_coil_pair,ebf3_gun_two_axis_deflection_coils,EBF3 gun X-axis deflection coil pair,0.3,0.099,0.9,unit,discrete,composite,composite_placeholder,split_into_materials,Split or proxy if material mix affects closure.,motion tolerance/load/lubrication; electron-beam geometry/thermal stability,review_required,review_required,,review_required,,,none,No same-level existing KB candidate found by rule.,needs_decomposition_or_dedicated_readiness,kb/items/parts/ebf3_gun_deflection_x_coil_pair.yaml
ebf3_gun_deflection_y_coil_pair,ebf3_gun_two_axis_deflection_coils,EBF3 gun Y-axis deflection coil pair,0.3,0.099,0.9,unit,discrete,composite,composite_placeholder,split_into_materials,Split or proxy if material mix affects closure.,motion tolerance/load/lubrication; electron-beam geometry/thermal stability,review_required,review_required,,review_required,,,none,No same-level existing KB candidate found by rule.,needs_decomposition_or_dedicated_readiness,kb/items/parts/ebf3_gun_deflection_y_coil_pair.yaml
ebf3_gun_diagnostic_signal_feedthrough_insert,ebf3_gun_signal_wiring,EBF3 gun diagnostic signal feedthrough insert,0.18,0.0594,0.54,unit,discrete,composite,composite_placeholder,split_into_materials,Split or proxy if material mix affects closure.,voltage/current/dielectric rating; vacuum leak rate/outgassing; electron-beam geometry/thermal stability,review_required,review_required,review_required,review_required,electrical_feedthrough_vacuum,1,accuracy_risk,"Vacuum seal, pin, dielectric, and voltage rating are fidelity-critical.",needs_decomposition_or_dedicated_readiness,kb/items/parts/ebf3_gun_diagnostic_signal_feedthrough_insert.yaml
ebf3_gun_dynamic_lens_coil_assembly,ebf3_gun_dynamic_magnetic_lens,EBF3 gun dynamic lens coil assembly,0.5,0.165,1.5,unit,discrete,composite,composite_placeholder,split_into_materials,Split or proxy if material mix affects closure.,electron-beam geometry/thermal stability,review_required,review_required,,review_required,lens_assembly_magnifying,0.4,accuracy_risk,"Optical material, wavelength, and thermal/vacuum environment need review.",needs_decomposition_or_dedicated_readiness,kb/items/parts/ebf3_gun_dynamic_lens_coil_assembly.yaml
ebf3_gun_dynamic_lens_pole_pieces,ebf3_gun_dynamic_magnetic_lens,EBF3 gun dynamic lens pole pieces,0.3,0.099,0.9,unit,discrete,metal,steel,aluminum,Default to steel for structural closure; switch to aluminum if mass/thermal benefit matters.,electron-beam geometry/thermal stability,review_required,review_required,,review_required,lens_assembly_magnifying,0.4,accuracy_risk,"Optical material, wavelength, and thermal/vacuum environment need review.",needs_decomposition_or_dedicated_readiness,kb/items/parts/ebf3_gun_dynamic_lens_pole_pieces.yaml
ebf3_gun_dynamic_lens_yoke,ebf3_gun_dynamic_magnetic_lens,EBF3 gun dynamic lens yoke,0.4,0.132,1.2,unit,discrete,metal,steel,aluminum,Default to steel for structural closure; switch to aluminum if mass/thermal benefit matters.,electron-beam geometry/thermal stability,review_required,review_required,,review_required,lens_assembly_magnifying,0.4,accuracy_risk,"Optical material, wavelength, and thermal/vacuum environment need review.",needs_decomposition_or_dedicated_readiness,kb/items/parts/ebf3_gun_dynamic_lens_yoke.yaml
ebf3_gun_feeder_adapter_body,ebf3_gun_feeder_adapter,EBF3 gun-feeder adapter body,0.42,0.1386,1.26,unit,discrete,vacuum_structural_metal,steel,aluminum,Default to steel for structural closure; switch to aluminum if mass/thermal benefit matters.,electron-beam geometry/thermal stability,review_required,review_required,,review_required,,,none,No same-level existing KB candidate found by rule.,needs_decomposition_or_dedicated_readiness,kb/items/parts/ebf3_gun_feeder_adapter_body.yaml
ebf3_gun_feeder_wire_path_alignment_sleeve,ebf3_gun_feeder_adapter,EBF3 gun-feeder wire-path alignment sleeve,0.12,0.0396,0.36,unit,discrete,metal,steel,aluminum,Default to steel for structural closure; switch to aluminum if mass/thermal benefit matters.,electron-beam geometry/thermal stability,review_required,review_required,,review_required,,,none,No same-level existing KB candidate found by rule.,needs_decomposition_or_dedicated_readiness,kb/items/parts/ebf3_gun_feeder_wire_path_alignment_sleeve.yaml
ebf3_gun_hv_input_central_conductor,ebf3_gun_hv_input,EBF3 gun HV input central conductor,0.18,0.0594,0.54,unit,discrete,conductive_metal,aluminum,copper,Use copper only when conductivity/size penalty matters.,voltage/current/dielectric rating; electron-beam geometry/thermal stability,review_required,review_required,,review_required,electrical_wire_and_connectors,1,accuracy_risk,"Length, conductor, insulation, and termination need scaling.",needs_decomposition_or_dedicated_readiness,kb/items/parts/ebf3_gun_hv_input_central_conductor.yaml
ebf3_gun_hv_input_flange_housing,ebf3_gun_hv_input,EBF3 gun HV input flange housing,0.28,0.0924,0.84,unit,discrete,metal,steel,aluminum,Default to steel for structural closure; switch to aluminum if mass/thermal benefit matters.,voltage/current/dielectric rating; electron-beam geometry/thermal stability,review_required,review_required,,review_required,enclosure_electrical_medium,4,accuracy_risk,Housing geometry and interface assumptions are hidden.,needs_decomposition_or_dedicated_readiness,kb/items/parts/ebf3_gun_hv_input_flange_housing.yaml
ebf3_gun_hv_input_receiving_terminal,ebf3_gun_hv_input,EBF3 gun HV input receiving terminal,0.14,0.0462,0.42,unit,discrete,composite,copper_alloy_contact,steel_mounting_hardware,Electrical contact material; check voltage/current and insulation.,voltage/current/dielectric rating; electron-beam geometry/thermal stability,review_required,review_required,,review_required,terminal_block_set,2,likely_reuse,Same broad terminal-block set; check voltage/current class.,needs_decomposition_or_dedicated_readiness,kb/items/parts/ebf3_gun_hv_input_receiving_terminal.yaml
ebf3_gun_hv_insulator_ceramic_body,ebf3_gun_hv_insulator,EBF3 gun HV insulator ceramic body,0.45,0.1485,1.35,unit,discrete,ceramic,alumina_ceramic,porcelain; fused_silica,Use ceramic route; dielectric/creepage rating required.,voltage/current/dielectric rating; electron-beam geometry/thermal stability,review_required,review_required,,review_required,,,none,No same-level existing KB candidate found by rule.,needs_decomposition_or_dedicated_readiness,kb/items/parts/ebf3_gun_hv_insulator_ceramic_body.yaml
ebf3_gun_hv_insulator_field_grading_electrode_set,ebf3_gun_hv_insulator,EBF3 gun HV insulator field grading electrode set,0.1,0.033,0.3,unit,discrete,conductive_metal,molybdenum,tungsten,Electron-gun electrode material; precision and thermal stability dominate.,voltage/current/dielectric rating; electron-beam geometry/thermal stability,review_required,review_required,,review_required,,,none,No same-level existing KB candidate found by rule.,needs_decomposition_or_dedicated_readiness,kb/items/parts/ebf3_gun_hv_insulator_field_grading_electrode_set.yaml
ebf3_gun_hv_insulator_metallized_end_interface_set,ebf3_gun_hv_insulator,EBF3 gun HV insulator metallized end interface set,0.08,0.0264,0.24,unit,discrete,metal_ceramic_interface,alumina_ceramic,porcelain; fused_silica,Use ceramic route; dielectric/creepage rating required.,voltage/current/dielectric rating; electron-beam geometry/thermal stability,review_required,review_required,,review_required,,,none,No same-level existing KB candidate found by rule.,needs_decomposition_or_dedicated_readiness,kb/items/parts/ebf3_gun_hv_insulator_metallized_end_interface_set.yaml
ebf3_gun_hv_insulator_mounting_collar_set,ebf3_gun_hv_insulator,EBF3 gun HV insulator mounting collar set,0.12,0.0396,0.36,unit,discrete,metal,alumina_ceramic,porcelain; fused_silica,Use ceramic route; dielectric/creepage rating required.,voltage/current/dielectric rating; electron-beam geometry/thermal stability,review_required,review_required,,review_required,,,none,No same-level existing KB candidate found by rule.,needs_decomposition_or_dedicated_readiness,kb/items/parts/ebf3_gun_hv_insulator_mounting_collar_set.yaml
ebf3_gun_local_diagnostic_signal_lead_set,ebf3_gun_signal_wiring,EBF3 gun local diagnostic signal lead set,0.08,0.0264,0.24,unit,discrete,composite,aluminum_conductor,copper_conductor,"Voltage, vacuum, and temperature decide insulation.",voltage/current/dielectric rating; electron-beam geometry/thermal stability,review_required,review_required,,review_required,electrical_wire_and_connectors,1,accuracy_risk,"Length, conductor, insulation, and termination need scaling.",needs_decomposition_or_dedicated_readiness,kb/items/parts/ebf3_gun_local_diagnostic_signal_lead_set.yaml
ebf3_gun_main_lens_coil_assembly,ebf3_gun_main_magnetic_lens,EBF3 gun main lens coil assembly,0.9,0.297,2.7,unit,discrete,composite,composite_placeholder,split_into_materials,Split or proxy if material mix affects closure.,electron-beam geometry/thermal stability,review_required,review_required,,review_required,lens_assembly_magnifying,0.4,accuracy_risk,"Optical material, wavelength, and thermal/vacuum environment need review.",needs_decomposition_or_dedicated_readiness,kb/items/parts/ebf3_gun_main_lens_coil_assembly.yaml
ebf3_gun_main_lens_pole_pieces,ebf3_gun_main_magnetic_lens,EBF3 gun main lens pole pieces,0.7,0.231,2.1,unit,discrete,metal,steel,aluminum,Default to steel for structural closure; switch to aluminum if mass/thermal benefit matters.,electron-beam geometry/thermal stability,review_required,review_required,,review_required,lens_assembly_magnifying,0.4,accuracy_risk,"Optical material, wavelength, and thermal/vacuum environment need review.",needs_decomposition_or_dedicated_readiness,kb/items/parts/ebf3_gun_main_lens_pole_pieces.yaml
ebf3_gun_main_lens_yoke,ebf3_gun_main_magnetic_lens,EBF3 gun main lens yoke,0.6,0.198,1.8,unit,discrete,metal,steel,aluminum,Default to steel for structural closure; switch to aluminum if mass/thermal benefit matters.,electron-beam geometry/thermal stability,review_required,review_required,,review_required,lens_assembly_magnifying,0.4,accuracy_risk,"Optical material, wavelength, and thermal/vacuum environment need review.",needs_decomposition_or_dedicated_readiness,kb/items/parts/ebf3_gun_main_lens_yoke.yaml
ebf3_gun_screen_electrode,ebf3_fixed_electron_beam_gun,EBF3 gun screen electrode,0.08,0.0264,0.24,unit,discrete,refractory_metal,molybdenum,tungsten,Electron-gun electrode material; precision and thermal stability dominate.,electron-beam geometry/thermal stability,review_required,review_required,,review_required,,,none,No same-level existing KB candidate found by rule.,needs_decomposition_or_dedicated_readiness,kb/items/parts/ebf3_gun_screen_electrode.yaml
ebf3_gun_secondary_electron_ring_collector,ebf3_gun_secondary_electron_pickup,EBF3 gun secondary-electron ring collector,0.1,0.033,0.3,unit,discrete,conductive_metal,conductive_metal,,Current material_class is the starting point.,electron-beam geometry/thermal stability,review_required,review_required,,review_required,,,none,No same-level existing KB candidate found by rule.,needs_decomposition_or_dedicated_readiness,kb/items/parts/ebf3_gun_secondary_electron_ring_collector.yaml
ebf3_gun_secondary_pickup_insulator,ebf3_gun_secondary_electron_pickup,EBF3 gun secondary pickup insulator,0.05,0.0165,0.15,unit,discrete,ceramic,alumina_ceramic,porcelain; fused_silica,Use ceramic route; dielectric/creepage rating required.,voltage/current/dielectric rating; electron-beam geometry/thermal stability,review_required,review_required,,review_required,,,none,No same-level existing KB candidate found by rule.,needs_decomposition_or_dedicated_readiness,kb/items/parts/ebf3_gun_secondary_pickup_insulator.yaml
ebf3_gun_side_oil_tank,ebf3_fixed_electron_beam_gun,EBF3 gun-side oil tank,0.9,0.297,2.7,unit,discrete,composite,composite_placeholder,split_into_materials,Split or proxy if material mix affects closure.,vacuum leak rate/outgassing; electron-beam geometry/thermal stability,review_required,review_required,review_required,review_required,,,none,No same-level existing KB candidate found by rule.,needs_decomposition_or_dedicated_readiness,kb/items/parts/ebf3_gun_side_oil_tank.yaml
ebf3_gun_signal_shield_termination_interface,ebf3_gun_signal_wiring,EBF3 gun signal shield termination interface,0.05,0.0165,0.15,unit,discrete,conductive_metal,steel,aluminum; refractory_foil,Radiation/HV shields may need refractory metal.,electron-beam geometry/thermal stability,review_required,review_required,,review_required,,,none,No same-level existing KB candidate found by rule.,needs_decomposition_or_dedicated_readiness,kb/items/parts/ebf3_gun_signal_shield_termination_interface.yaml
ebf3_gun_trajectory_corrector_coil_set,ebf3_gun_trajectory_corrector,EBF3 gun trajectory corrector coil set,0.3,0.099,0.9,unit,discrete,electronic,electronics_board_proxy,imported_electronics,Needs electronics readiness/import decision.,electron-beam geometry/thermal stability,review_required,review_required,,review_required,,,none,No same-level existing KB candidate found by rule.,needs_decomposition_or_dedicated_readiness,kb/items/parts/ebf3_gun_trajectory_corrector_coil_set.yaml
ebf3_gun_trajectory_corrector_insulator_set,ebf3_gun_trajectory_corrector,EBF3 gun trajectory corrector insulator set,0.08,0.0264,0.24,unit,discrete,insulator,alumina_ceramic,porcelain; fused_silica,Use ceramic route; dielectric/creepage rating required.,voltage/current/dielectric rating; electron-beam geometry/thermal stability,review_required,review_required,,review_required,,,none,No same-level existing KB candidate found by rule.,needs_decomposition_or_dedicated_readiness,kb/items/parts/ebf3_gun_trajectory_corrector_insulator_set.yaml
ebf3_gun_trajectory_corrector_mount,ebf3_gun_trajectory_corrector,EBF3 gun trajectory corrector mount,0.04,0.0132,0.12,unit,discrete,metal,steel,aluminum; alumina_ceramic,Simple machined/bent/welded hardware unless insulating.,electron-beam geometry/thermal stability; stiffness/tolerance/interface fit,review_required,review_required,,review_required,,,none,No same-level existing KB candidate found by rule.,needs_decomposition_or_dedicated_readiness,kb/items/parts/ebf3_gun_trajectory_corrector_mount.yaml
ebf3_gun_trajectory_corrector_pole_piece_set,ebf3_gun_trajectory_corrector,EBF3 gun trajectory corrector pole piece set,0.18,0.0594,0.54,unit,discrete,metal,steel,aluminum,Default to steel for structural closure; switch to aluminum if mass/thermal benefit matters.,electron-beam geometry/thermal stability,review_required,review_required,,review_required,,,none,No same-level existing KB candidate found by rule.,needs_decomposition_or_dedicated_readiness,kb/items/parts/ebf3_gun_trajectory_corrector_pole_piece_set.yaml
ebf3_heater_supply_current_regulator_board,ebf3_cathode_heater_supply,EBF3 heater supply current regulator board,1.4,0.56,3.5,unit,discrete,electronic,electronics_board_proxy,imported_electronics,Needs electronics readiness/import decision.,circuit function/rating,,,,,,,none,No same-level existing KB candidate found by rule.,needs_decomposition_or_import_decision,kb/items/parts/ebf3_heater_supply_current_regulator_board.yaml
ebf3_heater_supply_enclosure,ebf3_cathode_heater_supply,EBF3 heater supply enclosure,0.6,0.3,1.2,unit,discrete,metal,steel,aluminum,Default to steel for structural closure; switch to aluminum if mass/thermal benefit matters.,basic function/material/scale,,,,,enclosure_electrical_medium,4,likely_reuse,Same-level enclosure if scale and environment pass review.,registered_not_enough_accuracy,kb/items/parts/ebf3_heater_supply_enclosure.yaml
ebf3_heater_supply_heat_sink,ebf3_cathode_heater_supply,EBF3 heater supply heat sink,1.2,0.6,2.4,unit,discrete,metal,aluminum,steel,Aluminum is the normal heat-sink material; steel only as closure proxy.,thermal load/temperature rise,,,,,heat_sink_base_machined,4,likely_reuse,Same-level heat-sink hardware if heat load is modest.,registered_not_enough_accuracy,kb/items/parts/ebf3_heater_supply_heat_sink.yaml
ebf3_heater_supply_power_stage,ebf3_cathode_heater_supply,EBF3 heater supply power stage,1.3,0.65,2.6,unit,discrete,electronic,electronics_board_proxy,imported_electronics,Needs electronics readiness/import decision.,basic function/material/scale,,,,,,,none,No same-level existing KB candidate found by rule.,needs_decomposition_or_import_decision,kb/items/parts/ebf3_heater_supply_power_stage.yaml
ebf3_hv_bleeder_chain_insulating_support,ebf3_hv_discharge_bleeder_resistor_chain,EBF3 hv bleeder chain insulating support,0.16,0.0528,0.48,unit,discrete,insulator,insulator,,Current material_class is the starting point.,voltage/current/dielectric rating,,,,,,,none,No same-level existing KB candidate found by rule.,needs_decomposition_or_import_decision,kb/items/parts/ebf3_hv_bleeder_chain_insulating_support.yaml
ebf3_hv_bleeder_chain_terminal_set,ebf3_hv_discharge_bleeder_resistor_chain,EBF3 hv bleeder chain terminal set,0.08,0.0264,0.24,unit,discrete,metal,copper_alloy_contact,steel_mounting_hardware,Electrical contact material; check voltage/current and insulation.,voltage/current/dielectric rating,,,,,terminal_block_set,2,likely_reuse,Same broad terminal-block set; check voltage/current class.,registered_wrong_functional_object,kb/items/parts/ebf3_hv_bleeder_chain_terminal_set.yaml
ebf3_hv_bleeder_resistor_element_stack,ebf3_hv_discharge_bleeder_resistor_chain,EBF3 hv bleeder resistor element stack,0.36,0.1188,1.08,unit,discrete,electronic,electronics_board_proxy,imported_electronics,Needs electronics readiness/import decision.,voltage/current/dielectric rating,,,,,,,none,No same-level existing KB candidate found by rule.,needs_decomposition_or_import_decision,kb/items/parts/ebf3_hv_bleeder_resistor_element_stack.yaml
ebf3_hv_cable_braided_shield,ebf3_hv_cable_to_gun,EBF3 HV cable braided shield,0.18,0.0594,0.54,unit,discrete,conductive_metal,steel,aluminum; refractory_foil,Radiation/HV shields may need refractory metal.,voltage/current/dielectric rating,,,,,assembled_cable_harness,5,accuracy_risk,"Length, shield, insulation, and rating need scaling.",registered_wrong_functional_object,kb/items/parts/ebf3_hv_cable_braided_shield.yaml
ebf3_hv_cable_central_conductor,ebf3_hv_cable_to_gun,EBF3 HV cable central conductor,0.22,0.0726,0.66,unit,discrete,conductive_metal,aluminum_conductor,copper_conductor,"Voltage, vacuum, and temperature decide insulation.",voltage/current/dielectric rating,,,,,assembled_cable_harness,5,accuracy_risk,"Length, shield, insulation, and rating need scaling.",registered_wrong_functional_object,kb/items/parts/ebf3_hv_cable_central_conductor.yaml
ebf3_hv_cable_dielectric_insulation,ebf3_hv_cable_to_gun,EBF3 HV cable dielectric insulation,0.36,0.1188,1.08,unit,discrete,polymer_dielectric,aluminum_conductor,copper_conductor,"Voltage, vacuum, and temperature decide insulation.",voltage/current/dielectric rating,,,,,assembled_cable_harness,5,accuracy_risk,"Length, shield, insulation, and rating need scaling.",registered_wrong_functional_object,kb/items/parts/ebf3_hv_cable_dielectric_insulation.yaml
ebf3_hv_cable_outer_jacket,ebf3_hv_cable_to_gun,EBF3 HV cable outer jacket,0.16,0.0528,0.48,unit,discrete,polymer,aluminum_conductor,copper_conductor,"Voltage, vacuum, and temperature decide insulation.",voltage/current/dielectric rating,,,,,assembled_cable_harness,5,accuracy_risk,"Length, shield, insulation, and rating need scaling.",registered_wrong_functional_object,kb/items/parts/ebf3_hv_cable_outer_jacket.yaml
ebf3_hv_cable_semiconductive_stress_control_layer,ebf3_hv_cable_to_gun,EBF3 HV cable semiconductive stress-control layer,0.08,0.0264,0.24,unit,discrete,conductive_polymer_composite,aluminum_conductor,copper_conductor,"Voltage, vacuum, and temperature decide insulation.",voltage/current/dielectric rating,,,,,assembled_cable_harness,5,accuracy_risk,"Length, shield, insulation, and rating need scaling.",registered_wrong_functional_object,kb/items/parts/ebf3_hv_cable_semiconductive_stress_control_layer.yaml
ebf3_hv_drain_valve,ebf3_hv_tank_fill_drain_ports,EBF3 HV tank drain valve,0.2,0.066,0.6,unit,discrete,metal,steel,aluminum,Default to steel for structural closure; switch to aluminum if mass/thermal benefit matters.,voltage/current/dielectric rating; vacuum leak rate/outgassing,,review_required,review_required,,,,none,No same-level existing KB candidate found by rule.,create_leaf_choose_material,kb/items/parts/ebf3_hv_drain_valve.yaml
ebf3_hv_fill_port,ebf3_hv_tank_fill_drain_ports,EBF3 HV tank fill port,0.12,0.0396,0.36,unit,discrete,metal,steel,aluminum,Default to steel for structural closure; switch to aluminum if mass/thermal benefit matters.,voltage/current/dielectric rating; vacuum leak rate/outgassing,,review_required,review_required,,,,none,No same-level existing KB candidate found by rule.,create_leaf_choose_material,kb/items/parts/ebf3_hv_fill_port.yaml
ebf3_hv_lead_conductor_set,ebf3_internal_hv_leads_terminals,EBF3 HV lead conductor set,0.6,0.198,1.8,unit,discrete,metal,aluminum_conductor,copper_conductor,"Voltage, vacuum, and temperature decide insulation.",voltage/current/dielectric rating,,,,,electrical_wire_and_connectors,1,accuracy_risk,"Length, conductor, insulation, and termination need scaling.",registered_wrong_functional_object,kb/items/parts/ebf3_hv_lead_conductor_set.yaml
ebf3_hv_lead_support_standoff_set,ebf3_internal_hv_leads_terminals,EBF3 HV lead support standoff set,0.2,0.066,0.6,unit,discrete,insulator,alumina_ceramic,steel,Use ceramic when electrical/thermal isolation matters; steel only for structural standoffs.,voltage/current/dielectric rating,,,,,electrical_wire_and_connectors,1,accuracy_risk,"Length, conductor, insulation, and termination need scaling.",registered_wrong_functional_object,kb/items/parts/ebf3_hv_lead_support_standoff_set.yaml
ebf3_hv_output_filter_capacitor,ebf3_hv_section_module_set,EBF3 HV output filter capacitor,2,0.66,6,unit,discrete,electronic,electronics_board_proxy,imported_electronics,Needs electronics readiness/import decision.,voltage/current/dielectric rating; circuit function/rating,,,,,capacitor_bank_filter,0.3,accuracy_risk,"Voltage, ripple current, and dielectric assumptions are hidden.",reuse_with_accuracy_risk,kb/items/parts/ebf3_hv_output_filter_capacitor.yaml
ebf3_hv_pressure_relief_seal,ebf3_hv_tank_pressure_relief,EBF3 HV tank pressure relief seal,0.08,0.0264,0.24,unit,discrete,polymer,silicone_rubber,metal_gasket,Vacuum/oil compatibility decides final material.,voltage/current/dielectric rating; vacuum leak rate/outgassing,,review_required,review_required,,vacuum_seal_assembly,5,accuracy_risk,Seal geometry/material/leak rate are hidden.,reuse_with_accuracy_risk,kb/items/parts/ebf3_hv_pressure_relief_seal.yaml
ebf3_hv_pressure_relief_valve_body,ebf3_hv_tank_pressure_relief,EBF3 HV tank pressure relief valve body,0.22,0.0726,0.66,unit,discrete,metal,steel,aluminum,Default to steel for structural closure; switch to aluminum if mass/thermal benefit matters.,voltage/current/dielectric rating; vacuum leak rate/outgassing,,review_required,review_required,,pressure_relief_valve,2,likely_reuse,Same function; check setpoint and fluid compatibility.,registered_not_enough_accuracy,kb/items/parts/ebf3_hv_pressure_relief_valve_body.yaml
ebf3_hv_rectifier_stack_tank_side,ebf3_hv_section_module_set,EBF3 tank-side HV rectifier stack,2.5,0.825,7.5,unit,discrete,electronic,electronics_board_proxy,imported_electronics,Needs electronics readiness/import decision.,voltage/current/dielectric rating; vacuum leak rate/outgassing; circuit function/rating,,review_required,review_required,,hv_rectifier_stack,5,accuracy_risk,HV/oil/vacuum rating must be checked.,reuse_with_accuracy_risk,kb/items/parts/ebf3_hv_rectifier_stack_tank_side.yaml
ebf3_hv_return_current_monitor_insulating_mount,ebf3_hv_output_return_current_monitor,EBF3 hv return current monitor insulating mount,0.12,0.0396,0.36,unit,discrete,insulator,steel,aluminum; alumina_ceramic,Simple machined/bent/welded hardware unless insulating.,voltage/current/dielectric rating; stiffness/tolerance/interface fit,review_required,review_required,,,,,none,No same-level existing KB candidate found by rule.,needs_decomposition_or_import_decision,kb/items/parts/ebf3_hv_return_current_monitor_insulating_mount.yaml
ebf3_hv_return_current_monitor_signal_lead,ebf3_hv_output_return_current_monitor,EBF3 hv return current monitor signal lead,0.12,0.0396,0.36,unit,discrete,composite,aluminum_conductor,copper_conductor,"Voltage, vacuum, and temperature decide insulation.",voltage/current/dielectric rating,,,,,electrical_wire_and_connectors,1,accuracy_risk,"Length, conductor, insulation, and termination need scaling.",registered_not_enough_accuracy,kb/items/parts/ebf3_hv_return_current_monitor_signal_lead.yaml
ebf3_hv_return_current_sensing_element,ebf3_hv_output_return_current_monitor,EBF3 hv return current sensing element,0.16,0.0528,0.48,unit,discrete,electronic,electronics_board_proxy,imported_electronics,Needs electronics readiness/import decision.,voltage/current/dielectric rating,,,,,,,none,No same-level existing KB candidate found by rule.,needs_decomposition_or_import_decision,kb/items/parts/ebf3_hv_return_current_sensing_element.yaml
ebf3_hv_rounded_terminal_set,ebf3_internal_hv_leads_terminals,EBF3 HV rounded terminal set,0.4,0.132,1.2,unit,discrete,metal,copper_alloy_contact,steel_mounting_hardware,Electrical contact material; check voltage/current and insulation.,voltage/current/dielectric rating,,,,,terminal_block_set,2,likely_reuse,Same broad terminal-block set; check voltage/current class.,registered_wrong_functional_object,kb/items/parts/ebf3_hv_rounded_terminal_set.yaml
ebf3_hv_service_plug_set,ebf3_hv_tank_fill_drain_ports,EBF3 HV tank service plug set,0.08,0.0264,0.24,unit,discrete,composite,composite_placeholder,split_into_materials,Split or proxy if material mix affects closure.,voltage/current/dielectric rating; vacuum leak rate/outgassing,,review_required,review_required,,,,none,No same-level existing KB candidate found by rule.,needs_decomposition_or_import_decision,kb/items/parts/ebf3_hv_service_plug_set.yaml
ebf3_hv_tank_bonding_anchor,ebf3_hv_tank_grounding_terminal,EBF3 HV tank bonding anchor,0.08,0.0264,0.24,unit,discrete,metal,steel,aluminum,Default to steel for structural closure; switch to aluminum if mass/thermal benefit matters.,voltage/current/dielectric rating; vacuum leak rate/outgassing,,review_required,review_required,,,,none,No same-level existing KB candidate found by rule.,create_leaf_choose_material,kb/items/parts/ebf3_hv_tank_bonding_anchor.yaml
ebf3_hv_tank_ground_lug,ebf3_hv_tank_grounding_terminal,EBF3 HV tank ground lug,0.12,0.0396,0.36,unit,discrete,metal,steel,aluminum,Default to steel for structural closure; switch to aluminum if mass/thermal benefit matters.,voltage/current/dielectric rating; vacuum leak rate/outgassing,,review_required,review_required,,,,none,No same-level existing KB candidate found by rule.,create_leaf_choose_material,kb/items/parts/ebf3_hv_tank_ground_lug.yaml
ebf3_hv_tank_lid,ebf3_hv_tank_enclosure,EBF3 HV tank lid,2,0.66,6,unit,discrete,metal,steel,aluminum,Default to steel for structural closure; switch to aluminum if mass/thermal benefit matters.,voltage/current/dielectric rating; vacuum leak rate/outgassing,,review_required,review_required,,,,none,No same-level existing KB candidate found by rule.,create_leaf_choose_material,kb/items/parts/ebf3_hv_tank_lid.yaml
ebf3_hv_tank_lid_seal,ebf3_hv_tank_enclosure,EBF3 HV tank lid seal,0.5,0.165,1.5,unit,discrete,polymer,silicone_rubber,metal_gasket,Vacuum/oil compatibility decides final material.,voltage/current/dielectric rating; vacuum leak rate/outgassing,,review_required,review_required,,vacuum_seal_assembly,5,accuracy_risk,Seal geometry/material/leak rate are hidden.,reuse_with_accuracy_risk,kb/items/parts/ebf3_hv_tank_lid_seal.yaml
ebf3_hv_tank_shell,ebf3_hv_tank_enclosure,EBF3 HV tank shell,8,2.64,24,unit,discrete,metal,steel,aluminum,Default to steel for structural closure; switch to aluminum if mass/thermal benefit matters.,voltage/current/dielectric rating; vacuum leak rate/outgassing,,review_required,review_required,,,,none,No same-level existing KB candidate found by rule.,create_leaf_choose_material,kb/items/parts/ebf3_hv_tank_shell.yaml
ebf3_hv_tank_temperature_probe,ebf3_hv_tank_temperature_sensor,EBF3 hv tank temperature probe,0.04,0.0132,0.12,unit,discrete,electronic,electronics_board_proxy,imported_electronics,Needs electronics readiness/import decision.,voltage/current/dielectric rating; vacuum leak rate/outgassing,,review_required,review_required,,,,none,No same-level existing KB candidate found by rule.,needs_decomposition_or_import_decision,kb/items/parts/ebf3_hv_tank_temperature_probe.yaml
ebf3_hv_tank_temperature_sensor_lead_set,ebf3_hv_tank_temperature_sensor,EBF3 hv tank temperature sensor lead set,0.04,0.0132,0.12,unit,discrete,composite,aluminum_conductor,copper_conductor,"Voltage, vacuum, and temperature decide insulation.",voltage/current/dielectric rating; vacuum leak rate/outgassing; circuit function/rating,,review_required,review_required,,electrical_wire_and_connectors,1,accuracy_risk,"Length, conductor, insulation, and termination need scaling.",registered_not_enough_accuracy,kb/items/parts/ebf3_hv_tank_temperature_sensor_lead_set.yaml
ebf3_hv_tank_temperature_sensor_mount,ebf3_hv_tank_temperature_sensor,EBF3 hv tank temperature sensor mount,0.02,0.0066,0.06,unit,discrete,metal,steel,aluminum; alumina_ceramic,Simple machined/bent/welded hardware unless insulating.,voltage/current/dielectric rating; vacuum leak rate/outgassing; circuit function/rating; stiffness/tolerance/interface fit,review_required,review_required,review_required,,,,none,No same-level existing KB candidate found by rule.,create_leaf_choose_material,kb/items/parts/ebf3_hv_tank_temperature_sensor_mount.yaml
ebf3_hv_transformer_insulating_fluid,ebf3_high_voltage_tank,EBF3 HV transformer insulating fluid,8,2.64,24,unit,discrete,polymer,silicone_rubber,other_kb_polymer,Check vacuum/outgassing and temperature limits.,voltage/current/dielectric rating; circuit function/rating,,,,,high_voltage_transformer,20,accuracy_risk,Voltage class and insulation package need scaling.,reuse_with_accuracy_risk,kb/items/parts/ebf3_hv_transformer_insulating_fluid.yaml
ebf3_hv_voltage_divider_insulating_support,ebf3_hv_output_voltage_divider_sensing,EBF3 hv voltage divider insulating support,0.1,0.033,0.3,unit,discrete,insulator,insulator,,Current material_class is the starting point.,voltage/current/dielectric rating,,,,,,,none,No same-level existing KB candidate found by rule.,needs_decomposition_or_import_decision,kb/items/parts/ebf3_hv_voltage_divider_insulating_support.yaml
ebf3_hv_voltage_divider_low_voltage_sense_board,ebf3_hv_output_voltage_divider_sensing,EBF3 hv voltage divider low voltage sense board,0.08,0.0264,0.24,unit,discrete,electronic,electronics_board_proxy,imported_electronics,Needs electronics readiness/import decision.,voltage/current/dielectric rating; circuit function/rating,,,,,,,none,No same-level existing KB candidate found by rule.,needs_decomposition_or_import_decision,kb/items/parts/ebf3_hv_voltage_divider_low_voltage_sense_board.yaml
ebf3_hv_voltage_divider_resistor_stack,ebf3_hv_output_voltage_divider_sensing,EBF3 hv voltage divider resistor stack,0.28,0.0924,0.84,unit,discrete,electronic,electronics_board_proxy,imported_electronics,Needs electronics readiness/import decision.,voltage/current/dielectric rating,,,,,,,none,No same-level existing KB candidate found by rule.,needs_decomposition_or_import_decision,kb/items/parts/ebf3_hv_voltage_divider_resistor_stack.yaml
ebf3_hv_voltage_divider_shielded_lead,ebf3_hv_output_voltage_divider_sensing,EBF3 hv voltage divider shielded lead,0.04,0.0132,0.12,unit,discrete,composite,aluminum_conductor,copper_conductor,"Voltage, vacuum, and temperature decide insulation.",voltage/current/dielectric rating,,,,,electrical_wire_and_connectors,1,accuracy_risk,"Length, conductor, insulation, and termination need scaling.",registered_not_enough_accuracy,kb/items/parts/ebf3_hv_voltage_divider_shielded_lead.yaml
ebf3_input_rectifier_busbar_set,ebf3_input_rectifier,EBF3 input rectifier busbar set,0.7,0.231,2.1,unit,discrete,metal,aluminum,copper,Use copper only when current density or thermal penalty matters.,voltage/current/dielectric rating; circuit function/rating,,,,,rectifier_bridge_heavy_duty,2,accuracy_risk,Broad rectifier family match.,reuse_with_accuracy_risk,kb/items/parts/ebf3_input_rectifier_busbar_set.yaml
ebf3_input_rectifier_diode_module_set,ebf3_input_rectifier,EBF3 input rectifier diode module set,1.2,0.48,3,unit,discrete,electronic,electronics_board_proxy,imported_electronics,Needs electronics readiness/import decision.,circuit function/rating,,,,,rectifier_diode_set,0.2,accuracy_risk,Diode package/rating detail is hidden.,reuse_with_accuracy_risk,kb/items/parts/ebf3_input_rectifier_diode_module_set.yaml
ebf3_input_rectifier_gate_or_sense_board,ebf3_input_rectifier,EBF3 input rectifier gate or sense board,0.3,0.12,0.75,unit,discrete,electronic,electronics_board_proxy,imported_electronics,Needs electronics readiness/import decision.,circuit function/rating,,,,,rectifier_bridge_heavy_duty,2,accuracy_risk,Broad rectifier family match.,reuse_with_accuracy_risk,kb/items/parts/ebf3_input_rectifier_gate_or_sense_board.yaml
ebf3_input_rectifier_heat_sink,ebf3_input_rectifier,EBF3 input rectifier heat sink,0.8,0.32,2,unit,discrete,metal,aluminum,steel,Aluminum is the normal heat-sink material; steel only as closure proxy.,circuit function/rating; thermal load/temperature rise,,,,,rectifier_bridge_heavy_duty,2,accuracy_risk,Broad rectifier family match.,reuse_with_accuracy_risk,kb/items/parts/ebf3_input_rectifier_heat_sink.yaml
ebf3_intermediate_wire_guide_body,ebf3_intermediate_wire_guide,EBF3 intermediate wire guide body,0.16,0.064,0.4,unit,discrete,metal,steel,aluminum,Default to steel for structural closure; switch to aluminum if mass/thermal benefit matters.,motion tolerance/load/lubrication,review_required,review_required,,review_required,,,none,No same-level existing KB candidate found by rule.,create_leaf_choose_material,kb/items/parts/ebf3_intermediate_wire_guide_body.yaml
ebf3_intermediate_wire_guide_wear_insert,ebf3_intermediate_wire_guide,EBF3 intermediate wire guide wear insert,0.09,0.036,0.225,unit,discrete,ceramic,alumina_ceramic,porcelain; fused_silica,Select dielectric/thermal grade before recipe work.,motion tolerance/load/lubrication,review_required,review_required,,review_required,,,none,No same-level existing KB candidate found by rule.,create_leaf_choose_material,kb/items/parts/ebf3_intermediate_wire_guide_wear_insert.yaml
ebf3_linear_encoder_mounting_bracket_set,ebf3_linear_encoder_scales,EBF3 linear encoder mounting bracket set,0.3,0.12,0.75,unit,discrete,metal,steel,aluminum,Simple machined/bent/welded hardware.,motion tolerance/load/lubrication; stiffness/tolerance/interface fit,review_required,review_required,,review_required,linear_encoder_set,3,accuracy_risk,Scale/read-head/grating precision assumptions are hidden.,reuse_with_accuracy_risk,kb/items/parts/ebf3_linear_encoder_mounting_bracket_set.yaml
ebf3_linear_encoder_read_head_set,ebf3_linear_encoder_scales,EBF3 linear encoder read head set,0.45,0.18,1.125,unit,discrete,electronic,electronics_board_proxy,imported_electronics,Needs electronics readiness/import decision.,motion tolerance/load/lubrication,review_required,review_required,,review_required,linear_encoder_set,3,accuracy_risk,Scale/read-head/grating precision assumptions are hidden.,reuse_with_accuracy_risk,kb/items/parts/ebf3_linear_encoder_read_head_set.yaml
ebf3_linear_encoder_scale_strip_set,ebf3_linear_encoder_scales,EBF3 linear encoder scale strip set,0.75,0.3,1.875,unit,discrete,glass,glass,,Current material_class is the starting point.,motion tolerance/load/lubrication,review_required,review_required,,review_required,linear_encoder_set,3,accuracy_risk,Scale/read-head/grating precision assumptions are hidden.,reuse_with_accuracy_risk,kb/items/parts/ebf3_linear_encoder_scale_strip_set.yaml
ebf3_linear_guide_carriage_block_set,ebf3_linear_guide_carriages,EBF3 linear guide carriage block set,1.1,0.44,2.75,unit,discrete,precision_metal,steel,aluminum,Default to steel for structural closure; switch to aluminum if mass/thermal benefit matters.,motion tolerance/load/lubrication,review_required,review_required,,review_required,linear_guide_rails,20,accuracy_risk,"Rail/carriage split, preload, straightness, and lubrication need review.",reuse_with_accuracy_risk,kb/items/parts/ebf3_linear_guide_carriage_block_set.yaml
ebf3_linear_guide_carriage_retainer_set,ebf3_linear_guide_carriages,EBF3 linear guide carriage retainer set,0.25,0.1,0.625,unit,discrete,metal,steel,aluminum,Simple retaining hardware unless high temperature.,motion tolerance/load/lubrication,review_required,review_required,,review_required,linear_guide_rails,20,accuracy_risk,"Rail/carriage split, preload, straightness, and lubrication need review.",reuse_with_accuracy_risk,kb/items/parts/ebf3_linear_guide_carriage_retainer_set.yaml
ebf3_linear_guide_carriage_rolling_element_set,ebf3_linear_guide_carriages,EBF3 linear guide carriage rolling element set,0.55,0.22,1.375,unit,discrete,precision_metal,steel,aluminum,Default to steel for structural closure; switch to aluminum if mass/thermal benefit matters.,motion tolerance/load/lubrication,review_required,review_required,,review_required,linear_guide_rails,20,accuracy_risk,"Rail/carriage split, preload, straightness, and lubrication need review.",reuse_with_accuracy_risk,kb/items/parts/ebf3_linear_guide_carriage_rolling_element_set.yaml
ebf3_linear_guide_rail_body_set,ebf3_linear_guide_rails,EBF3 linear guide rail body set,2.4,0.96,6,unit,discrete,metal,steel,aluminum,Default to steel for structural closure; switch to aluminum if mass/thermal benefit matters.,motion tolerance/load/lubrication,review_required,review_required,,review_required,linear_guide_rails,20,accuracy_risk,"Rail/carriage split, preload, straightness, and lubrication need review.",reuse_with_accuracy_risk,kb/items/parts/ebf3_linear_guide_rail_body_set.yaml
ebf3_linear_guide_rail_end_stop_set,ebf3_linear_guide_rails,EBF3 linear guide rail end stop set,0.3,0.12,0.75,unit,discrete,metal,steel,aluminum,Default to steel for structural closure; switch to aluminum if mass/thermal benefit matters.,motion tolerance/load/lubrication,review_required,review_required,,review_required,linear_guide_rails,20,accuracy_risk,"Rail/carriage split, preload, straightness, and lubrication need review.",reuse_with_accuracy_risk,kb/items/parts/ebf3_linear_guide_rail_end_stop_set.yaml
ebf3_linear_guide_rail_mounting_hole_datum_set,ebf3_linear_guide_rails,EBF3 linear guide rail mounting hole datum set,0.3,0.12,0.75,unit,discrete,metal,steel,aluminum,Default to steel for structural closure; switch to aluminum if mass/thermal benefit matters.,motion tolerance/load/lubrication,review_required,review_required,,review_required,linear_guide_rails,20,accuracy_risk,"Rail/carriage split, preload, straightness, and lubrication need review.",reuse_with_accuracy_risk,kb/items/parts/ebf3_linear_guide_rail_mounting_hole_datum_set.yaml
ebf3_lv_distribution_breaker_or_fuse_set,ebf3_low_voltage_distribution_panel,EBF3 lv distribution breaker or fuse set,1.2,0.6,2.4,unit,discrete,electronic,electronics_board_proxy,imported_electronics,Needs electronics readiness/import decision.,basic function/material/scale,,,,,,,none,No same-level existing KB candidate found by rule.,needs_decomposition_or_import_decision,kb/items/parts/ebf3_lv_distribution_breaker_or_fuse_set.yaml
ebf3_lv_distribution_busbar_set,ebf3_low_voltage_distribution_panel,EBF3 lv distribution busbar set,1.1,0.363,3.3,unit,discrete,metal,aluminum,copper,Use copper only when current density or thermal penalty matters.,voltage/current/dielectric rating,,,,,busbar_distribution_system_v0,12,accuracy_risk,Current rating and conductor geometry need scaling.,reuse_with_accuracy_risk,kb/items/parts/ebf3_lv_distribution_busbar_set.yaml
ebf3_matching_network_busbar_set,ebf3_inverter_matching_network,EBF3 matching network busbar set,0.6,0.198,1.8,unit,discrete,metal,aluminum,copper,Use copper only when current density or thermal penalty matters.,voltage/current/dielectric rating,,,,,busbar_distribution_system_v0,12,accuracy_risk,Current rating and conductor geometry need scaling.,reuse_with_accuracy_risk,kb/items/parts/ebf3_matching_network_busbar_set.yaml
ebf3_matching_network_capacitor_set,ebf3_inverter_matching_network,EBF3 matching network capacitor set,1.2,0.48,3,unit,discrete,electronic,electronics_board_proxy,imported_electronics,Needs electronics readiness/import decision.,circuit function/rating,,,,,capacitor_bank_filter,0.3,accuracy_risk,"Voltage, ripple current, and dielectric assumptions are hidden.",reuse_with_accuracy_risk,kb/items/parts/ebf3_matching_network_capacitor_set.yaml
ebf3_matching_network_inductor_set,ebf3_inverter_matching_network,EBF3 matching network inductor set,1.3,0.52,3.25,unit,discrete,electronic,electronics_board_proxy,imported_electronics,Needs electronics readiness/import decision.,circuit function/rating,,,,,inductor_filter_large,2,accuracy_risk,"Core, winding, insulation, and rating assumptions are hidden.",reuse_with_accuracy_risk,kb/items/parts/ebf3_matching_network_inductor_set.yaml
ebf3_matching_network_mounting_frame,ebf3_inverter_matching_network,EBF3 matching network mounting frame,0.9,0.45,1.8,unit,discrete,metal,steel_structural_stock,aluminum_structural_stock,Select by stiffness and fabrication route.,stiffness/tolerance/interface fit,review_required,review_required,,,structural_frame_small_v0,12,accuracy_risk,"Frame geometry, stiffness, and mounting assumptions need scaling.",reuse_with_accuracy_risk,kb/items/parts/ebf3_matching_network_mounting_frame.yaml
ebf3_motion_drive_control_board,ebf3_motion_control_drive_module,EBF3 motion drive control board,1,0.4,2.5,unit,discrete,electronic,electronics_board_proxy,imported_electronics,Needs electronics readiness/import decision.,circuit function/rating,,,,,,,none,No same-level existing KB candidate found by rule.,needs_decomposition_or_import_decision,kb/items/parts/ebf3_motion_drive_control_board.yaml
ebf3_motion_drive_heat_spreader,ebf3_motion_control_drive_module,EBF3 motion drive heat spreader,0.5,0.25,1,unit,discrete,metal,steel,aluminum,Default to steel for structural closure; switch to aluminum if mass/thermal benefit matters.,thermal load/temperature rise,,,,,,,none,No same-level existing KB candidate found by rule.,create_leaf_choose_material,kb/items/parts/ebf3_motion_drive_heat_spreader.yaml
ebf3_motion_drive_power_stage_set,ebf3_motion_control_drive_module,EBF3 motion drive power stage set,1.1,0.55,2.2,unit,discrete,electronic,electronics_board_proxy,imported_electronics,Needs electronics readiness/import decision.,basic function/material/scale,,,,,,,none,No same-level existing KB candidate found by rule.,needs_decomposition_or_import_decision,kb/items/parts/ebf3_motion_drive_power_stage_set.yaml
ebf3_motor_coupling_clamp_screw_set,ebf3_motor_couplings,EBF3 motor coupling clamp screw set,0.08,0.032,0.2,unit,discrete,metal,steel,aluminum,Default to steel for structural closure; switch to aluminum if mass/thermal benefit matters.,motion tolerance/load/lubrication; stiffness/tolerance/interface fit,review_required,review_required,,review_required,stepper_motor_precision,3,accuracy_risk,"Torque, vacuum compatibility, encoder, and insulation need review.",reuse_with_accuracy_risk,kb/items/parts/ebf3_motor_coupling_clamp_screw_set.yaml
ebf3_motor_coupling_flexible_element_set,ebf3_motor_couplings,EBF3 motor coupling flexible element set,0.14,0.056,0.35,unit,discrete,composite,composite_placeholder,split_into_materials,Split or proxy if material mix affects closure.,motion tolerance/load/lubrication,review_required,review_required,,review_required,stepper_motor_precision,3,accuracy_risk,"Torque, vacuum compatibility, encoder, and insulation need review.",reuse_with_accuracy_risk,kb/items/parts/ebf3_motor_coupling_flexible_element_set.yaml
ebf3_motor_coupling_hub_set,ebf3_motor_couplings,EBF3 motor coupling hub set,0.28,0.112,0.7,unit,discrete,metal,steel,aluminum,Default to steel for structural closure; switch to aluminum if mass/thermal benefit matters.,motion tolerance/load/lubrication,review_required,review_required,,review_required,stepper_motor_precision,3,accuracy_risk,"Torque, vacuum compatibility, encoder, and insulation need review.",reuse_with_accuracy_risk,kb/items/parts/ebf3_motor_coupling_hub_set.yaml
ebf3_motor_mount_bracket_fastener_interface_set,ebf3_motor_mount_brackets,EBF3 motor mount bracket fastener interface set,0.15,0.06,0.375,unit,discrete,metal,steel,aluminum,Simple machined/bent/welded hardware.,motion tolerance/load/lubrication; stiffness/tolerance/interface fit,review_required,review_required,,review_required,stepper_motor_precision,3,accuracy_risk,"Torque, vacuum compatibility, encoder, and insulation need review.",reuse_with_accuracy_risk,kb/items/parts/ebf3_motor_mount_bracket_fastener_interface_set.yaml
ebf3_motor_mount_bracket_plate_set,ebf3_motor_mount_brackets,EBF3 motor mount bracket plate set,0.65,0.26,1.625,unit,discrete,metal,steel,aluminum,Simple machined/bent/welded hardware.,motion tolerance/load/lubrication; stiffness/tolerance/interface fit,review_required,review_required,,review_required,stepper_motor_precision,3,accuracy_risk,"Torque, vacuum compatibility, encoder, and insulation need review.",reuse_with_accuracy_risk,kb/items/parts/ebf3_motor_mount_bracket_plate_set.yaml
ebf3_motor_mount_bracket_spacer_set,ebf3_motor_mount_brackets,EBF3 motor mount bracket spacer set,0.2,0.08,0.5,unit,discrete,metal,steel,aluminum,Simple machined/bent/welded hardware.,motion tolerance/load/lubrication; stiffness/tolerance/interface fit,review_required,review_required,,review_required,stepper_motor_precision,3,accuracy_risk,"Torque, vacuum compatibility, encoder, and insulation need review.",reuse_with_accuracy_risk,kb/items/parts/ebf3_motor_mount_bracket_spacer_set.yaml
ebf3_moveable_build_platform_clamp_slot_set,ebf3_moveable_build_platform,EBF3 moveable build platform clamp slot set,0.7,0.35,1.4,unit,discrete,precision_metal,steel,aluminum,Default to steel for structural closure; switch to aluminum if mass/thermal benefit matters.,stiffness/tolerance/interface fit,review_required,review_required,,,,,none,No same-level existing KB candidate found by rule.,create_leaf_choose_material,kb/items/parts/ebf3_moveable_build_platform_clamp_slot_set.yaml
ebf3_moveable_build_platform_plate,ebf3_moveable_build_platform,EBF3 moveable build platform plate,5.6,2.8,11.2,unit,discrete,precision_metal,steel_plate,aluminum_plate,"Select by stiffness, flatness, thermal exposure, and manufacturability.",stiffness/tolerance/interface fit,review_required,review_required,,,metal_sheet_or_plate,1,accuracy_risk,Stock is not a same-level replacement; use for material/process only.,reuse_with_accuracy_risk,kb/items/parts/ebf3_moveable_build_platform_plate.yaml
ebf3_moveable_build_platform_return_contact_pad,ebf3_moveable_build_platform,EBF3 moveable build platform return contact pad,0.4,0.2,0.8,unit,discrete,conductive_metal,conductive_metal,,Current material_class is the starting point.,basic function/material/scale,,,,,,,none,No same-level existing KB candidate found by rule.,needs_decomposition_or_import_decision,kb/items/parts/ebf3_moveable_build_platform_return_contact_pad.yaml
ebf3_multi_channel_driver_control_board,ebf3_multi_channel_driver_module,EBF3 multi channel driver control board,1.2,0.48,3,unit,discrete,electronic,electronics_board_proxy,imported_electronics,Needs electronics readiness/import decision.,circuit function/rating,,,,,,,none,No same-level existing KB candidate found by rule.,needs_decomposition_or_import_decision,kb/items/parts/ebf3_multi_channel_driver_control_board.yaml
ebf3_multi_channel_driver_enclosure,ebf3_multi_channel_driver_module,EBF3 multi channel driver enclosure,0.6,0.24,1.5,unit,discrete,metal,steel,aluminum,Default to steel for structural closure; switch to aluminum if mass/thermal benefit matters.,circuit function/rating,,,,,enclosure_electrical_medium,4,likely_reuse,Same-level enclosure if scale and environment pass review.,registered_not_enough_accuracy,kb/items/parts/ebf3_multi_channel_driver_enclosure.yaml
ebf3_multi_channel_heat_sink,ebf3_multi_channel_driver_module,EBF3 multi channel heat sink,1.2,0.6,2.4,unit,discrete,metal,aluminum,steel,Aluminum is the normal heat-sink material; steel only as closure proxy.,thermal load/temperature rise,,,,,heat_sink_base_machined,4,likely_reuse,Same-level heat-sink hardware if heat load is modest.,registered_not_enough_accuracy,kb/items/parts/ebf3_multi_channel_heat_sink.yaml
ebf3_multi_channel_power_driver_stage_set,ebf3_multi_channel_driver_module,EBF3 multi channel power driver stage set,2.2,0.88,5.5,unit,discrete,electronic,electronics_board_proxy,imported_electronics,Needs electronics readiness/import decision.,circuit function/rating,,,,,,,none,No same-level existing KB candidate found by rule.,needs_decomposition_or_import_decision,kb/items/parts/ebf3_multi_channel_power_driver_stage_set.yaml
ebf3_positioning_axis_base_plate,ebf3_four_axis_positioning_system,EBF3 positioning axis base plate,3,1.2,7.5,unit,discrete,metal,steel_plate,aluminum_plate,"Select by stiffness, flatness, thermal exposure, and manufacturability.",motion tolerance/load/lubrication; stiffness/tolerance/interface fit,review_required,review_required,,review_required,metal_sheet_or_plate,1,accuracy_risk,Stock is not a same-level replacement; use for material/process only.,reuse_with_accuracy_risk,kb/items/parts/ebf3_positioning_axis_base_plate.yaml
ebf3_positioning_base_frame_crossmember_set,ebf3_positioning_base_frame,EBF3 positioning base frame crossmember set,2.2,1.1,4.4,unit,discrete,metal,steel_structural_stock,aluminum_structural_stock,Select by stiffness and fabrication route.,stiffness/tolerance/interface fit,review_required,review_required,,,structural_frame_small_v0,12,accuracy_risk,"Frame geometry, stiffness, and mounting assumptions need scaling.",reuse_with_accuracy_risk,kb/items/parts/ebf3_positioning_base_frame_crossmember_set.yaml
ebf3_positioning_base_frame_mounting_foot_set,ebf3_positioning_base_frame,EBF3 positioning base frame mounting foot set,0.8,0.4,1.6,unit,discrete,metal,steel_structural_stock,aluminum_structural_stock,Select by stiffness and fabrication route.,stiffness/tolerance/interface fit,review_required,review_required,,,structural_frame_small_v0,12,accuracy_risk,"Frame geometry, stiffness, and mounting assumptions need scaling.",reuse_with_accuracy_risk,kb/items/parts/ebf3_positioning_base_frame_mounting_foot_set.yaml
ebf3_positioning_base_frame_rail_set,ebf3_positioning_base_frame,EBF3 positioning base frame rail set,4,2,8,unit,discrete,metal,steel_structural_stock,aluminum_structural_stock,Select by stiffness and fabrication route.,stiffness/tolerance/interface fit,review_required,review_required,,,structural_frame_small_v0,12,accuracy_risk,"Frame geometry, stiffness, and mounting assumptions need scaling.",reuse_with_accuracy_risk,kb/items/parts/ebf3_positioning_base_frame_rail_set.yaml
ebf3_positioning_bellows_end_retainer_set,ebf3_positioning_bellows_cover,EBF3 positioning bellows end retainer set,0.18,0.09,0.36,unit,discrete,metal,steel,aluminum,Simple retaining hardware unless high temperature.,basic function/material/scale,,,,,,,none,No same-level existing KB candidate found by rule.,create_leaf_choose_material,kb/items/parts/ebf3_positioning_bellows_end_retainer_set.yaml
ebf3_positioning_bellows_folded_cover,ebf3_positioning_bellows_cover,EBF3 positioning bellows folded cover,0.55,0.275,1.1,unit,discrete,metal,steel,aluminum,Default to steel for structural closure; switch to aluminum if mass/thermal benefit matters.,basic function/material/scale,,,,,,,none,No same-level existing KB candidate found by rule.,create_leaf_choose_material,kb/items/parts/ebf3_positioning_bellows_folded_cover.yaml
ebf3_positioning_bellows_mounting_tab_set,ebf3_positioning_bellows_cover,EBF3 positioning bellows mounting tab set,0.07,0.035,0.14,unit,discrete,metal,steel,aluminum,Default to steel for structural closure; switch to aluminum if mass/thermal benefit matters.,basic function/material/scale,,,,,,,none,No same-level existing KB candidate found by rule.,create_leaf_choose_material,kb/items/parts/ebf3_positioning_bellows_mounting_tab_set.yaml
ebf3_positioning_feedthrough_air_side_connector,ebf3_positioning_electrical_feedthrough,EBF3 positioning feedthrough air-side connector,0.08,0.0264,0.24,unit,discrete,composite,copper_alloy_contact,ceramic_or_polymer_body,Contact/body materials should be split if closure matters.,voltage/current/dielectric rating; vacuum leak rate/outgassing,,review_required,review_required,,connector_electrical_multi_pin,0.1,accuracy_risk,"Pin count, seal, and rating assumptions are hidden.",needs_decomposition_or_dedicated_readiness,kb/items/parts/ebf3_positioning_feedthrough_air_side_connector.yaml
ebf3_positioning_feedthrough_flange,ebf3_positioning_electrical_feedthrough,EBF3 positioning feedthrough flange,0.2,0.066,0.6,unit,discrete,metal,steel,aluminum,Default to steel for structural closure; switch to aluminum if mass/thermal benefit matters.,voltage/current/dielectric rating; vacuum leak rate/outgassing,,review_required,review_required,,electrical_feedthrough_vacuum,1,accuracy_risk,"Vacuum seal, pin, dielectric, and voltage rating are fidelity-critical.",needs_decomposition_or_dedicated_readiness,kb/items/parts/ebf3_positioning_feedthrough_flange.yaml
ebf3_positioning_feedthrough_insulator_body,ebf3_positioning_electrical_feedthrough,EBF3 positioning feedthrough insulator body,0.4,0.132,1.2,unit,discrete,ceramic,alumina_ceramic,porcelain; fused_silica,Use ceramic route; dielectric/creepage rating required.,voltage/current/dielectric rating; vacuum leak rate/outgassing,,review_required,review_required,,electrical_feedthrough_vacuum,1,accuracy_risk,"Vacuum seal, pin, dielectric, and voltage rating are fidelity-critical.",needs_decomposition_or_dedicated_readiness,kb/items/parts/ebf3_positioning_feedthrough_insulator_body.yaml
ebf3_positioning_feedthrough_motor_power_pin_set,ebf3_positioning_electrical_feedthrough,EBF3 positioning feedthrough motor power pin set,0.18,0.0594,0.54,unit,discrete,conductive_metal,conductive_metal,,Current material_class is the starting point.,voltage/current/dielectric rating; vacuum leak rate/outgassing; motion tolerance/load/lubrication,review_required,review_required,review_required,review_required,electrical_feedthrough_vacuum,1,accuracy_risk,"Vacuum seal, pin, dielectric, and voltage rating are fidelity-critical.",needs_decomposition_or_dedicated_readiness,kb/items/parts/ebf3_positioning_feedthrough_motor_power_pin_set.yaml
ebf3_positioning_feedthrough_shield_termination_interface,ebf3_positioning_electrical_feedthrough,EBF3 positioning feedthrough shield termination interface,0.05,0.0165,0.15,unit,discrete,conductive_metal,steel,aluminum; refractory_foil,Radiation/HV shields may need refractory metal.,voltage/current/dielectric rating; vacuum leak rate/outgassing,,review_required,review_required,,electrical_feedthrough_vacuum,1,accuracy_risk,"Vacuum seal, pin, dielectric, and voltage rating are fidelity-critical.",needs_decomposition_or_dedicated_readiness,kb/items/parts/ebf3_positioning_feedthrough_shield_termination_interface.yaml
ebf3_positioning_feedthrough_signal_pin_set,ebf3_positioning_electrical_feedthrough,EBF3 positioning feedthrough signal pin set,0.08,0.0264,0.24,unit,discrete,conductive_metal,conductive_metal,,Current material_class is the starting point.,voltage/current/dielectric rating; vacuum leak rate/outgassing,,review_required,review_required,,electrical_feedthrough_vacuum,1,accuracy_risk,"Vacuum seal, pin, dielectric, and voltage rating are fidelity-critical.",needs_decomposition_or_dedicated_readiness,kb/items/parts/ebf3_positioning_feedthrough_signal_pin_set.yaml
ebf3_positioning_feedthrough_vacuum_side_connector,ebf3_positioning_electrical_feedthrough,EBF3 positioning feedthrough vacuum-side connector,0.08,0.0264,0.24,unit,discrete,composite,copper_alloy_contact,ceramic_or_polymer_body,Contact/body materials should be split if closure matters.,voltage/current/dielectric rating; vacuum leak rate/outgassing,,review_required,review_required,,connector_electrical_multi_pin,0.1,accuracy_risk,"Pin count, seal, and rating assumptions are hidden.",needs_decomposition_or_dedicated_readiness,kb/items/parts/ebf3_positioning_feedthrough_vacuum_side_connector.yaml
ebf3_positioning_motor_cable_insulation_set,ebf3_vacuum_compatible_motor_cabling,EBF3 positioning motor cable insulation set,0.24,0.0792,0.72,unit,discrete,polymer,aluminum_conductor,copper_conductor,"Voltage, vacuum, and temperature decide insulation.",voltage/current/dielectric rating; motion tolerance/load/lubrication,review_required,review_required,,review_required,assembled_cable_harness,5,accuracy_risk,"Length, shield, insulation, and rating need scaling.",registered_not_enough_accuracy,kb/items/parts/ebf3_positioning_motor_cable_insulation_set.yaml
ebf3_positioning_motor_cable_shield_set,ebf3_vacuum_compatible_motor_cabling,EBF3 positioning motor cable shield set,0.16,0.0528,0.48,unit,discrete,metal,steel,aluminum; refractory_foil,Radiation/HV shields may need refractory metal.,voltage/current/dielectric rating; motion tolerance/load/lubrication,review_required,review_required,,review_required,assembled_cable_harness,5,accuracy_risk,"Length, shield, insulation, and rating need scaling.",registered_not_enough_accuracy,kb/items/parts/ebf3_positioning_motor_cable_shield_set.yaml
ebf3_positioning_motor_cable_termination_set,ebf3_vacuum_compatible_motor_cabling,EBF3 positioning motor cable termination set,0.08,0.0264,0.24,unit,discrete,composite,aluminum_conductor,copper_conductor,"Voltage, vacuum, and temperature decide insulation.",voltage/current/dielectric rating; motion tolerance/load/lubrication,review_required,review_required,,review_required,assembled_cable_harness,5,accuracy_risk,"Length, shield, insulation, and rating need scaling.",registered_not_enough_accuracy,kb/items/parts/ebf3_positioning_motor_cable_termination_set.yaml
ebf3_positioning_motor_power_conductor_set,ebf3_vacuum_compatible_motor_cabling,EBF3 positioning motor power conductor set,0.32,0.1056,0.96,unit,discrete,metal,aluminum,copper,Use copper only when conductivity/size penalty matters.,voltage/current/dielectric rating; motion tolerance/load/lubrication,review_required,review_required,,review_required,electrical_wire_and_connectors,1,accuracy_risk,"Length, conductor, insulation, and termination need scaling.",registered_not_enough_accuracy,kb/items/parts/ebf3_positioning_motor_power_conductor_set.yaml
ebf3_positioning_signal_cable_insulation_set,ebf3_vacuum_compatible_signal_cabling,EBF3 positioning signal cable insulation set,0.2,0.066,0.6,unit,discrete,polymer,aluminum_conductor,copper_conductor,"Voltage, vacuum, and temperature decide insulation.",voltage/current/dielectric rating,,,,,assembled_cable_harness,5,accuracy_risk,"Length, shield, insulation, and rating need scaling.",registered_not_enough_accuracy,kb/items/parts/ebf3_positioning_signal_cable_insulation_set.yaml
ebf3_positioning_signal_cable_shield_set,ebf3_vacuum_compatible_signal_cabling,EBF3 positioning signal cable shield set,0.18,0.0594,0.54,unit,discrete,metal,steel,aluminum; refractory_foil,Radiation/HV shields may need refractory metal.,voltage/current/dielectric rating,,,,,assembled_cable_harness,5,accuracy_risk,"Length, shield, insulation, and rating need scaling.",registered_not_enough_accuracy,kb/items/parts/ebf3_positioning_signal_cable_shield_set.yaml
ebf3_positioning_signal_cable_termination_set,ebf3_vacuum_compatible_signal_cabling,EBF3 positioning signal cable termination set,0.08,0.0264,0.24,unit,discrete,composite,aluminum_conductor,copper_conductor,"Voltage, vacuum, and temperature decide insulation.",voltage/current/dielectric rating,,,,,assembled_cable_harness,5,accuracy_risk,"Length, shield, insulation, and rating need scaling.",registered_not_enough_accuracy,kb/items/parts/ebf3_positioning_signal_cable_termination_set.yaml
ebf3_positioning_signal_conductor_set,ebf3_vacuum_compatible_signal_cabling,EBF3 positioning signal conductor set,0.24,0.0792,0.72,unit,discrete,metal,aluminum,copper,Use copper only when conductivity/size penalty matters.,voltage/current/dielectric rating,,,,,electrical_wire_and_connectors,1,accuracy_risk,"Length, conductor, insulation, and termination need scaling.",registered_not_enough_accuracy,kb/items/parts/ebf3_positioning_signal_conductor_set.yaml
ebf3_power_electronics_cooling_duct_or_line_set,ebf3_power_electronics_thermal_management,EBF3 power electronics cooling duct or line set,0.7,0.35,1.4,unit,discrete,composite,composite_placeholder,split_into_materials,Split or proxy if material mix affects closure.,thermal load/temperature rise,,,,,,,none,No same-level existing KB candidate found by rule.,needs_decomposition_or_import_decision,kb/items/parts/ebf3_power_electronics_cooling_duct_or_line_set.yaml
ebf3_power_electronics_cooling_plate_set,ebf3_power_electronics_thermal_management,EBF3 power electronics cooling plate set,2,1,4,unit,discrete,metal,steel_plate,aluminum_plate,"Select by stiffness, flatness, thermal exposure, and manufacturability.",thermal load/temperature rise; stiffness/tolerance/interface fit,review_required,review_required,,,metal_sheet_or_plate,1,accuracy_risk,Stock is not a same-level replacement; use for material/process only.,reuse_with_accuracy_risk,kb/items/parts/ebf3_power_electronics_cooling_plate_set.yaml
ebf3_power_electronics_fan_or_pump_module,ebf3_power_electronics_thermal_management,EBF3 power electronics fan or pump module,1.5,0.6,3.75,unit,discrete,electronic,electronics_board_proxy,imported_electronics,Needs electronics readiness/import decision.,circuit function/rating,,,,,,,none,No same-level existing KB candidate found by rule.,needs_decomposition_or_import_decision,kb/items/parts/ebf3_power_electronics_fan_or_pump_module.yaml
ebf3_power_electronics_heat_sink_set,ebf3_power_electronics_thermal_management,EBF3 power electronics heat sink set,3,1.5,6,unit,discrete,metal,aluminum,steel,Aluminum is the normal heat-sink material; steel only as closure proxy.,thermal load/temperature rise,,,,,heat_sink_base_machined,4,likely_reuse,Same-level heat-sink hardware if heat load is modest.,registered_not_enough_accuracy,kb/items/parts/ebf3_power_electronics_heat_sink_set.yaml
ebf3_power_electronics_thermal_interface_set,ebf3_power_electronics_thermal_management,EBF3 power electronics thermal interface set,0.8,0.4,1.6,unit,discrete,composite,composite_placeholder,split_into_materials,Split or proxy if material mix affects closure.,thermal load/temperature rise,,,,,thermal_interface_material,0.1,likely_reuse,Material proxy; check temperature and vacuum/outgassing.,needs_decomposition_or_dedicated_readiness,kb/items/parts/ebf3_power_electronics_thermal_interface_set.yaml
ebf3_power_input_gland_body,ebf3_power_input_cable_gland,EBF3 power input gland body,0.5,0.25,1,unit,discrete,metal,steel,aluminum,Default to steel for structural closure; switch to aluminum if mass/thermal benefit matters.,basic function/material/scale,,,,,,,none,No same-level existing KB candidate found by rule.,create_leaf_choose_material,kb/items/parts/ebf3_power_input_gland_body.yaml
ebf3_power_input_gland_seal,ebf3_power_input_cable_gland,EBF3 power input gland seal,0.3,0.099,0.9,unit,discrete,polymer,silicone_rubber,metal_gasket,Vacuum/oil compatibility decides final material.,vacuum leak rate/outgassing,,review_required,review_required,,vacuum_seal_assembly,5,accuracy_risk,Seal geometry/material/leak rate are hidden.,reuse_with_accuracy_risk,kb/items/parts/ebf3_power_input_gland_seal.yaml
ebf3_pressure_adjustment_knob_body,ebf3_pressure_adjustment_knob,EBF3 pressure adjustment knob body,0.13,0.065,0.26,unit,discrete,polymer,steel,ceramic,Simple hardware; choose ceramic for heat/electrical isolation.,basic function/material/scale,,,,,,,none,No same-level existing KB candidate found by rule.,create_leaf_choose_material,kb/items/parts/ebf3_pressure_adjustment_knob_body.yaml
ebf3_pressure_adjustment_threaded_insert,ebf3_pressure_adjustment_knob,EBF3 pressure adjustment threaded insert,0.07,0.035,0.14,unit,discrete,metal,steel,aluminum,Default to steel for structural closure; switch to aluminum if mass/thermal benefit matters.,basic function/material/scale,,,,,,,none,No same-level existing KB candidate found by rule.,create_leaf_choose_material,kb/items/parts/ebf3_pressure_adjustment_threaded_insert.yaml
ebf3_pressure_spring,ebf3_wire_feeder,EBF3 pressure spring,0.3,0.15,0.6,unit,discrete,metal,spring_steel,,Elastic performance dominates material selection.,basic function/material/scale,,,,,,,none,No same-level existing KB candidate found by rule.,create_leaf_choose_material,kb/items/parts/ebf3_pressure_spring.yaml
ebf3_primary_transformer_core,ebf3_primary_isolation_transformer,EBF3 primary transformer core,1.5,0.6,3.75,unit,discrete,metal,steel,aluminum,Default to steel for structural closure; switch to aluminum if mass/thermal benefit matters.,circuit function/rating,,,,,transformer_core,15,accuracy_risk,Core geometry and lamination material need scaling.,reuse_with_accuracy_risk,kb/items/parts/ebf3_primary_transformer_core.yaml
ebf3_primary_transformer_insulation_set,ebf3_primary_isolation_transformer,EBF3 primary transformer insulation set,0.6,0.24,1.5,unit,discrete,insulator,insulator,,Current material_class is the starting point.,circuit function/rating,,,,,high_voltage_transformer,20,accuracy_risk,Voltage class and insulation package need scaling.,reuse_with_accuracy_risk,kb/items/parts/ebf3_primary_transformer_insulation_set.yaml
ebf3_primary_transformer_mount,ebf3_primary_isolation_transformer,EBF3 primary transformer mount,0.6,0.24,1.5,unit,discrete,metal,steel,aluminum; alumina_ceramic,Simple machined/bent/welded hardware unless insulating.,circuit function/rating; stiffness/tolerance/interface fit,review_required,review_required,,,high_voltage_transformer,20,accuracy_risk,Voltage class and insulation package need scaling.,reuse_with_accuracy_risk,kb/items/parts/ebf3_primary_transformer_mount.yaml
ebf3_primary_transformer_winding_set,ebf3_primary_isolation_transformer,EBF3 primary transformer winding set,1.3,0.52,3.25,unit,discrete,metal,steel,aluminum,Default to steel for structural closure; switch to aluminum if mass/thermal benefit matters.,circuit function/rating,,,,,high_voltage_transformer,20,accuracy_risk,Voltage class and insulation package need scaling.,reuse_with_accuracy_risk,kb/items/parts/ebf3_primary_transformer_winding_set.yaml
ebf3_realtime_processor_board,ebf3_realtime_control_processor,EBF3 realtime processor board,0.55,0.22,1.375,unit,discrete,electronic,electronics_board_proxy,imported_electronics,Needs electronics readiness/import decision.,circuit function/rating,,,,,,,none,No same-level existing KB candidate found by rule.,needs_decomposition_or_import_decision,kb/items/parts/ebf3_realtime_processor_board.yaml
ebf3_realtime_processor_connector_set,ebf3_realtime_control_processor,EBF3 realtime processor connector set,0.2,0.066,0.6,unit,discrete,electronic,copper_alloy_contact,ceramic_or_polymer_body,Contact/body materials should be split if closure matters.,voltage/current/dielectric rating; circuit function/rating,,,,,connector_electrical_multi_pin,0.1,accuracy_risk,"Pin count, seal, and rating assumptions are hidden.",registered_not_enough_accuracy,kb/items/parts/ebf3_realtime_processor_connector_set.yaml
ebf3_ripple_inductor_core,ebf3_ripple_damping_inductor,EBF3 ripple inductor core,0.35,0.14,0.875,unit,discrete,metal,steel,aluminum,Default to steel for structural closure; switch to aluminum if mass/thermal benefit matters.,circuit function/rating,,,,,inductor_filter_large,2,accuracy_risk,"Core, winding, insulation, and rating assumptions are hidden.",reuse_with_accuracy_risk,kb/items/parts/ebf3_ripple_inductor_core.yaml
ebf3_ripple_inductor_insulation_set,ebf3_ripple_damping_inductor,EBF3 ripple inductor insulation set,0.12,0.048,0.3,unit,discrete,insulator,insulator,,Current material_class is the starting point.,circuit function/rating,,,,,inductor_filter_large,2,accuracy_risk,"Core, winding, insulation, and rating assumptions are hidden.",reuse_with_accuracy_risk,kb/items/parts/ebf3_ripple_inductor_insulation_set.yaml
ebf3_ripple_inductor_mount,ebf3_ripple_damping_inductor,EBF3 ripple inductor mount,0.08,0.032,0.2,unit,discrete,metal,steel,aluminum; alumina_ceramic,Simple machined/bent/welded hardware unless insulating.,circuit function/rating; stiffness/tolerance/interface fit,review_required,review_required,,,inductor_filter_large,2,accuracy_risk,"Core, winding, insulation, and rating assumptions are hidden.",reuse_with_accuracy_risk,kb/items/parts/ebf3_ripple_inductor_mount.yaml
ebf3_ripple_inductor_winding,ebf3_ripple_damping_inductor,EBF3 ripple inductor winding,0.45,0.18,1.125,unit,discrete,metal,steel,aluminum,Default to steel for structural closure; switch to aluminum if mass/thermal benefit matters.,circuit function/rating,,,,,inductor_filter_large,2,accuracy_risk,"Core, winding, insulation, and rating assumptions are hidden.",reuse_with_accuracy_risk,kb/items/parts/ebf3_ripple_inductor_winding.yaml
ebf3_rotary_axis_bearing_inner_ring,ebf3_rotary_axis_bearing,EBF3 rotary axis bearing inner ring,1.1,0.44,2.75,unit,discrete,metal,steel,aluminum,Default to steel for structural closure; switch to aluminum if mass/thermal benefit matters.,motion tolerance/load/lubrication,review_required,review_required,,review_required,bearing_set_heavy,4,accuracy_risk,"Load, runout, lubrication, and vacuum compatibility need review.",reuse_with_accuracy_risk,kb/items/parts/ebf3_rotary_axis_bearing_inner_ring.yaml
ebf3_rotary_axis_bearing_outer_ring,ebf3_rotary_axis_bearing,EBF3 rotary axis bearing outer ring,1.3,0.52,3.25,unit,discrete,metal,steel,aluminum,Default to steel for structural closure; switch to aluminum if mass/thermal benefit matters.,motion tolerance/load/lubrication,review_required,review_required,,review_required,bearing_set_heavy,4,accuracy_risk,"Load, runout, lubrication, and vacuum compatibility need review.",reuse_with_accuracy_risk,kb/items/parts/ebf3_rotary_axis_bearing_outer_ring.yaml
ebf3_rotary_axis_bearing_retainer,ebf3_rotary_axis_bearing,EBF3 rotary axis bearing retainer,0.4,0.16,1,unit,discrete,metal,steel,aluminum,Simple retaining hardware unless high temperature.,motion tolerance/load/lubrication,review_required,review_required,,review_required,bearing_set_heavy,4,accuracy_risk,"Load, runout, lubrication, and vacuum compatibility need review.",reuse_with_accuracy_risk,kb/items/parts/ebf3_rotary_axis_bearing_retainer.yaml
ebf3_rotary_axis_bearing_rolling_element_set,ebf3_rotary_axis_bearing,EBF3 rotary axis bearing rolling element set,1.2,0.48,3,unit,discrete,metal,steel,aluminum,Default to steel for structural closure; switch to aluminum if mass/thermal benefit matters.,motion tolerance/load/lubrication,review_required,review_required,,review_required,bearing_set_heavy,4,accuracy_risk,"Load, runout, lubrication, and vacuum compatibility need review.",reuse_with_accuracy_risk,kb/items/parts/ebf3_rotary_axis_bearing_rolling_element_set.yaml
ebf3_rotary_axis_table_hub,ebf3_rotary_axis_table,EBF3 rotary axis table hub,1.4,0.56,3.5,unit,discrete,precision_metal,steel,aluminum,Default to steel for structural closure; switch to aluminum if mass/thermal benefit matters.,motion tolerance/load/lubrication,review_required,review_required,,review_required,,,none,No same-level existing KB candidate found by rule.,create_leaf_choose_material,kb/items/parts/ebf3_rotary_axis_table_hub.yaml
ebf3_rotary_axis_table_mounting_pattern,ebf3_rotary_axis_table,EBF3 rotary axis table mounting pattern,0.6,0.24,1.5,unit,discrete,precision_metal,steel,aluminum,Default to steel for structural closure; switch to aluminum if mass/thermal benefit matters.,motion tolerance/load/lubrication,review_required,review_required,,review_required,,,none,No same-level existing KB candidate found by rule.,create_leaf_choose_material,kb/items/parts/ebf3_rotary_axis_table_mounting_pattern.yaml
ebf3_rotary_axis_table_plate,ebf3_rotary_axis_table,EBF3 rotary axis table plate,3,1.2,7.5,unit,discrete,precision_metal,steel_plate,aluminum_plate,"Select by stiffness, flatness, thermal exposure, and manufacturability.",motion tolerance/load/lubrication; stiffness/tolerance/interface fit,review_required,review_required,,review_required,metal_sheet_or_plate,1,accuracy_risk,Stock is not a same-level replacement; use for material/process only.,reuse_with_accuracy_risk,kb/items/parts/ebf3_rotary_axis_table_plate.yaml
ebf3_rotary_encoder_read_head,ebf3_rotary_encoder,EBF3 rotary encoder read head,0.22,0.088,0.55,unit,discrete,electronic,electronics_board_proxy,imported_electronics,Needs electronics readiness/import decision.,motion tolerance/load/lubrication,review_required,review_required,,review_required,encoder_rotary_incremental,0.15,accuracy_risk,"Resolution, vacuum, and mounting assumptions are hidden.",reuse_with_accuracy_risk,kb/items/parts/ebf3_rotary_encoder_read_head.yaml
ebf3_rotary_encoder_scale_ring,ebf3_rotary_encoder,EBF3 rotary encoder scale ring,0.18,0.072,0.45,unit,discrete,glass,glass,,Current material_class is the starting point.,motion tolerance/load/lubrication,review_required,review_required,,review_required,encoder_rotary_incremental,0.15,accuracy_risk,"Resolution, vacuum, and mounting assumptions are hidden.",reuse_with_accuracy_risk,kb/items/parts/ebf3_rotary_encoder_scale_ring.yaml
ebf3_rotary_worm_shaft,ebf3_four_axis_positioning_system,EBF3 rotary worm shaft,1.5,0.6,3.75,unit,discrete,metal,steel,aluminum,Default to steel for structural closure; switch to aluminum if mass/thermal benefit matters.,motion tolerance/load/lubrication; stiffness/tolerance/interface fit,review_required,review_required,,review_required,worm_gear_set_v0,2,likely_reuse,Same gear family if torque/load is modest.,reuse_with_accuracy_risk,kb/items/parts/ebf3_rotary_worm_shaft.yaml
ebf3_rotary_worm_wheel,ebf3_four_axis_positioning_system,EBF3 rotary worm wheel,2,0.8,5,unit,discrete,metal,steel,aluminum,Default to steel for structural closure; switch to aluminum if mass/thermal benefit matters.,motion tolerance/load/lubrication,review_required,review_required,,review_required,worm_gear_set_v0,2,likely_reuse,Same gear family if torque/load is modest.,reuse_with_accuracy_risk,kb/items/parts/ebf3_rotary_worm_wheel.yaml
ebf3_safety_logic_board,ebf3_safety_blocking_logic,EBF3 safety logic board,0.55,0.22,1.375,unit,discrete,electronic,electronics_board_proxy,imported_electronics,Needs electronics readiness/import decision.,circuit function/rating,,,,,,,none,No same-level existing KB candidate found by rule.,needs_decomposition_or_import_decision,kb/items/parts/ebf3_safety_logic_board.yaml
ebf3_safety_relay_or_interlock_set,ebf3_safety_blocking_logic,EBF3 safety relay or interlock set,0.45,0.225,0.9,unit,discrete,electronic,electronics_board_proxy,imported_electronics,Needs electronics readiness/import decision.,basic function/material/scale,,,,,,,none,No same-level existing KB candidate found by rule.,needs_decomposition_or_import_decision,kb/items/parts/ebf3_safety_relay_or_interlock_set.yaml
ebf3_sectioned_hv_step_up_transformer,ebf3_hv_section_module_set,EBF3 sectioned HV step-up transformer,10,3.3,30,unit,discrete,composite,composite_placeholder,split_into_materials,Split or proxy if material mix affects closure.,voltage/current/dielectric rating; circuit function/rating,,,,,high_voltage_transformer,20,accuracy_risk,Voltage class and insulation package need scaling.,reuse_with_accuracy_risk,kb/items/parts/ebf3_sectioned_hv_step_up_transformer.yaml
ebf3_sensor_interface_board,ebf3_sensor_interface_module,EBF3 sensor interface board,0.35,0.14,0.875,unit,discrete,electronic,electronics_board_proxy,imported_electronics,Needs electronics readiness/import decision.,circuit function/rating,,,,,,,none,No same-level existing KB candidate found by rule.,needs_decomposition_or_import_decision,kb/items/parts/ebf3_sensor_interface_board.yaml
ebf3_sensor_interface_connector_set,ebf3_sensor_interface_module,EBF3 sensor interface connector set,0.1,0.033,0.3,unit,discrete,electronic,copper_alloy_contact,ceramic_or_polymer_body,Contact/body materials should be split if closure matters.,voltage/current/dielectric rating; circuit function/rating,,,,,connector_electrical_multi_pin,0.1,accuracy_risk,"Pin count, seal, and rating assumptions are hidden.",registered_not_enough_accuracy,kb/items/parts/ebf3_sensor_interface_connector_set.yaml
ebf3_sensor_interface_shield,ebf3_sensor_interface_module,EBF3 sensor interface shield,0.05,0.02,0.125,unit,discrete,metal,steel,aluminum; refractory_foil,Radiation/HV shields may need refractory metal.,circuit function/rating,,,,,,,none,No same-level existing KB candidate found by rule.,create_leaf_choose_material,kb/items/parts/ebf3_sensor_interface_shield.yaml
ebf3_sensor_signal_conditioning_front_end,ebf3_sensor_interface_module,EBF3 sensor signal conditioning front end,0.2,0.08,0.5,unit,discrete,electronic,electronics_board_proxy,imported_electronics,Needs electronics readiness/import decision.,circuit function/rating,,,,,,,none,No same-level existing KB candidate found by rule.,needs_decomposition_or_import_decision,kb/items/parts/ebf3_sensor_signal_conditioning_front_end.yaml
ebf3_spatter_shield_mounting_tab_set,ebf3_spatter_shielding,EBF3 spatter shield mounting tab set,0.15,0.075,0.3,unit,discrete,metal,steel,aluminum; refractory_foil,Radiation/HV shields may need refractory metal.,basic function/material/scale,,,,,,,none,No same-level existing KB candidate found by rule.,create_leaf_choose_material,kb/items/parts/ebf3_spatter_shield_mounting_tab_set.yaml
ebf3_spatter_shield_retainer_set,ebf3_spatter_shielding,EBF3 spatter shield retainer set,0.25,0.125,0.5,unit,discrete,metal,steel,aluminum,Simple retaining hardware unless high temperature.,basic function/material/scale,,,,,,,none,No same-level existing KB candidate found by rule.,create_leaf_choose_material,kb/items/parts/ebf3_spatter_shield_retainer_set.yaml
ebf3_spool_brake_adjuster_knob,ebf3_spool_brake_adjuster,EBF3 spool brake adjuster knob,0.07,0.035,0.14,unit,discrete,metal,steel,ceramic,Simple hardware; choose ceramic for heat/electrical isolation.,basic function/material/scale,,,,,,,none,No same-level existing KB candidate found by rule.,create_leaf_choose_material,kb/items/parts/ebf3_spool_brake_adjuster_knob.yaml
ebf3_spool_brake_washer,ebf3_wire_feeder,EBF3 spool brake washer,0.08,0.04,0.16,unit,discrete,metal,steel,aluminum,Default to steel for structural closure; switch to aluminum if mass/thermal benefit matters.,basic function/material/scale,,,,,fastener_kit_medium,1,likely_reuse,Generic washer/fastener kit is acceptable unless material is special.,registered_not_enough_accuracy,kb/items/parts/ebf3_spool_brake_washer.yaml
ebf3_spool_hub,ebf3_wire_feeder,EBF3 spool hub,0.6,0.3,1.2,unit,discrete,metal,steel,aluminum,Default to steel for structural closure; switch to aluminum if mass/thermal benefit matters.,basic function/material/scale,,,,,,,none,No same-level existing KB candidate found by rule.,create_leaf_choose_material,kb/items/parts/ebf3_spool_hub.yaml
ebf3_spool_retaining_ring,ebf3_wire_feeder,EBF3 spool retaining ring,0.03,0.015,0.06,unit,discrete,metal,steel,aluminum,Default to steel for structural closure; switch to aluminum if mass/thermal benefit matters.,basic function/material/scale,,,,,,,none,No same-level existing KB candidate found by rule.,create_leaf_choose_material,kb/items/parts/ebf3_spool_retaining_ring.yaml
ebf3_spool_support_shaft,ebf3_wire_feeder,EBF3 spool support shaft,0.5,0.25,1,unit,discrete,metal,steel,aluminum,Default to steel for structural closure; switch to aluminum if mass/thermal benefit matters.,stiffness/tolerance/interface fit,review_required,review_required,,,steel_shaft,3,accuracy_risk,"Length, diameter, finish, and straightness need scaling.",reuse_with_accuracy_risk,kb/items/parts/ebf3_spool_support_shaft.yaml
ebf3_substrate_clamp_insulating_pad_set,ebf3_substrate_clamp,EBF3 substrate clamp insulating pad set,0.2,0.1,0.4,unit,discrete,ceramic,alumina_ceramic,porcelain; fused_silica,Select dielectric/thermal grade before recipe work.,stiffness/tolerance/interface fit,review_required,review_required,,,,,none,No same-level existing KB candidate found by rule.,create_leaf_choose_material,kb/items/parts/ebf3_substrate_clamp_insulating_pad_set.yaml
ebf3_substrate_clamp_jaw_set,ebf3_substrate_clamp,EBF3 substrate clamp jaw set,0.55,0.275,1.1,unit,discrete,metal,steel,aluminum,Default to steel for structural closure; switch to aluminum if mass/thermal benefit matters.,stiffness/tolerance/interface fit,review_required,review_required,,,,,none,No same-level existing KB candidate found by rule.,create_leaf_choose_material,kb/items/parts/ebf3_substrate_clamp_jaw_set.yaml
ebf3_tank_side_bushing_cable_socket_interface,ebf3_tank_side_hv_output_bushing,EBF3 tank-side bushing cable socket interface,0.2,0.066,0.6,unit,discrete,composite,aluminum_conductor,copper_conductor,"Voltage, vacuum, and temperature decide insulation.",voltage/current/dielectric rating; vacuum leak rate/outgassing,,review_required,review_required,,assembled_cable_harness,5,accuracy_risk,"Length, shield, insulation, and rating need scaling.",registered_wrong_functional_object,kb/items/parts/ebf3_tank_side_bushing_cable_socket_interface.yaml
ebf3_tank_side_bushing_central_conductor,ebf3_tank_side_hv_output_bushing,EBF3 tank-side bushing central conductor,0.25,0.0825,0.75,unit,discrete,metal,aluminum,copper,Use copper only when conductivity/size penalty matters.,voltage/current/dielectric rating; vacuum leak rate/outgassing,,review_required,review_required,,electrical_wire_and_connectors,1,accuracy_risk,"Length, conductor, insulation, and termination need scaling.",registered_wrong_functional_object,kb/items/parts/ebf3_tank_side_bushing_central_conductor.yaml
ebf3_tank_side_bushing_field_grading_shield,ebf3_tank_side_hv_output_bushing,EBF3 tank-side bushing field grading shield,0.12,0.0396,0.36,unit,discrete,conductive_metal,steel,aluminum; refractory_foil,Radiation/HV shields may need refractory metal.,voltage/current/dielectric rating; vacuum leak rate/outgassing,,review_required,review_required,,,,none,No same-level existing KB candidate found by rule.,needs_decomposition_or_import_decision,kb/items/parts/ebf3_tank_side_bushing_field_grading_shield.yaml
ebf3_tank_side_bushing_insulator_body,ebf3_tank_side_hv_output_bushing,EBF3 tank-side bushing insulator body,0.75,0.2475,2.25,unit,discrete,ceramic,alumina_ceramic,porcelain; fused_silica,Use ceramic route; dielectric/creepage rating required.,voltage/current/dielectric rating; vacuum leak rate/outgassing,,review_required,review_required,,,,none,No same-level existing KB candidate found by rule.,create_leaf_choose_material,kb/items/parts/ebf3_tank_side_bushing_insulator_body.yaml
ebf3_tank_side_bushing_mounting_flange,ebf3_tank_side_hv_output_bushing,EBF3 tank-side bushing mounting flange,0.3,0.099,0.9,unit,discrete,metal,steel,aluminum,Default to steel for structural closure; switch to aluminum if mass/thermal benefit matters.,voltage/current/dielectric rating; vacuum leak rate/outgassing,,review_required,review_required,,,,none,No same-level existing KB candidate found by rule.,create_leaf_choose_material,kb/items/parts/ebf3_tank_side_bushing_mounting_flange.yaml
ebf3_thermal_imager_housing,ebf3_thermal_imaging_monitoring_system,EBF3 thermal imager housing,0.2,0.1,0.4,unit,discrete,metal,steel,aluminum,Default to steel for structural closure; switch to aluminum if mass/thermal benefit matters.,thermal load/temperature rise,,,,,enclosure_electrical_medium,4,accuracy_risk,Housing geometry and interface assumptions are hidden.,needs_decomposition_or_dedicated_readiness,kb/items/parts/ebf3_thermal_imager_housing.yaml
ebf3_thermal_imager_lens_assembly,ebf3_thermal_imaging_monitoring_system,EBF3 thermal imager lens assembly,0.25,0.0825,0.75,unit,discrete,glass,glass,,Current material_class is the starting point.,electron-beam geometry/thermal stability; thermal load/temperature rise,review_required,review_required,,review_required,lens_assembly_magnifying,0.4,accuracy_risk,"Optical material, wavelength, and thermal/vacuum environment need review.",needs_decomposition_or_dedicated_readiness,kb/items/parts/ebf3_thermal_imager_lens_assembly.yaml
ebf3_thermal_imager_processing_board,ebf3_thermal_imaging_monitoring_system,EBF3 thermal imager processing board,0.2,0.08,0.5,unit,discrete,electronic,electronics_board_proxy,imported_electronics,Needs electronics readiness/import decision.,circuit function/rating; thermal load/temperature rise,,,,,,,none,No same-level existing KB candidate found by rule.,needs_decomposition_or_dedicated_readiness,kb/items/parts/ebf3_thermal_imager_processing_board.yaml
ebf3_thermal_imager_sensor_module,ebf3_thermal_imaging_monitoring_system,EBF3 thermal imager sensor module,0.35,0.14,0.875,unit,discrete,electronic,electronics_board_proxy,imported_electronics,Needs electronics readiness/import decision.,circuit function/rating; thermal load/temperature rise,,,,,,,none,No same-level existing KB candidate found by rule.,needs_decomposition_or_dedicated_readiness,kb/items/parts/ebf3_thermal_imager_sensor_module.yaml
ebf3_thermal_isolation_standoff_body_set,ebf3_thermal_isolation_standoffs,EBF3 thermal isolation standoff body set,0.3,0.15,0.6,unit,discrete,insulator,alumina_ceramic,steel,Use ceramic when electrical/thermal isolation matters; steel only for structural standoffs.,thermal load/temperature rise,,,,,,,none,No same-level existing KB candidate found by rule.,needs_decomposition_or_dedicated_readiness,kb/items/parts/ebf3_thermal_isolation_standoff_body_set.yaml
ebf3_thermal_isolation_standoff_fastener_interface_set,ebf3_thermal_isolation_standoffs,EBF3 thermal isolation standoff fastener interface set,0.04,0.02,0.08,unit,discrete,metal,alumina_ceramic,steel,Use ceramic when electrical/thermal isolation matters; steel only for structural standoffs.,thermal load/temperature rise,,,,,thermal_interface_material,0.1,likely_reuse,Material proxy; check temperature and vacuum/outgassing.,needs_decomposition_or_dedicated_readiness,kb/items/parts/ebf3_thermal_isolation_standoff_fastener_interface_set.yaml
ebf3_thermal_isolation_standoff_washer_set,ebf3_thermal_isolation_standoffs,EBF3 thermal isolation standoff washer set,0.06,0.03,0.12,unit,discrete,insulator,alumina_ceramic,steel,Use ceramic when electrical/thermal isolation matters; steel only for structural standoffs.,thermal load/temperature rise,,,,,fastener_kit_medium,1,likely_reuse,Generic washer/fastener kit is acceptable unless material is special.,needs_decomposition_or_dedicated_readiness,kb/items/parts/ebf3_thermal_isolation_standoff_washer_set.yaml
ebf3_timebase_oscillator_module,ebf3_data_logger_timebase,EBF3 timebase oscillator module,0.1,0.04,0.25,unit,discrete,electronic,electronics_board_proxy,imported_electronics,Needs electronics readiness/import decision.,circuit function/rating,,,,,,,none,No same-level existing KB candidate found by rule.,needs_decomposition_or_import_decision,kb/items/parts/ebf3_timebase_oscillator_module.yaml
ebf3_transformer_insulation_barrier_set,ebf3_transformer_insulation_spacers,EBF3 transformer insulation barrier set,0.6,0.24,1.5,unit,discrete,insulator,insulator,,Current material_class is the starting point.,circuit function/rating,,,,,high_voltage_transformer,20,accuracy_risk,Voltage class and insulation package need scaling.,reuse_with_accuracy_risk,kb/items/parts/ebf3_transformer_insulation_barrier_set.yaml
ebf3_transformer_spacer_post_set,ebf3_transformer_insulation_spacers,EBF3 transformer spacer post set,0.4,0.16,1,unit,discrete,insulator,steel,aluminum; alumina_ceramic,Choose ceramic if electrical/thermal isolation matters.,circuit function/rating,,,,,high_voltage_transformer,20,accuracy_risk,Voltage class and insulation package need scaling.,reuse_with_accuracy_risk,kb/items/parts/ebf3_transformer_spacer_post_set.yaml
ebf3_visible_camera_housing,ebf3_visible_camera,EBF3 visible camera housing,0.3,0.15,0.6,unit,discrete,metal,steel,aluminum,Default to steel for structural closure; switch to aluminum if mass/thermal benefit matters.,basic function/material/scale,,,,,machine_vision_camera_v0,0.25,accuracy_risk,"Sensor, lens, thermal/vacuum environment need review.",reuse_with_accuracy_risk,kb/items/parts/ebf3_visible_camera_housing.yaml
ebf3_visible_camera_lens_assembly,ebf3_visible_camera,EBF3 visible camera lens assembly,0.25,0.0825,0.75,unit,discrete,glass,glass,,Current material_class is the starting point.,electron-beam geometry/thermal stability,review_required,review_required,,review_required,machine_vision_camera_v0,0.25,accuracy_risk,"Sensor, lens, thermal/vacuum environment need review.",needs_decomposition_or_dedicated_readiness,kb/items/parts/ebf3_visible_camera_lens_assembly.yaml
ebf3_visible_camera_sensor_module,ebf3_visible_camera,EBF3 visible camera sensor module,0.3,0.12,0.75,unit,discrete,electronic,electronics_board_proxy,imported_electronics,Needs electronics readiness/import decision.,circuit function/rating,,,,,machine_vision_camera_v0,0.25,accuracy_risk,"Sensor, lens, thermal/vacuum environment need review.",reuse_with_accuracy_risk,kb/items/parts/ebf3_visible_camera_sensor_module.yaml
ebf3_wire_feed_control_board,ebf3_wire_feed_control_module,EBF3 wire feed control board,0.45,0.18,1.125,unit,discrete,electronic,electronics_board_proxy,imported_electronics,Needs electronics readiness/import decision.,circuit function/rating,,,,,,,none,No same-level existing KB candidate found by rule.,needs_decomposition_or_import_decision,kb/items/parts/ebf3_wire_feed_control_board.yaml
ebf3_wire_feed_control_connector_set,ebf3_wire_feed_control_module,EBF3 wire feed control connector set,0.15,0.0495,0.45,unit,discrete,electronic,copper_alloy_contact,ceramic_or_polymer_body,Contact/body materials should be split if closure matters.,voltage/current/dielectric rating,,,,,connector_electrical_multi_pin,0.1,accuracy_risk,"Pin count, seal, and rating assumptions are hidden.",registered_not_enough_accuracy,kb/items/parts/ebf3_wire_feed_control_connector_set.yaml
ebf3_wire_feed_control_shield,ebf3_wire_feed_control_module,EBF3 wire feed control shield,0.1,0.05,0.2,unit,discrete,metal,steel,aluminum; refractory_foil,Radiation/HV shields may need refractory metal.,basic function/material/scale,,,,,,,none,No same-level existing KB candidate found by rule.,create_leaf_choose_material,kb/items/parts/ebf3_wire_feed_control_shield.yaml
ebf3_wire_feed_drive_roll_body,ebf3_wire_feed_drive_roll,EBF3 wire feed drive roll body,0.22,0.11,0.44,unit,discrete,metal,steel,aluminum,Default to steel for structural closure; switch to aluminum if mass/thermal benefit matters.,basic function/material/scale,,,,,,,none,No same-level existing KB candidate found by rule.,create_leaf_choose_material,kb/items/parts/ebf3_wire_feed_drive_roll_body.yaml
ebf3_wire_feed_drive_roll_groove_profile,ebf3_wire_feed_drive_roll,EBF3 wire feed drive roll groove profile,0.05,0.025,0.1,unit,discrete,metal,steel,aluminum,Default to steel for structural closure; switch to aluminum if mass/thermal benefit matters.,basic function/material/scale,,,,,,,none,No same-level existing KB candidate found by rule.,create_leaf_choose_material,kb/items/parts/ebf3_wire_feed_drive_roll_groove_profile.yaml
ebf3_wire_feed_encoder_sensor_body,ebf3_wire_feed_encoder_sensor,EBF3 wire feed encoder sensor body,0.14,0.056,0.35,unit,discrete,electronic,electronics_board_proxy,imported_electronics,Needs electronics readiness/import decision.,motion tolerance/load/lubrication; circuit function/rating,review_required,review_required,,review_required,encoder_rotary_incremental,0.15,accuracy_risk,"Resolution, vacuum, and mounting assumptions are hidden.",reuse_with_accuracy_risk,kb/items/parts/ebf3_wire_feed_encoder_sensor_body.yaml
ebf3_wire_feed_encoder_target,ebf3_wire_feed_encoder_sensor,EBF3 wire feed encoder target,0.08,0.032,0.2,unit,discrete,metal,steel,aluminum,Default to steel for structural closure; switch to aluminum if mass/thermal benefit matters.,motion tolerance/load/lubrication,review_required,review_required,,review_required,encoder_rotary_incremental,0.15,accuracy_risk,"Resolution, vacuum, and mounting assumptions are hidden.",reuse_with_accuracy_risk,kb/items/parts/ebf3_wire_feed_encoder_target.yaml
ebf3_wire_feed_gearbox,ebf3_wire_feed_gearmotor,EBF3 wire feed gearbox,0.7,0.35,1.4,unit,discrete,metal,steel,aluminum,Default to steel for structural closure; switch to aluminum if mass/thermal benefit matters.,basic function/material/scale,,,,,gearbox_reducer_small,35,accuracy_risk,"Torque ratio, lubrication, and vacuum compatibility need review.",reuse_with_accuracy_risk,kb/items/parts/ebf3_wire_feed_gearbox.yaml
ebf3_wire_feed_idler_arm,ebf3_wire_feed_pressure_arm,EBF3 wire feed idler arm,0.4,0.2,0.8,unit,discrete,metal,steel,aluminum,Default to steel for structural closure; switch to aluminum if mass/thermal benefit matters.,basic function/material/scale,,,,,,,none,No same-level existing KB candidate found by rule.,create_leaf_choose_material,kb/items/parts/ebf3_wire_feed_idler_arm.yaml
ebf3_wire_feed_motor_body,ebf3_wire_feed_gearmotor,EBF3 wire feed motor body,0.95,0.38,2.375,unit,discrete,electronic,electronics_board_proxy,imported_electronics,Needs electronics readiness/import decision.,motion tolerance/load/lubrication,review_required,review_required,,review_required,stepper_motor_precision,3,accuracy_risk,"Torque, vacuum compatibility, encoder, and insulation need review.",reuse_with_accuracy_risk,kb/items/parts/ebf3_wire_feed_motor_body.yaml
ebf3_wire_feed_motor_clamp_insulator,ebf3_wire_feeder,EBF3 wire feed motor clamp insulator,0.2,0.066,0.6,unit,discrete,insulator,alumina_ceramic,porcelain; fused_silica,Use ceramic route; dielectric/creepage rating required.,voltage/current/dielectric rating; motion tolerance/load/lubrication; stiffness/tolerance/interface fit,review_required,review_required,,review_required,stepper_motor_precision,3,accuracy_risk,"Torque, vacuum compatibility, encoder, and insulation need review.",reuse_with_accuracy_risk,kb/items/parts/ebf3_wire_feed_motor_clamp_insulator.yaml
ebf3_wire_feed_motor_driver_stage,ebf3_wire_feed_control_module,EBF3 wire feed motor driver stage,0.3,0.12,0.75,unit,discrete,electronic,electronics_board_proxy,imported_electronics,Needs electronics readiness/import decision.,motion tolerance/load/lubrication; circuit function/rating,review_required,review_required,,review_required,stepper_motor_precision,3,accuracy_risk,"Torque, vacuum compatibility, encoder, and insulation need review.",reuse_with_accuracy_risk,kb/items/parts/ebf3_wire_feed_motor_driver_stage.yaml
ebf3_wire_feed_motor_housing,ebf3_wire_feed_gearmotor,EBF3 wire feed motor housing,0.2,0.08,0.5,unit,discrete,metal,steel,aluminum,Default to steel for structural closure; switch to aluminum if mass/thermal benefit matters.,motion tolerance/load/lubrication,review_required,review_required,,review_required,stepper_motor_precision,3,accuracy_risk,"Torque, vacuum compatibility, encoder, and insulation need review.",reuse_with_accuracy_risk,kb/items/parts/ebf3_wire_feed_motor_housing.yaml
ebf3_wire_feed_motor_mount_clamp_alignment_pin_set,ebf3_wire_feed_motor_mount_clamp,EBF3 wire feed motor mount clamp alignment pin set,0.04,0.016,0.1,unit,discrete,metal,steel,aluminum; alumina_ceramic,Simple machined/bent/welded hardware unless insulating.,motion tolerance/load/lubrication; stiffness/tolerance/interface fit,review_required,review_required,,review_required,stepper_motor_precision,3,accuracy_risk,"Torque, vacuum compatibility, encoder, and insulation need review.",reuse_with_accuracy_risk,kb/items/parts/ebf3_wire_feed_motor_mount_clamp_alignment_pin_set.yaml
ebf3_wire_feed_motor_mount_clamp_fastener_set,ebf3_wire_feed_motor_mount_clamp,EBF3 wire feed motor mount clamp fastener set,0.08,0.032,0.2,unit,discrete,metal,steel,aluminum; alumina_ceramic,Simple machined/bent/welded hardware unless insulating.,motion tolerance/load/lubrication; stiffness/tolerance/interface fit,review_required,review_required,,review_required,stepper_motor_precision,3,accuracy_risk,"Torque, vacuum compatibility, encoder, and insulation need review.",reuse_with_accuracy_risk,kb/items/parts/ebf3_wire_feed_motor_mount_clamp_fastener_set.yaml
ebf3_wire_feed_motor_mount_clamp_half_set,ebf3_wire_feed_motor_mount_clamp,EBF3 wire feed motor mount clamp half set,0.28,0.112,0.7,unit,discrete,metal,steel,aluminum; alumina_ceramic,Simple machined/bent/welded hardware unless insulating.,motion tolerance/load/lubrication; stiffness/tolerance/interface fit,review_required,review_required,,review_required,stepper_motor_precision,3,accuracy_risk,"Torque, vacuum compatibility, encoder, and insulation need review.",reuse_with_accuracy_risk,kb/items/parts/ebf3_wire_feed_motor_mount_clamp_half_set.yaml
ebf3_wire_feed_pressure_arm_pivot_pin,ebf3_wire_feed_pressure_arm,EBF3 wire feed pressure-arm pivot pin,0.04,0.02,0.08,unit,discrete,metal,steel,aluminum,Default to steel for structural closure; switch to aluminum if mass/thermal benefit matters.,basic function/material/scale,,,,,,,none,No same-level existing KB candidate found by rule.,create_leaf_choose_material,kb/items/parts/ebf3_wire_feed_pressure_arm_pivot_pin.yaml
ebf3_wire_feed_pressure_roll,ebf3_wire_feed_pressure_arm,EBF3 wire feed pressure roll,0.25,0.125,0.5,unit,discrete,metal,steel,aluminum,Default to steel for structural closure; switch to aluminum if mass/thermal benefit matters.,basic function/material/scale,,,,,,,none,No same-level existing KB candidate found by rule.,create_leaf_choose_material,kb/items/parts/ebf3_wire_feed_pressure_roll.yaml
ebf3_wire_feed_roll_bearing_set,ebf3_drive_roll_carrier,EBF3 wire feed roll bearing set,0.2,0.08,0.5,unit,discrete,metal,steel,aluminum,Default to steel for structural closure; switch to aluminum if mass/thermal benefit matters.,motion tolerance/load/lubrication,review_required,review_required,,review_required,bearing_set_heavy,4,accuracy_risk,"Load, runout, lubrication, and vacuum compatibility need review.",reuse_with_accuracy_risk,kb/items/parts/ebf3_wire_feed_roll_bearing_set.yaml
ebf3_wire_feeder_base_mounting_slot_set,ebf3_wire_feeder_base,EBF3 wire feeder base mounting slot set,0.36,0.18,0.72,unit,discrete,metal,steel,aluminum,Default to steel for structural closure; switch to aluminum if mass/thermal benefit matters.,basic function/material/scale,,,,,,,none,No same-level existing KB candidate found by rule.,create_leaf_choose_material,kb/items/parts/ebf3_wire_feeder_base_mounting_slot_set.yaml
ebf3_wire_feeder_base_plate,ebf3_wire_feeder_base,EBF3 wire feeder base plate,1.8,0.9,3.6,unit,discrete,metal,steel_plate,aluminum_plate,"Select by stiffness, flatness, thermal exposure, and manufacturability.",stiffness/tolerance/interface fit,review_required,review_required,,,metal_sheet_or_plate,1,accuracy_risk,Stock is not a same-level replacement; use for material/process only.,reuse_with_accuracy_risk,kb/items/parts/ebf3_wire_feeder_base_plate.yaml
ebf3_wire_feeder_base_standoff_set,ebf3_wire_feeder_base,EBF3 wire feeder base standoff set,0.7,0.35,1.4,unit,discrete,metal,alumina_ceramic,steel,Use ceramic when electrical/thermal isolation matters; steel only for structural standoffs.,basic function/material/scale,,,,,,,none,No same-level existing KB candidate found by rule.,create_leaf_choose_material,kb/items/parts/ebf3_wire_feeder_base_standoff_set.yaml
ebf3_wire_feeder_base_stiffener,ebf3_wire_feeder,EBF3 wire feeder base stiffener,0.4,0.2,0.8,unit,discrete,metal,steel,aluminum,Default to steel for structural closure; switch to aluminum if mass/thermal benefit matters.,basic function/material/scale,,,,,,,none,No same-level existing KB candidate found by rule.,create_leaf_choose_material,kb/items/parts/ebf3_wire_feeder_base_stiffener.yaml
ebf3_wire_feeder_feedthrough_air_side_connector,ebf3_wire_feeder_feedthrough_connector,EBF3 wire feeder feedthrough air-side connector,0.05,0.0165,0.15,unit,discrete,composite,copper_alloy_contact,ceramic_or_polymer_body,Contact/body materials should be split if closure matters.,voltage/current/dielectric rating; vacuum leak rate/outgassing,,review_required,review_required,,connector_electrical_multi_pin,0.1,accuracy_risk,"Pin count, seal, and rating assumptions are hidden.",needs_decomposition_or_dedicated_readiness,kb/items/parts/ebf3_wire_feeder_feedthrough_air_side_connector.yaml
ebf3_wire_feeder_feedthrough_flange,ebf3_wire_feeder_feedthrough_connector,EBF3 wire feeder feedthrough flange,0.08,0.0264,0.24,unit,discrete,metal,steel,aluminum,Default to steel for structural closure; switch to aluminum if mass/thermal benefit matters.,voltage/current/dielectric rating; vacuum leak rate/outgassing,,review_required,review_required,,electrical_feedthrough_vacuum,1,accuracy_risk,"Vacuum seal, pin, dielectric, and voltage rating are fidelity-critical.",needs_decomposition_or_dedicated_readiness,kb/items/parts/ebf3_wire_feeder_feedthrough_flange.yaml
ebf3_wire_feeder_feedthrough_insulator_body,ebf3_wire_feeder_feedthrough_connector,EBF3 wire feeder feedthrough insulator body,0.18,0.0594,0.54,unit,discrete,ceramic,alumina_ceramic,porcelain; fused_silica,Use ceramic route; dielectric/creepage rating required.,voltage/current/dielectric rating; vacuum leak rate/outgassing,,review_required,review_required,,electrical_feedthrough_vacuum,1,accuracy_risk,"Vacuum seal, pin, dielectric, and voltage rating are fidelity-critical.",needs_decomposition_or_dedicated_readiness,kb/items/parts/ebf3_wire_feeder_feedthrough_insulator_body.yaml
ebf3_wire_feeder_feedthrough_motor_power_pin_set,ebf3_wire_feeder_feedthrough_connector,EBF3 wire feeder feedthrough motor power pin set,0.08,0.0264,0.24,unit,discrete,conductive_metal,conductive_metal,,Current material_class is the starting point.,voltage/current/dielectric rating; vacuum leak rate/outgassing; motion tolerance/load/lubrication,review_required,review_required,review_required,review_required,electrical_feedthrough_vacuum,1,accuracy_risk,"Vacuum seal, pin, dielectric, and voltage rating are fidelity-critical.",needs_decomposition_or_dedicated_readiness,kb/items/parts/ebf3_wire_feeder_feedthrough_motor_power_pin_set.yaml
ebf3_wire_feeder_feedthrough_shield_termination_interface,ebf3_wire_feeder_feedthrough_connector,EBF3 wire feeder feedthrough shield termination interface,0.03,0.0099,0.09,unit,discrete,conductive_metal,steel,aluminum; refractory_foil,Radiation/HV shields may need refractory metal.,voltage/current/dielectric rating; vacuum leak rate/outgassing,,review_required,review_required,,electrical_feedthrough_vacuum,1,accuracy_risk,"Vacuum seal, pin, dielectric, and voltage rating are fidelity-critical.",needs_decomposition_or_dedicated_readiness,kb/items/parts/ebf3_wire_feeder_feedthrough_shield_termination_interface.yaml
ebf3_wire_feeder_feedthrough_signal_pin_set,ebf3_wire_feeder_feedthrough_connector,EBF3 wire feeder feedthrough signal pin set,0.04,0.0132,0.12,unit,discrete,conductive_metal,conductive_metal,,Current material_class is the starting point.,voltage/current/dielectric rating; vacuum leak rate/outgassing,,review_required,review_required,,electrical_feedthrough_vacuum,1,accuracy_risk,"Vacuum seal, pin, dielectric, and voltage rating are fidelity-critical.",needs_decomposition_or_dedicated_readiness,kb/items/parts/ebf3_wire_feeder_feedthrough_signal_pin_set.yaml
ebf3_wire_feeder_feedthrough_vacuum_side_connector,ebf3_wire_feeder_feedthrough_connector,EBF3 wire feeder feedthrough vacuum-side connector,0.05,0.0165,0.15,unit,discrete,composite,copper_alloy_contact,ceramic_or_polymer_body,Contact/body materials should be split if closure matters.,voltage/current/dielectric rating; vacuum leak rate/outgassing,,review_required,review_required,,connector_electrical_multi_pin,0.1,accuracy_risk,"Pin count, seal, and rating assumptions are hidden.",needs_decomposition_or_dedicated_readiness,kb/items/parts/ebf3_wire_feeder_feedthrough_vacuum_side_connector.yaml
ebf3_wire_feeder_gun_bracket_alignment_pin_set,ebf3_wire_feeder_mount_to_gun_bracket,EBF3 wire feeder gun bracket alignment pin set,0.2,0.066,0.6,unit,discrete,metal,steel,aluminum,Simple machined/bent/welded hardware.,electron-beam geometry/thermal stability; stiffness/tolerance/interface fit,review_required,review_required,,review_required,,,none,No same-level existing KB candidate found by rule.,needs_decomposition_or_dedicated_readiness,kb/items/parts/ebf3_wire_feeder_gun_bracket_alignment_pin_set.yaml
ebf3_wire_feeder_gun_bracket_body,ebf3_wire_feeder_mount_to_gun_bracket,EBF3 wire feeder gun bracket body,0.8,0.264,2.4,unit,discrete,metal,steel,aluminum,Simple machined/bent/welded hardware.,electron-beam geometry/thermal stability; stiffness/tolerance/interface fit,review_required,review_required,,review_required,,,none,No same-level existing KB candidate found by rule.,needs_decomposition_or_dedicated_readiness,kb/items/parts/ebf3_wire_feeder_gun_bracket_body.yaml
ebf3_wire_feeder_gun_bracket_fastener_interface_set,ebf3_wire_feeder_mount_to_gun_bracket,EBF3 wire feeder gun bracket fastener interface set,0.2,0.066,0.6,unit,discrete,metal,steel,aluminum,Simple machined/bent/welded hardware.,electron-beam geometry/thermal stability; stiffness/tolerance/interface fit,review_required,review_required,,review_required,fastener_kit_medium,1,likely_reuse,Generic fastener kit is acceptable for non-precision interfaces.,needs_decomposition_or_dedicated_readiness,kb/items/parts/ebf3_wire_feeder_gun_bracket_fastener_interface_set.yaml
ebf3_wire_inlet_guide,ebf3_wire_feeder,EBF3 wire inlet guide,0.15,0.06,0.375,unit,discrete,metal,steel,aluminum,Default to steel for structural closure; switch to aluminum if mass/thermal benefit matters.,motion tolerance/load/lubrication,review_required,review_required,,review_required,,,none,No same-level existing KB candidate found by rule.,create_leaf_choose_material,kb/items/parts/ebf3_wire_inlet_guide.yaml
ebf3_wire_outlet_guide_tube,ebf3_wire_feeder,EBF3 wire outlet guide tube,0.25,0.1,0.625,unit,discrete,metal,steel,aluminum,Default to steel for structural closure; switch to aluminum if mass/thermal benefit matters.,motion tolerance/load/lubrication,review_required,review_required,,review_required,,,none,No same-level existing KB candidate found by rule.,create_leaf_choose_material,kb/items/parts/ebf3_wire_outlet_guide_tube.yaml
ebf3_wire_spool_core,ebf3_wire_spool,EBF3 wire spool core,0.35,0.175,0.7,unit,discrete,metal,steel,aluminum,Default to steel for structural closure; switch to aluminum if mass/thermal benefit matters.,basic function/material/scale,,,,,,,none,No same-level existing KB candidate found by rule.,create_leaf_choose_material,kb/items/parts/ebf3_wire_spool_core.yaml
ebf3_wire_spool_flange_set,ebf3_wire_spool,EBF3 wire spool flange set,0.35,0.175,0.7,unit,discrete,metal,steel,aluminum,Default to steel for structural closure; switch to aluminum if mass/thermal benefit matters.,basic function/material/scale,,,,,,,none,No same-level existing KB candidate found by rule.,create_leaf_choose_material,kb/items/parts/ebf3_wire_spool_flange_set.yaml
ebf3_wire_spool_retention_feature_set,ebf3_wire_spool,EBF3 wire spool retention feature set,0.1,0.05,0.2,unit,discrete,metal,steel,aluminum,Default to steel for structural closure; switch to aluminum if mass/thermal benefit matters.,basic function/material/scale,,,,,,,none,No same-level existing KB candidate found by rule.,create_leaf_choose_material,kb/items/parts/ebf3_wire_spool_retention_feature_set.yaml
ebf3_x_axis_ball_screw_shaft,ebf3_ball_screw_shafts,EBF3 x axis ball screw shaft,1,0.4,2.5,unit,discrete,metal,steel,aluminum,Default to steel for structural closure; switch to aluminum if mass/thermal benefit matters.,motion tolerance/load/lubrication; stiffness/tolerance/interface fit,review_required,review_required,,review_required,ball_screw_assembly,6,accuracy_risk,"Shaft/nut split, preload, and accuracy class need review.",reuse_with_accuracy_risk,kb/items/parts/ebf3_x_axis_ball_screw_shaft.yaml
ebf3_y_axis_ball_screw_shaft,ebf3_ball_screw_shafts,EBF3 y axis ball screw shaft,1,0.4,2.5,unit,discrete,metal,steel,aluminum,Default to steel for structural closure; switch to aluminum if mass/thermal benefit matters.,motion tolerance/load/lubrication; stiffness/tolerance/interface fit,review_required,review_required,,review_required,ball_screw_assembly,6,accuracy_risk,"Shaft/nut split, preload, and accuracy class need review.",reuse_with_accuracy_risk,kb/items/parts/ebf3_y_axis_ball_screw_shaft.yaml
ebf3_z_axis_ball_screw_shaft,ebf3_ball_screw_shafts,EBF3 z axis ball screw shaft,1,0.4,2.5,unit,discrete,metal,steel,aluminum,Default to steel for structural closure; switch to aluminum if mass/thermal benefit matters.,motion tolerance/load/lubrication; stiffness/tolerance/interface fit,review_required,review_required,,review_required,ball_screw_assembly,6,accuracy_risk,"Shaft/nut split, preload, and accuracy class need review.",reuse_with_accuracy_risk,kb/items/parts/ebf3_z_axis_ball_screw_shaft.yaml
ebf3_z_axis_brake_body,ebf3_z_axis_brake,EBF3 z axis brake body,0.4,0.16,1,unit,discrete,electronic,electronics_board_proxy,imported_electronics,Needs electronics readiness/import decision.,motion tolerance/load/lubrication,review_required,review_required,,review_required,,,none,No same-level existing KB candidate found by rule.,needs_decomposition_or_import_decision,kb/items/parts/ebf3_z_axis_brake_body.yaml
ebf3_z_axis_brake_friction_disc,ebf3_z_axis_brake,EBF3 z axis brake friction disc,0.2,0.08,0.5,unit,discrete,composite,composite_placeholder,split_into_materials,Split or proxy if material mix affects closure.,motion tolerance/load/lubrication,review_required,review_required,,review_required,,,none,No same-level existing KB candidate found by rule.,needs_decomposition_or_import_decision,kb/items/parts/ebf3_z_axis_brake_friction_disc.yaml
ebf3_z_axis_brake_mount,ebf3_z_axis_brake,EBF3 z axis brake mount,0.2,0.08,0.5,unit,discrete,metal,steel,aluminum; alumina_ceramic,Simple machined/bent/welded hardware unless insulating.,motion tolerance/load/lubrication; stiffness/tolerance/interface fit,review_required,review_required,,review_required,,,none,No same-level existing KB candidate found by rule.,create_leaf_choose_material,kb/items/parts/ebf3_z_axis_brake_mount.yaml
ebf3_z_axis_counterbalance_anchor_set,ebf3_z_axis_counterbalance,EBF3 z axis counterbalance anchor set,0.25,0.1,0.625,unit,discrete,metal,steel,aluminum,Default to steel for structural closure; switch to aluminum if mass/thermal benefit matters.,motion tolerance/load/lubrication,review_required,review_required,,review_required,,,none,No same-level existing KB candidate found by rule.,create_leaf_choose_material,kb/items/parts/ebf3_z_axis_counterbalance_anchor_set.yaml
ebf3_z_axis_counterbalance_force_element,ebf3_z_axis_counterbalance,EBF3 z axis counterbalance force element,0.55,0.22,1.375,unit,discrete,metal,steel,aluminum,Default to steel for structural closure; switch to aluminum if mass/thermal benefit matters.,motion tolerance/load/lubrication,review_required,review_required,,review_required,,,none,No same-level existing KB candidate found by rule.,create_leaf_choose_material,kb/items/parts/ebf3_z_axis_counterbalance_force_element.yaml
ebf3_z_axis_counterbalance_guide_or_link,ebf3_z_axis_counterbalance,EBF3 z axis counterbalance guide or link,0.2,0.08,0.5,unit,discrete,metal,steel,aluminum,Default to steel for structural closure; switch to aluminum if mass/thermal benefit matters.,motion tolerance/load/lubrication,review_required,review_required,,review_required,,,none,No same-level existing KB candidate found by rule.,create_leaf_choose_material,kb/items/parts/ebf3_z_axis_counterbalance_guide_or_link.yaml
