item_id,parent_ids,mass_nominal_kg,mass_low_kg,mass_high_kg,material_class,prior_disposition,decomposition_action,priority,reason,next_step
ebf3_adc_converter_board,ebf3_analog_input_adc_module,0.4,0.16,1,electronic,keep_ebf3_leaf,import_as_leaf,medium,Complex electronic/optical/electron-gun item with low-confidence local capability; splitting now would be a large research task for limited first-sim value.,Count as Earth import in first simulation; split only if this import mass dominates the result.
ebf3_adc_module_connector_set,ebf3_analog_input_adc_module,0.1,0.033,0.3,electronic,keep_ebf3_leaf,import_as_leaf,medium,"Connector/terminal item is low-mass, mixed-material, and rating-sensitive; direct import avoids invented contact/body/dielectric manufacturing.",Count as Earth import for first run; split only for a later connector-specific study.
ebf3_adc_module_shield,ebf3_analog_input_adc_module,0.1,0.04,0.25,metal,keep_ebf3_leaf,route_as_leaf,medium,Simple material/function leaf; decomposition would add process detail but not change first-order import mass.,Route directly to KB material/process candidate.
ebf3_analog_input_protection_front_end,ebf3_analog_input_adc_module,0.2,0.1,0.4,electronic,keep_ebf3_leaf,import_as_leaf,medium,Complex electronic/optical/electron-gun item with low-confidence local capability; splitting now would be a large research task for limited first-sim value.,Count as Earth import in first simulation; split only if this import mass dominates the result.
ebf3_anti_wear_guide_holder,ebf3_anti_wear_guide,0.03,0.012,0.075,metal,keep_ebf3_leaf,route_as_leaf,medium,"Single-material/function leaf; no further BOM split needed before process routing, but performance gates must remain explicit.",Route to material/process candidate with performance gate for motion tolerance/load/lubrication.
ebf3_anti_wear_guide_insert,ebf3_anti_wear_guide,0.07,0.028,0.175,ceramic,keep_ebf3_leaf,route_as_leaf,medium,"Single-material/function leaf; no further BOM split needed before process routing, but performance gates must remain explicit.",Route to material/process candidate with performance gate for motion tolerance/load/lubrication.
ebf3_aux_dc_converter_module_set,ebf3_auxiliary_low_voltage_dc_supply,2,0.8,5,electronic,keep_ebf3_leaf,import_as_leaf,high,Electronic/control item has no trusted lunar electronics process route; direct import is more honest than pseudo-decomposition.,Count as Earth import in conservative simulation.
ebf3_aux_dc_filter_capacitor_set,ebf3_auxiliary_low_voltage_dc_supply,0.8,0.32,2,electronic,expand_but_flag,import_as_leaf,high,Electronic/control item has no trusted lunar electronics process route; direct import is more honest than pseudo-decomposition.,Count as Earth import in conservative simulation.
ebf3_axis_home_sensor_body_set,ebf3_axis_home_sensors,0.14,0.056,0.35,electronic,keep_ebf3_leaf,import_as_leaf,medium,Electronic/control item has no trusted lunar electronics process route; direct import is more honest than pseudo-decomposition.,Count as Earth import in conservative simulation.
ebf3_axis_home_sensor_target_set,ebf3_axis_home_sensors,0.08,0.032,0.2,metal,keep_ebf3_leaf,route_as_leaf,medium,"Single-material/function leaf; no further BOM split needed before process routing, but performance gates must remain explicit.",Route to material/process candidate with performance gate for motion tolerance/load/lubrication; circuit function/rating.
ebf3_axis_limit_switch_actuator_set,ebf3_axis_travel_limit_switches,0.05,0.02,0.125,metal,keep_ebf3_leaf,route_as_leaf,medium,"Single-material/function leaf; no further BOM split needed before process routing, but performance gates must remain explicit.",Route to material/process candidate with performance gate for motion tolerance/load/lubrication.
ebf3_axis_limit_switch_body_set,ebf3_axis_travel_limit_switches,0.1,0.04,0.25,electronic,keep_ebf3_leaf,import_as_leaf,medium,Electronic/control item has no trusted lunar electronics process route; direct import is more honest than pseudo-decomposition.,Count as Earth import in conservative simulation.
ebf3_axis_motor_body_set,ebf3_axis_motors,3.2,1.28,8,electronic,keep_ebf3_leaf,import_as_leaf,high,Complex electronic/optical/electron-gun item with low-confidence local capability; splitting now would be a large research task for limited first-sim value.,Count as Earth import in first simulation; split only if this import mass dominates the result.
ebf3_axis_motor_housing_set,ebf3_axis_motors,1,0.4,2.5,metal,keep_ebf3_leaf,route_as_leaf,medium,"Single-material/function leaf; no further BOM split needed before process routing, but performance gates must remain explicit.",Route to material/process candidate with performance gate for motion tolerance/load/lubrication.
ebf3_axis_motor_mounting_feature_set,ebf3_axis_motors,1,0.4,2.5,metal,keep_ebf3_leaf,route_as_leaf,medium,"Single-material/function leaf; no further BOM split needed before process routing, but performance gates must remain explicit.",Route to material/process candidate with performance gate for motion tolerance/load/lubrication.
ebf3_ball_nut_body_set,ebf3_ball_nuts,1.1,0.55,2.2,metal,keep_ebf3_leaf,route_as_leaf,medium,Simple material/function leaf; decomposition would add process detail but not change first-order import mass.,Route directly to KB material/process candidate.
ebf3_ball_nut_recirculation_insert_set,ebf3_ball_nuts,0.3,0.15,0.6,metal,keep_ebf3_leaf,route_as_leaf,medium,Simple material/function leaf; decomposition would add process detail but not change first-order import mass.,Route directly to KB material/process candidate.
ebf3_ball_nut_rolling_ball_set,ebf3_ball_nuts,0.45,0.225,0.9,metal,keep_ebf3_leaf,route_as_leaf,medium,Simple material/function leaf; decomposition would add process detail but not change first-order import mass.,Route directly to KB material/process candidate.
ebf3_ball_nut_wiper_or_seal_set,ebf3_ball_nuts,0.15,0.0495,0.45,polymer,keep_ebf3_leaf,route_as_leaf,medium,"Single-material/function leaf; no further BOM split needed before process routing, but performance gates must remain explicit.",Route to material/process candidate with performance gate for vacuum leak rate/outgassing.
ebf3_beam_current_return_fastener_interface_set,ebf3_beam_current_return_strap,0.06,0.0198,0.18,metal,expand_but_flag,route_as_leaf,medium,"Single-material/function leaf; no further BOM split needed before process routing, but performance gates must remain explicit.",Route to material/process candidate with performance gate for electron-beam geometry/thermal stability.
ebf3_beam_current_return_flexible_conductor,ebf3_beam_current_return_strap,0.32,0.1056,0.96,metal,expand_but_flag,route_as_leaf,medium,Already split to a material/function leaf; process routing should use mass bounds plus performance gates rather than further BOM decomposition.,Proceed to KB process route classification with performance gate.
ebf3_beam_current_return_lug_set,ebf3_beam_current_return_strap,0.12,0.0396,0.36,metal,keep_ebf3_leaf,route_as_leaf,medium,"Single-material/function leaf; no further BOM split needed before process routing, but performance gates must remain explicit.",Route to material/process candidate with performance gate for electron-beam geometry/thermal stability.
ebf3_bias_supply_converter_board,ebf3_control_electrode_bias_supply,1.1,0.44,2.75,electronic,keep_ebf3_leaf,import_as_leaf,high,Electronic/control item has no trusted lunar electronics process route; direct import is more honest than pseudo-decomposition.,Count as Earth import in conservative simulation.
ebf3_bias_supply_hv_output_filter,ebf3_control_electrode_bias_supply,0.7,0.231,2.1,electronic,keep_ebf3_leaf,import_as_leaf,high,Electronic/control item has no trusted lunar electronics process route; direct import is more honest than pseudo-decomposition.,Count as Earth import in conservative simulation.
ebf3_bias_supply_terminal_set,ebf3_control_electrode_bias_supply,0.3,0.099,0.9,electronic,keep_ebf3_leaf,import_as_leaf,medium,"Connector/terminal item is low-mass, mixed-material, and rating-sensitive; direct import avoids invented contact/body/dielectric manufacturing.",Count as Earth import for first run; split only for a later connector-specific study.
ebf3_cabin_access_door_hinge_set,ebf3_cabin_access_door,2.5,0.825,7.5,metal,keep_ebf3_leaf,split_implemented_parent,high,"Child BOM implemented; parent is now an assembly boundary, not a terminal route leaf. Child masses are placeholder allocations from the parent mass.",Route its child leaves in the post-split process route queue; do not route this parent as a fabricated leaf.
ebf3_cabin_access_door_latch_set,ebf3_cabin_access_door,2.5,0.825,7.5,metal,keep_ebf3_leaf,split_implemented_parent,high,"Child BOM implemented; parent is now an assembly boundary, not a terminal route leaf. Latch topology remains function-level.",Route its child leaves in the post-split process route queue; do not route this parent as a fabricated leaf.
ebf3_cabin_access_door_panel,ebf3_cabin_access_door,13,4.29,39,metal,keep_ebf3_leaf,route_as_leaf,high,"Single-material/function leaf; no further BOM split needed before process routing, but performance gates must remain explicit.",Route to material/process candidate with performance gate for vacuum leak rate/outgassing; stiffness/tolerance/interface fit.
ebf3_cabin_access_door_vacuum_seal,ebf3_cabin_access_door,2,0.66,6,polymer,expand_but_flag,route_as_leaf,medium,"Single-material/function leaf; no further BOM split needed before process routing, but performance gates must remain explicit.",Route to material/process candidate with performance gate for vacuum leak rate/outgassing.
ebf3_cabin_frame_corner_gusset_set,ebf3_cabin_frame,7,2.31,21,metal,expand_but_flag,route_as_leaf,high,"Single-material/function leaf; no further BOM split needed before process routing, but performance gates must remain explicit.",Route to material/process candidate with performance gate for vacuum leak rate/outgassing; stiffness/tolerance/interface fit.
ebf3_cabin_frame_member_set,ebf3_cabin_frame,24,7.92,72,metal,expand_but_flag,route_as_leaf,high,"Single-material/function leaf; no further BOM split needed before process routing, but performance gates must remain explicit.",Route to material/process candidate with performance gate for vacuum leak rate/outgassing; stiffness/tolerance/interface fit.
ebf3_cabin_frame_mounting_foot_set,ebf3_cabin_frame,4,1.32,12,metal,expand_but_flag,route_as_leaf,medium,"Single-material/function leaf; no further BOM split needed before process routing, but performance gates must remain explicit.",Route to material/process candidate with performance gate for vacuum leak rate/outgassing; stiffness/tolerance/interface fit.
ebf3_cabin_gun_port_flange_ring,ebf3_cabin_gun_mounting_port,5,1.65,15,metal,keep_ebf3_leaf,route_as_leaf,high,"Single-material/function leaf; no further BOM split needed before process routing, but performance gates must remain explicit.",Route to material/process candidate with performance gate for vacuum leak rate/outgassing; electron-beam geometry/thermal stability.
ebf3_cabin_gun_port_reinforcement_ring,ebf3_cabin_gun_mounting_port,3,0.99,9,metal,keep_ebf3_leaf,route_as_leaf,medium,"Single-material/function leaf; no further BOM split needed before process routing, but performance gates must remain explicit.",Route to material/process candidate with performance gate for vacuum leak rate/outgassing; electron-beam geometry/thermal stability.
ebf3_cabin_lighting_port_frame,ebf3_cabin_lighting_mount_and_port,30,9.9,90,metal,expand_but_flag,route_as_leaf,high,"Single-material/function leaf; no further BOM split needed before process routing, but performance gates must remain explicit.",Route to material/process candidate with performance gate for vacuum leak rate/outgassing; stiffness/tolerance/interface fit.
ebf3_cabin_lighting_shield_mount,ebf3_cabin_lighting_mount_and_port,12.08,3.986,36.24,metal,keep_ebf3_leaf,route_as_leaf,high,"Single-material/function leaf; no further BOM split needed before process routing, but performance gates must remain explicit.",Route to material/process candidate with performance gate for vacuum leak rate/outgassing; stiffness/tolerance/interface fit.
ebf3_cabin_positioning_floor_mount_plate,ebf3_cabin_positioning_mount_interface,12,3.96,36,metal,expand_but_flag,route_as_leaf,high,"Single-material/function leaf; no further BOM split needed before process routing, but performance gates must remain explicit.",Route to material/process candidate with performance gate for vacuum leak rate/outgassing; stiffness/tolerance/interface fit.
ebf3_cabin_positioning_leveling_pad_set,ebf3_cabin_positioning_mount_interface,3,0.99,9,metal,keep_ebf3_leaf,route_as_leaf,medium,"Single-material/function leaf; no further BOM split needed before process routing, but performance gates must remain explicit.",Route to material/process candidate with performance gate for vacuum leak rate/outgassing.
ebf3_cabin_sacrificial_liner_retainer_set,ebf3_cabin_sacrificial_liner,2,0.66,6,metal,keep_ebf3_leaf,route_as_leaf,medium,"Single-material/function leaf; no further BOM split needed before process routing, but performance gates must remain explicit.",Route to material/process candidate with performance gate for vacuum leak rate/outgassing.
ebf3_cabin_wall_panel_seam_set,ebf3_cabin_wall_panels,3,0.99,9,composite,keep_ebf3_leaf,defer_split_import_fallback,high,Seam is probably a manufacturing/process feature rather than a stable discrete child item; routing it now risks fake BOM fidelity.,"Use first-run import/defer fallback for accounting, then replace with welded seam/leak-test process if cabin manufacturing energy is material."
ebf3_cabin_wall_panel_set,ebf3_cabin_wall_panels,34,11.22,102,metal,keep_ebf3_leaf,route_as_leaf,high,"Single-material/function leaf; no further BOM split needed before process routing, but performance gates must remain explicit.",Route to material/process candidate with performance gate for vacuum leak rate/outgassing; stiffness/tolerance/interface fit.
ebf3_cabin_wall_stiffener_set,ebf3_cabin_wall_panels,8,2.64,24,metal,keep_ebf3_leaf,route_as_leaf,high,"Single-material/function leaf; no further BOM split needed before process routing, but performance gates must remain explicit.",Route to material/process candidate with performance gate for vacuum leak rate/outgassing.
ebf3_cabin_wire_feeder_port_flange_ring,ebf3_cabin_wire_feeder_mounting_port,6,1.98,18,metal,keep_ebf3_leaf,route_as_leaf,high,"Single-material/function leaf; no further BOM split needed before process routing, but performance gates must remain explicit.",Route to material/process candidate with performance gate for vacuum leak rate/outgassing.
ebf3_cabin_wire_feeder_port_reinforcement_ring,ebf3_cabin_wire_feeder_mounting_port,4,1.32,12,metal,keep_ebf3_leaf,route_as_leaf,medium,"Single-material/function leaf; no further BOM split needed before process routing, but performance gates must remain explicit.",Route to material/process candidate with performance gate for vacuum leak rate/outgassing.
ebf3_can_bus_connector_set,ebf3_can_bus_interface,0.15,0.0495,0.45,electronic,keep_ebf3_leaf,import_as_leaf,medium,"Connector/terminal item is low-mass, mixed-material, and rating-sensitive; direct import avoids invented contact/body/dielectric manufacturing.",Count as Earth import for first run; split only for a later connector-specific study.
ebf3_can_bus_interface_shield,ebf3_can_bus_interface,0.1,0.05,0.2,metal,keep_ebf3_leaf,route_as_leaf,medium,Simple material/function leaf; decomposition would add process detail but not change first-order import mass.,Route directly to KB material/process candidate.
ebf3_can_transceiver_board,ebf3_can_bus_interface,0.25,0.1,0.625,electronic,keep_ebf3_leaf,import_as_leaf,medium,Complex electronic/optical/electron-gun item with low-confidence local capability; splitting now would be a large research task for limited first-sim value.,Count as Earth import in first simulation; split only if this import mass dominates the result.
ebf3_control_computer_io_connector_set,ebf3_control_computer,0.5,0.165,1.5,electronic,keep_ebf3_leaf,import_as_leaf,high,Complex electronic/optical/electron-gun item with low-confidence local capability; splitting now would be a large research task for limited first-sim value.,Count as Earth import in first simulation; split only if this import mass dominates the result.
ebf3_control_computer_processor_board,ebf3_control_computer,1.2,0.48,3,electronic,keep_ebf3_leaf,import_as_leaf,high,Complex electronic/optical/electron-gun item with low-confidence local capability; splitting now would be a large research task for limited first-sim value.,Count as Earth import in first simulation; split only if this import mass dominates the result.
ebf3_control_computer_storage_module,ebf3_control_computer,0.3,0.12,0.75,electronic,keep_ebf3_leaf,import_as_leaf,medium,Complex electronic/optical/electron-gun item with low-confidence local capability; splitting now would be a large research task for limited first-sim value.,Count as Earth import in first simulation; split only if this import mass dominates the result.
ebf3_control_software,ebf3_controls,0.01,0.005,0.02,software,keep_ebf3_leaf,import_as_leaf,medium,Complex electronic/optical/electron-gun item with low-confidence local capability; splitting now would be a large research task for limited first-sim value.,Count as Earth import in first simulation; split only if this import mass dominates the result.
ebf3_controls_cabinet_mounting_rail_set,ebf3_controls_cabinet,0.9,0.45,1.8,metal,keep_ebf3_leaf,route_as_leaf,medium,Simple material/function leaf; decomposition would add process detail but not change first-order import mass.,Route directly to KB material/process candidate.
ebf3_data_logger_board,ebf3_data_logger_timebase,0.25,0.1,0.625,electronic,keep_ebf3_leaf,import_as_leaf,medium,Complex electronic/optical/electron-gun item with low-confidence local capability; splitting now would be a large research task for limited first-sim value.,Count as Earth import in first simulation; split only if this import mass dominates the result.
ebf3_data_logger_connector_set,ebf3_data_logger_timebase,0.05,0.0165,0.15,electronic,keep_ebf3_leaf,import_as_leaf,medium,"Connector/terminal item is low-mass, mixed-material, and rating-sensitive; direct import avoids invented contact/body/dielectric manufacturing.",Count as Earth import for first run; split only for a later connector-specific study.
ebf3_data_logger_storage_module,ebf3_data_logger_timebase,0.1,0.04,0.25,electronic,keep_ebf3_leaf,import_as_leaf,medium,Complex electronic/optical/electron-gun item with low-confidence local capability; splitting now would be a large research task for limited first-sim value.,Count as Earth import in first simulation; split only if this import mass dominates the result.
ebf3_dc_link_busbar_set,ebf3_dc_link_capacitor_bank,0.9,0.297,2.7,metal,expand_but_flag,route_as_leaf,medium,Already split to a material/function leaf; process routing should use mass bounds plus performance gates rather than further BOM decomposition.,Proceed to KB process route classification with performance gate.
ebf3_dc_link_capacitor_module_set,ebf3_dc_link_capacitor_bank,3,1.2,7.5,electronic,expand_but_flag,import_as_leaf,high,Electronic/control item has no trusted lunar electronics process route; direct import is more honest than pseudo-decomposition.,Count as Earth import in conservative simulation.
ebf3_dc_link_discharge_resistor_set,ebf3_dc_link_capacitor_bank,0.4,0.2,0.8,electronic,keep_ebf3_leaf,import_as_leaf,medium,Electronic/control item has no trusted lunar electronics process route; direct import is more honest than pseudo-decomposition.,Count as Earth import in conservative simulation.
ebf3_dc_link_mounting_frame,ebf3_dc_link_capacitor_bank,0.7,0.35,1.4,metal,expand_but_flag,route_as_leaf,medium,Already split to a material/function leaf; process routing should use mass bounds plus performance gates rather than further BOM decomposition.,Proceed to KB process route classification with performance gate.
ebf3_disconnect_switch_actuator,ebf3_main_disconnect_switch,0.4,0.2,0.8,polymer,keep_ebf3_leaf,route_as_leaf,medium,Simple material/function leaf; decomposition would add process detail but not change first-order import mass.,Route directly to KB material/process candidate.
ebf3_disconnect_switch_contact_set,ebf3_main_disconnect_switch,0.7,0.35,1.4,electronic,keep_ebf3_leaf,import_as_leaf,high,Electronic/control item has no trusted lunar electronics process route; direct import is more honest than pseudo-decomposition.,Count as Earth import in conservative simulation.
ebf3_drive_roll_carrier_body,ebf3_drive_roll_carrier,0.11,0.055,0.22,metal,keep_ebf3_leaf,route_as_leaf,medium,Simple material/function leaf; decomposition would add process detail but not change first-order import mass.,Route directly to KB material/process candidate.
ebf3_drive_roll_carrier_spacer,ebf3_wire_feeder,0.1,0.05,0.2,metal,keep_ebf3_leaf,route_as_leaf,medium,Simple material/function leaf; decomposition would add process detail but not change first-order import mass.,Route directly to KB material/process candidate.
ebf3_drive_roll_cover_shell,ebf3_drive_roll_cover,0.48,0.24,0.96,metal,keep_ebf3_leaf,route_as_leaf,medium,Simple material/function leaf; decomposition would add process detail but not change first-order import mass.,Route directly to KB material/process candidate.
ebf3_ebf_wire_guide_tip_body,ebf3_ebf_wire_guide_tip,0.12,0.048,0.3,metal,keep_ebf3_leaf,route_as_leaf,medium,"Single-material/function leaf; no further BOM split needed before process routing, but performance gates must remain explicit.",Route to material/process candidate with performance gate for motion tolerance/load/lubrication.
ebf3_ebf_wire_guide_tip_mounting_feature,ebf3_ebf_wire_guide_tip,0.03,0.012,0.075,metal,keep_ebf3_leaf,route_as_leaf,medium,"Single-material/function leaf; no further BOM split needed before process routing, but performance gates must remain explicit.",Route to material/process candidate with performance gate for motion tolerance/load/lubrication.
ebf3_ebf_wire_guide_tip_wear_orifice,ebf3_ebf_wire_guide_tip,0.05,0.02,0.125,ceramic,keep_ebf3_leaf,route_as_leaf,medium,"Single-material/function leaf; no further BOM split needed before process routing, but performance gates must remain explicit.",Route to material/process candidate with performance gate for motion tolerance/load/lubrication.
ebf3_emi_filter_capacitor_set,ebf3_emi_filter,0.7,0.28,1.75,electronic,expand_but_flag,import_as_leaf,high,Electronic/control item has no trusted lunar electronics process route; direct import is more honest than pseudo-decomposition.,Count as Earth import in conservative simulation.
ebf3_emi_filter_choke_set,ebf3_emi_filter,0.8,0.4,1.6,electronic,expand_but_flag,split_implemented_parent,high,"Child BOM implemented into core, winding, insulation/support, terminals, and mounting base. Ratings and material choices remain unresolved.",Route its child leaves in the post-split process route queue; do not route this parent as a fabricated leaf.
ebf3_emi_filter_enclosure,ebf3_emi_filter,0.3,0.15,0.6,metal,expand_but_flag,route_as_leaf,medium,Already split to a material/function leaf; process routing should use mass bounds plus performance gates rather than further BOM decomposition.,Proceed to KB process route classification with performance gate.
ebf3_feed_liner_end_ferrule_set,ebf3_feed_liner,0.08,0.04,0.16,metal,keep_ebf3_leaf,route_as_leaf,medium,Simple material/function leaf; decomposition would add process detail but not change first-order import mass.,Route directly to KB material/process candidate.
ebf3_feed_liner_tube,ebf3_feed_liner,0.28,0.14,0.56,composite,keep_ebf3_leaf,refined_to_simulation_material,medium,Architecture selected as a replaceable metallic guide tube; no lower child BOM is needed before process routing.,"Route as a single leaf with bore, surface finish, wear, and vacuum compatibility gates."
ebf3_fixed_side_screw_angular_contact_bearing_set,ebf3_fixed_side_screw_bearing_blocks,0.35,0.14,0.875,precision_metal,expand_but_flag,defer_split_import_fallback,medium,"Precision mechanical part may be locally manufacturable eventually, but low mass or hidden tolerances make direct import acceptable for first sim.",Import for conservative first run; split into races/gears/shafts/lube only if sensitivity demands.
ebf3_fixed_side_screw_bearing_block_body_set,ebf3_fixed_side_screw_bearing_blocks,0.5,0.2,1.25,precision_metal,keep_ebf3_leaf,route_as_leaf,medium,"Single-material/function leaf; no further BOM split needed before process routing, but performance gates must remain explicit.",Route to material/process candidate with performance gate for motion tolerance/load/lubrication.
ebf3_fixed_side_screw_bearing_retainer_set,ebf3_fixed_side_screw_bearing_blocks,0.15,0.06,0.375,metal,keep_ebf3_leaf,route_as_leaf,medium,"Single-material/function leaf; no further BOM split needed before process routing, but performance gates must remain explicit.",Route to material/process candidate with performance gate for motion tolerance/load/lubrication.
ebf3_floating_side_screw_bearing_block_body_set,ebf3_floating_side_screw_bearing_blocks,0.55,0.22,1.375,precision_metal,keep_ebf3_leaf,route_as_leaf,medium,"Single-material/function leaf; no further BOM split needed before process routing, but performance gates must remain explicit.",Route to material/process candidate with performance gate for motion tolerance/load/lubrication.
ebf3_floating_side_screw_bearing_retainer_set,ebf3_floating_side_screw_bearing_blocks,0.15,0.06,0.375,metal,keep_ebf3_leaf,route_as_leaf,medium,"Single-material/function leaf; no further BOM split needed before process routing, but performance gates must remain explicit.",Route to material/process candidate with performance gate for motion tolerance/load/lubrication.
ebf3_floating_side_screw_radial_bearing_set,ebf3_floating_side_screw_bearing_blocks,0.3,0.12,0.75,precision_metal,expand_but_flag,defer_split_import_fallback,medium,"Precision mechanical part may be locally manufacturable eventually, but low mass or hidden tolerances make direct import acceptable for first sim.",Import for conservative first run; split into races/gears/shafts/lube only if sensitivity demands.
ebf3_full_bridge_dc_busbar_set,ebf3_full_bridge_inverter,0.9,0.297,2.7,metal,expand_but_flag,route_as_leaf,medium,Already split to a material/function leaf; process routing should use mass bounds plus performance gates rather than further BOM decomposition.,Proceed to KB process route classification with performance gate.
ebf3_full_bridge_gate_driver_board_set,ebf3_full_bridge_inverter,0.8,0.32,2,electronic,keep_ebf3_leaf,import_as_leaf,high,Electronic/control item has no trusted lunar electronics process route; direct import is more honest than pseudo-decomposition.,Count as Earth import in conservative simulation.
ebf3_full_bridge_heat_sink,ebf3_full_bridge_inverter,1.5,0.75,3,metal,expand_but_flag,route_as_leaf,medium,"Single-material/function leaf; no further BOM split needed before process routing, but performance gates must remain explicit.",Route to material/process candidate with performance gate for thermal load/temperature rise.
ebf3_full_bridge_power_semiconductor_module_set,ebf3_full_bridge_inverter,2.2,0.88,5.5,electronic,keep_ebf3_leaf,import_as_leaf,high,Electronic/control item has no trusted lunar electronics process route; direct import is more honest than pseudo-decomposition.,Count as Earth import in conservative simulation.
ebf3_full_bridge_snubber_component_set,ebf3_full_bridge_inverter,0.6,0.3,1.2,electronic,keep_ebf3_leaf,import_as_leaf,high,Electronic/control item has no trusted lunar electronics process route; direct import is more honest than pseudo-decomposition.,Count as Earth import in conservative simulation.
ebf3_gun_anode,ebf3_fixed_electron_beam_gun,0.25,0.0825,0.75,refractory_metal,keep_ebf3_leaf,route_as_leaf,medium,"Single-material/function leaf; no further BOM split needed before process routing, but performance gates must remain explicit.",Route to material/process candidate with performance gate for electron-beam geometry/thermal stability.
ebf3_gun_beam_boundary_collector_electrode,ebf3_gun_beam_boundary_pickup,0.12,0.0396,0.36,conductive_metal,keep_ebf3_leaf,route_as_leaf,medium,"Single-material/function leaf; no further BOM split needed before process routing, but performance gates must remain explicit.",Route to material/process candidate with performance gate for electron-beam geometry/thermal stability.
ebf3_gun_beam_boundary_pickup_insulator,ebf3_gun_beam_boundary_pickup,0.06,0.0198,0.18,ceramic,keep_ebf3_leaf,route_as_leaf,medium,"Single-material/function leaf; no further BOM split needed before process routing, but performance gates must remain explicit.",Route to material/process candidate with performance gate for voltage/current/dielectric rating; electron-beam geometry/thermal stability.
ebf3_gun_cathode,ebf3_fixed_electron_beam_gun,0.02,0.0066,0.06,scarce_trace_refractory_metal,keep_ebf3_leaf,import_as_leaf,medium,Complex electronic/optical/electron-gun item with low-confidence local capability; splitting now would be a large research task for limited first-sim value.,Count as Earth import in first simulation; split only if this import mass dominates the result.
ebf3_gun_cathode_cartridge_base,ebf3_gun_cathode_cartridge,0.18,0.0594,0.54,composite,keep_ebf3_leaf,defer_split_import_fallback,medium,Composite/mixed-material leaf is small; splitting may be unnecessary for first sim unless it controls a critical capability.,Use import fallback now; split only if sensitivity/high-risk subsystem requires it.
ebf3_gun_cathode_ceramic_standoff_set,ebf3_gun_cathode_cartridge,0.05,0.0165,0.15,ceramic,keep_ebf3_leaf,route_as_leaf,medium,"Single-material/function leaf; no further BOM split needed before process routing, but performance gates must remain explicit.",Route to material/process candidate with performance gate for electron-beam geometry/thermal stability.
ebf3_gun_cathode_current_lead_pair,ebf3_gun_cathode_heater_leads,0.1,0.033,0.3,scarce_trace_refractory_metal,keep_ebf3_leaf,import_as_leaf,medium,Complex electronic/optical/electron-gun item with low-confidence local capability; splitting now would be a large research task for limited first-sim value.,Count as Earth import in first simulation; split only if this import mass dominates the result.
ebf3_gun_cathode_hot_contact_pair,ebf3_gun_cathode_cartridge,0.03,0.0099,0.09,scarce_trace_refractory_metal,keep_ebf3_leaf,import_as_leaf,medium,Complex electronic/optical/electron-gun item with low-confidence local capability; splitting now would be a large research task for limited first-sim value.,Count as Earth import in first simulation; split only if this import mass dominates the result.
ebf3_gun_cathode_lead_termination_set,ebf3_gun_cathode_heater_leads,0.05,0.0165,0.15,composite,keep_ebf3_leaf,import_as_leaf,medium,Complex electronic/optical/electron-gun item with low-confidence local capability; splitting now would be a large research task for limited first-sim value.,Count as Earth import in first simulation; split only if this import mass dominates the result.
ebf3_gun_cathode_locating_clamp,ebf3_gun_cathode_cartridge,0.04,0.0132,0.12,metal,keep_ebf3_leaf,route_as_leaf,medium,"Single-material/function leaf; no further BOM split needed before process routing, but performance gates must remain explicit.",Route to material/process candidate with performance gate for electron-beam geometry/thermal stability; stiffness/tolerance/interface fit.
ebf3_gun_cathode_radiation_shield_clip_set,ebf3_gun_cathode_radiation_shield,0.01,0.0033,0.03,refractory_metal,keep_ebf3_leaf,route_as_leaf,medium,"Single-material/function leaf; no further BOM split needed before process routing, but performance gates must remain explicit.",Route to material/process candidate with performance gate for electron-beam geometry/thermal stability.
ebf3_gun_cathode_radiation_shield_foil_stack,ebf3_gun_cathode_radiation_shield,0.07,0.0231,0.21,refractory_metal,keep_ebf3_leaf,route_as_leaf,medium,"Single-material/function leaf; no further BOM split needed before process routing, but performance gates must remain explicit.",Route to material/process candidate with performance gate for electron-beam geometry/thermal stability.
ebf3_gun_cathode_radiation_shield_spacer_set,ebf3_gun_cathode_radiation_shield,0.02,0.0066,0.06,refractory_metal,keep_ebf3_leaf,route_as_leaf,medium,"Single-material/function leaf; no further BOM split needed before process routing, but performance gates must remain explicit.",Route to material/process candidate with performance gate for electron-beam geometry/thermal stability.
ebf3_gun_column_body_shell,ebf3_gun_column,2.2,0.726,6.6,vacuum_structural_metal,keep_ebf3_leaf,route_as_leaf,medium,"Single-material/function leaf; no further BOM split needed before process routing, but performance gates must remain explicit.",Route to material/process candidate with performance gate for electron-beam geometry/thermal stability.
ebf3_gun_column_gun_side_mating_flange,ebf3_gun_column,0.55,0.1815,1.65,vacuum_structural_metal,keep_ebf3_leaf,route_as_leaf,medium,"Single-material/function leaf; no further BOM split needed before process routing, but performance gates must remain explicit.",Route to material/process candidate with performance gate for electron-beam geometry/thermal stability.
ebf3_gun_column_internal_support_frame,ebf3_gun_column,0.75,0.2475,2.25,vacuum_structural_metal,expand_but_flag,route_as_leaf,medium,"Single-material/function leaf; no further BOM split needed before process routing, but performance gates must remain explicit.",Route to material/process candidate with performance gate for electron-beam geometry/thermal stability; stiffness/tolerance/interface fit.
ebf3_gun_column_optical_axis_datum_set,ebf3_gun_column,0.25,0.0825,0.75,precision_metal,keep_ebf3_leaf,route_as_leaf,medium,"Single-material/function leaf; no further BOM split needed before process routing, but performance gates must remain explicit.",Route to material/process candidate with performance gate for motion tolerance/load/lubrication; electron-beam geometry/thermal stability.
ebf3_gun_control_electrode,ebf3_fixed_electron_beam_gun,0.08,0.0264,0.24,refractory_metal,keep_ebf3_leaf,route_as_leaf,medium,"Single-material/function leaf; no further BOM split needed before process routing, but performance gates must remain explicit.",Route to material/process candidate with performance gate for electron-beam geometry/thermal stability.
ebf3_gun_control_electrode_insulator,ebf3_fixed_electron_beam_gun,0.12,0.0396,0.36,ceramic,keep_ebf3_leaf,route_as_leaf,medium,"Single-material/function leaf; no further BOM split needed before process routing, but performance gates must remain explicit.",Route to material/process candidate with performance gate for voltage/current/dielectric rating; electron-beam geometry/thermal stability.
ebf3_gun_deflection_magnetic_yoke,ebf3_gun_two_axis_deflection_coils,0.4,0.132,1.2,composite,keep_ebf3_leaf,defer_split_import_fallback,medium,Dedicated magnetic-steering plan still defers lower yoke geometry; routing as a generic metal/composite part would hide magnetic performance risk.,Use first-run import/defer fallback; revisit if gun import mass or magnetic steering capability dominates.
ebf3_gun_deflection_x_coil_pair,ebf3_gun_two_axis_deflection_coils,0.3,0.099,0.9,composite,keep_ebf3_leaf,route_as_leaf,medium,Coil-level review treats the X-axis coil pair as the BOM leaf; lower winding/bobbin/lead split would duplicate boundary without source evidence.,"Route as a single coil leaf with conductor, insulation, winding, vacuum, and electrical-interface gates."
ebf3_gun_deflection_y_coil_pair,ebf3_gun_two_axis_deflection_coils,0.3,0.099,0.9,composite,keep_ebf3_leaf,route_as_leaf,medium,Coil-level review treats the Y-axis coil pair as the BOM leaf; lower winding/bobbin/lead split would duplicate boundary without source evidence.,"Route as a single coil leaf with conductor, insulation, winding, vacuum, and electrical-interface gates."
ebf3_gun_diagnostic_signal_feedthrough_insert,ebf3_gun_signal_wiring,0.18,0.0594,0.54,composite,expand_but_flag,import_as_leaf,medium,Complex electronic/optical/electron-gun item with low-confidence local capability; splitting now would be a large research task for limited first-sim value.,Count as Earth import in first simulation; split only if this import mass dominates the result.
ebf3_gun_dynamic_lens_coil_assembly,ebf3_gun_dynamic_magnetic_lens,0.5,0.165,1.5,composite,keep_ebf3_leaf,route_as_leaf,medium,Coil-level review treats the dynamic lens coil assembly as the BOM leaf; material/process readiness remains open.,"Route as a single coil leaf with conductor, insulation, winding, vacuum, and magnetic-field verification gates."
ebf3_gun_dynamic_lens_pole_pieces,ebf3_gun_dynamic_magnetic_lens,0.3,0.099,0.9,metal,keep_ebf3_leaf,route_as_leaf,medium,"Pole pieces are material/function leaves; no further BOM split needed before process routing, but magnetic geometry is critical.",Route as precision magnetic metal with beam-geometry gate.
ebf3_gun_dynamic_lens_yoke,ebf3_gun_dynamic_magnetic_lens,0.4,0.132,1.2,metal,keep_ebf3_leaf,route_as_leaf,medium,"Magnetic yoke is a material/function leaf; local route depends on magnetic material and machining tolerance, not further BOM split.",Route as magnetic metal/yoke with beam-geometry gate.
ebf3_gun_feeder_adapter_body,ebf3_gun_feeder_adapter,0.42,0.1386,1.26,vacuum_structural_metal,keep_ebf3_leaf,route_as_leaf,medium,"Single-material/function leaf; no further BOM split needed before process routing, but performance gates must remain explicit.",Route to material/process candidate with performance gate for electron-beam geometry/thermal stability.
ebf3_gun_feeder_wire_path_alignment_sleeve,ebf3_gun_feeder_adapter,0.12,0.0396,0.36,metal,keep_ebf3_leaf,route_as_leaf,medium,"Single-material/function leaf; no further BOM split needed before process routing, but performance gates must remain explicit.",Route to material/process candidate with performance gate for electron-beam geometry/thermal stability.
ebf3_gun_hv_input_central_conductor,ebf3_gun_hv_input,0.18,0.0594,0.54,conductive_metal,keep_ebf3_leaf,route_as_leaf,medium,"Single-material/function leaf; no further BOM split needed before process routing, but performance gates must remain explicit.",Route to material/process candidate with performance gate for voltage/current/dielectric rating; electron-beam geometry/thermal stability.
ebf3_gun_hv_input_flange_housing,ebf3_gun_hv_input,0.28,0.0924,0.84,metal,keep_ebf3_leaf,route_as_leaf,medium,"Single-material/function leaf; no further BOM split needed before process routing, but performance gates must remain explicit.",Route to material/process candidate with performance gate for voltage/current/dielectric rating; electron-beam geometry/thermal stability.
ebf3_gun_hv_input_receiving_terminal,ebf3_gun_hv_input,0.14,0.0462,0.42,composite,keep_ebf3_leaf,import_as_leaf,medium,Complex electronic/optical/electron-gun item with low-confidence local capability; splitting now would be a large research task for limited first-sim value.,Count as Earth import in first simulation; split only if this import mass dominates the result.
ebf3_gun_hv_insulator_ceramic_body,ebf3_gun_hv_insulator,0.45,0.1485,1.35,ceramic,keep_ebf3_leaf,route_as_leaf,medium,"Single-material/function leaf; no further BOM split needed before process routing, but performance gates must remain explicit.",Route to material/process candidate with performance gate for voltage/current/dielectric rating; electron-beam geometry/thermal stability.
ebf3_gun_hv_insulator_field_grading_electrode_set,ebf3_gun_hv_insulator,0.1,0.033,0.3,conductive_metal,keep_ebf3_leaf,route_as_leaf,medium,"Single-material/function leaf; no further BOM split needed before process routing, but performance gates must remain explicit.",Route to material/process candidate with performance gate for voltage/current/dielectric rating; electron-beam geometry/thermal stability.
ebf3_gun_hv_insulator_metallized_end_interface_set,ebf3_gun_hv_insulator,0.08,0.0264,0.24,metal_ceramic_interface,keep_ebf3_leaf,route_as_leaf,medium,"Single-material/function leaf; no further BOM split needed before process routing, but performance gates must remain explicit.",Route to material/process candidate with performance gate for voltage/current/dielectric rating; electron-beam geometry/thermal stability.
ebf3_gun_hv_insulator_mounting_collar_set,ebf3_gun_hv_insulator,0.12,0.0396,0.36,metal,keep_ebf3_leaf,route_as_leaf,medium,"Single-material/function leaf; no further BOM split needed before process routing, but performance gates must remain explicit.",Route to material/process candidate with performance gate for voltage/current/dielectric rating; electron-beam geometry/thermal stability.
ebf3_gun_local_diagnostic_signal_lead_set,ebf3_gun_signal_wiring,0.08,0.0264,0.24,composite,expand_but_flag,defer_split_import_fallback,medium,Composite/mixed-material leaf is small; splitting may be unnecessary for first sim unless it controls a critical capability.,Use import fallback now; split only if sensitivity/high-risk subsystem requires it.
ebf3_gun_main_lens_coil_assembly,ebf3_gun_main_magnetic_lens,0.9,0.297,2.7,composite,keep_ebf3_leaf,route_as_leaf,high,Coil-level review treats the main lens coil assembly as the BOM leaf; material/process readiness remains open.,"Route as a single coil leaf with conductor, insulation, winding, vacuum, and magnetic-field verification gates."
ebf3_gun_main_lens_pole_pieces,ebf3_gun_main_magnetic_lens,0.7,0.231,2.1,metal,keep_ebf3_leaf,route_as_leaf,medium,"Pole pieces are material/function leaves; no further BOM split needed before process routing, but magnetic geometry is critical.",Route as precision magnetic metal with electron-beam geometry gate.
ebf3_gun_main_lens_yoke,ebf3_gun_main_magnetic_lens,0.6,0.198,1.8,metal,keep_ebf3_leaf,route_as_leaf,medium,"Magnetic yoke is a material/function leaf; no optical decomposition needed, but magnetic steel and geometry gates remain.",Route as magnetic metal/yoke with electron-beam geometry gate.
ebf3_gun_screen_electrode,ebf3_fixed_electron_beam_gun,0.08,0.0264,0.24,refractory_metal,keep_ebf3_leaf,route_as_leaf,medium,"Single-material/function leaf; no further BOM split needed before process routing, but performance gates must remain explicit.",Route to material/process candidate with performance gate for electron-beam geometry/thermal stability.
ebf3_gun_secondary_electron_ring_collector,ebf3_gun_secondary_electron_pickup,0.1,0.033,0.3,conductive_metal,keep_ebf3_leaf,route_as_leaf,medium,"Single-material/function leaf; no further BOM split needed before process routing, but performance gates must remain explicit.",Route to material/process candidate with performance gate for electron-beam geometry/thermal stability.
ebf3_gun_secondary_pickup_insulator,ebf3_gun_secondary_electron_pickup,0.05,0.0165,0.15,ceramic,keep_ebf3_leaf,route_as_leaf,medium,"Single-material/function leaf; no further BOM split needed before process routing, but performance gates must remain explicit.",Route to material/process candidate with performance gate for voltage/current/dielectric rating; electron-beam geometry/thermal stability.
ebf3_gun_side_oil_tank,ebf3_fixed_electron_beam_gun,0.9,0.297,2.7,composite,keep_ebf3_leaf,defer_split_import_fallback,high,Existing gun-side HV insulation plan treats this as a boundary marker without separate gun-side oil-volume evidence.,Use first-run import/defer fallback; do not split shell/oil/seal until source-fixed oil-volume boundary exists.
ebf3_gun_signal_shield_termination_interface,ebf3_gun_signal_wiring,0.05,0.0165,0.15,conductive_metal,keep_ebf3_leaf,route_as_leaf,medium,"Single-material/function leaf; no further BOM split needed before process routing, but performance gates must remain explicit.",Route to material/process candidate with performance gate for electron-beam geometry/thermal stability.
ebf3_gun_trajectory_corrector_coil_set,ebf3_gun_trajectory_corrector,0.3,0.099,0.9,electronic,keep_ebf3_leaf,import_as_leaf,medium,Electronic/control item has no trusted lunar electronics process route; direct import is more honest than pseudo-decomposition.,Count as Earth import in conservative simulation.
ebf3_gun_trajectory_corrector_insulator_set,ebf3_gun_trajectory_corrector,0.08,0.0264,0.24,insulator,keep_ebf3_leaf,route_as_leaf,medium,"Single-material/function leaf; no further BOM split needed before process routing, but performance gates must remain explicit.",Route to material/process candidate with performance gate for voltage/current/dielectric rating; electron-beam geometry/thermal stability.
ebf3_gun_trajectory_corrector_mount,ebf3_gun_trajectory_corrector,0.04,0.0132,0.12,metal,keep_ebf3_leaf,route_as_leaf,medium,"Single-material/function leaf; no further BOM split needed before process routing, but performance gates must remain explicit.",Route to material/process candidate with performance gate for electron-beam geometry/thermal stability; stiffness/tolerance/interface fit.
ebf3_gun_trajectory_corrector_pole_piece_set,ebf3_gun_trajectory_corrector,0.18,0.0594,0.54,metal,keep_ebf3_leaf,route_as_leaf,medium,"Single-material/function leaf; no further BOM split needed before process routing, but performance gates must remain explicit.",Route to material/process candidate with performance gate for electron-beam geometry/thermal stability.
ebf3_heater_supply_current_regulator_board,ebf3_cathode_heater_supply,1.4,0.56,3.5,electronic,keep_ebf3_leaf,import_as_leaf,high,Electronic/control item has no trusted lunar electronics process route; direct import is more honest than pseudo-decomposition.,Count as Earth import in conservative simulation.
ebf3_heater_supply_enclosure,ebf3_cathode_heater_supply,0.6,0.3,1.2,metal,expand_but_flag,route_as_leaf,medium,Simple material/function leaf; decomposition would add process detail but not change first-order import mass.,Route directly to KB material/process candidate.
ebf3_heater_supply_heat_sink,ebf3_cathode_heater_supply,1.2,0.6,2.4,metal,expand_but_flag,route_as_leaf,medium,"Single-material/function leaf; no further BOM split needed before process routing, but performance gates must remain explicit.",Route to material/process candidate with performance gate for thermal load/temperature rise.
ebf3_heater_supply_power_stage,ebf3_cathode_heater_supply,1.3,0.65,2.6,electronic,keep_ebf3_leaf,import_as_leaf,high,Electronic/control item has no trusted lunar electronics process route; direct import is more honest than pseudo-decomposition.,Count as Earth import in conservative simulation.
ebf3_hv_bleeder_chain_insulating_support,ebf3_hv_discharge_bleeder_resistor_chain,0.16,0.0528,0.48,insulator,keep_ebf3_leaf,route_as_leaf,medium,Already split to a material/function leaf; process routing should use mass bounds plus performance gates rather than further BOM decomposition.,Proceed to KB process route classification with performance gate.
ebf3_hv_bleeder_chain_terminal_set,ebf3_hv_discharge_bleeder_resistor_chain,0.08,0.0264,0.24,metal,keep_ebf3_leaf,import_as_leaf,medium,"Connector/terminal item is low-mass, mixed-material, and rating-sensitive; direct import avoids invented contact/body/dielectric manufacturing.",Count as Earth import for first run; split only for a later connector-specific study.
ebf3_hv_bleeder_resistor_element_stack,ebf3_hv_discharge_bleeder_resistor_chain,0.36,0.1188,1.08,electronic,keep_ebf3_leaf,import_as_leaf,medium,Electronic/control item has no trusted lunar electronics process route; direct import is more honest than pseudo-decomposition.,Count as Earth import in conservative simulation.
ebf3_hv_cable_braided_shield,ebf3_hv_cable_to_gun,0.18,0.0594,0.54,conductive_metal,keep_ebf3_leaf,route_as_leaf,medium,"Single-material/function leaf; no further BOM split needed before process routing, but performance gates must remain explicit.",Route to material/process candidate with performance gate for voltage/current/dielectric rating.
ebf3_hv_cable_central_conductor,ebf3_hv_cable_to_gun,0.22,0.0726,0.66,conductive_metal,keep_ebf3_leaf,route_as_leaf,medium,"Single-material/function leaf; no further BOM split needed before process routing, but performance gates must remain explicit.",Route to material/process candidate with performance gate for voltage/current/dielectric rating.
ebf3_hv_cable_dielectric_insulation,ebf3_hv_cable_to_gun,0.36,0.1188,1.08,polymer_dielectric,keep_ebf3_leaf,route_as_leaf,medium,"Single-material/function leaf; no further BOM split needed before process routing, but performance gates must remain explicit.",Route to material/process candidate with performance gate for voltage/current/dielectric rating.
ebf3_hv_cable_outer_jacket,ebf3_hv_cable_to_gun,0.16,0.0528,0.48,polymer,keep_ebf3_leaf,route_as_leaf,medium,"Single-material/function leaf; no further BOM split needed before process routing, but performance gates must remain explicit.",Route to material/process candidate with performance gate for voltage/current/dielectric rating.
ebf3_hv_cable_semiconductive_stress_control_layer,ebf3_hv_cable_to_gun,0.08,0.0264,0.24,conductive_polymer_composite,keep_ebf3_leaf,route_as_leaf,medium,"Single-material/function leaf; no further BOM split needed before process routing, but performance gates must remain explicit.",Route to material/process candidate with performance gate for voltage/current/dielectric rating.
ebf3_hv_drain_valve,ebf3_hv_tank_fill_drain_ports,0.2,0.066,0.6,metal,keep_ebf3_leaf,route_as_leaf,medium,"Single-material/function leaf; no further BOM split needed before process routing, but performance gates must remain explicit.",Route to material/process candidate with performance gate for voltage/current/dielectric rating; vacuum leak rate/outgassing.
ebf3_hv_fill_port,ebf3_hv_tank_fill_drain_ports,0.12,0.0396,0.36,metal,keep_ebf3_leaf,route_as_leaf,medium,"Single-material/function leaf; no further BOM split needed before process routing, but performance gates must remain explicit.",Route to material/process candidate with performance gate for voltage/current/dielectric rating; vacuum leak rate/outgassing.
ebf3_hv_lead_conductor_set,ebf3_internal_hv_leads_terminals,0.6,0.198,1.8,metal,keep_ebf3_leaf,route_as_leaf,medium,Already split to a material/function leaf; process routing should use mass bounds plus performance gates rather than further BOM decomposition.,Proceed to KB process route classification with performance gate.
ebf3_hv_lead_support_standoff_set,ebf3_internal_hv_leads_terminals,0.2,0.066,0.6,insulator,keep_ebf3_leaf,route_as_leaf,medium,Already split to a material/function leaf; process routing should use mass bounds plus performance gates rather than further BOM decomposition.,Proceed to KB process route classification with performance gate.
ebf3_hv_output_filter_capacitor,ebf3_hv_section_module_set,2,0.66,6,electronic,expand_but_flag,import_as_leaf,high,Electronic/control item has no trusted lunar electronics process route; direct import is more honest than pseudo-decomposition.,Count as Earth import in conservative simulation.
ebf3_hv_pressure_relief_seal,ebf3_hv_tank_pressure_relief,0.08,0.0264,0.24,polymer,expand_but_flag,route_as_leaf,medium,"Single-material/function leaf; no further BOM split needed before process routing, but performance gates must remain explicit.",Route to material/process candidate with performance gate for voltage/current/dielectric rating; vacuum leak rate/outgassing.
ebf3_hv_pressure_relief_valve_body,ebf3_hv_tank_pressure_relief,0.22,0.0726,0.66,metal,expand_but_flag,route_as_leaf,medium,"Single-material/function leaf; no further BOM split needed before process routing, but performance gates must remain explicit.",Route to material/process candidate with performance gate for voltage/current/dielectric rating; vacuum leak rate/outgassing.
ebf3_hv_rectifier_stack_tank_side,ebf3_hv_section_module_set,2.5,0.825,7.5,electronic,expand_but_flag,import_as_leaf,high,Electronic/control item has no trusted lunar electronics process route; direct import is more honest than pseudo-decomposition.,Count as Earth import in conservative simulation.
ebf3_hv_return_current_monitor_insulating_mount,ebf3_hv_output_return_current_monitor,0.12,0.0396,0.36,insulator,keep_ebf3_leaf,route_as_leaf,medium,"Single-material/function leaf; no further BOM split needed before process routing, but performance gates must remain explicit.",Route to material/process candidate with performance gate for voltage/current/dielectric rating; stiffness/tolerance/interface fit.
ebf3_hv_return_current_monitor_signal_lead,ebf3_hv_output_return_current_monitor,0.12,0.0396,0.36,composite,keep_ebf3_leaf,defer_split_import_fallback,medium,Composite/mixed-material leaf is small; splitting may be unnecessary for first sim unless it controls a critical capability.,Use import fallback now; split only if sensitivity/high-risk subsystem requires it.
ebf3_hv_return_current_sensing_element,ebf3_hv_output_return_current_monitor,0.16,0.0528,0.48,electronic,keep_ebf3_leaf,import_as_leaf,medium,Electronic/control item has no trusted lunar electronics process route; direct import is more honest than pseudo-decomposition.,Count as Earth import in conservative simulation.
ebf3_hv_rounded_terminal_set,ebf3_internal_hv_leads_terminals,0.4,0.132,1.2,metal,keep_ebf3_leaf,import_as_leaf,medium,"Connector/terminal item is low-mass, mixed-material, and rating-sensitive; direct import avoids invented contact/body/dielectric manufacturing.",Count as Earth import for first run; split only for a later connector-specific study.
ebf3_hv_service_plug_set,ebf3_hv_tank_fill_drain_ports,0.08,0.0264,0.24,composite,keep_ebf3_leaf,defer_split_import_fallback,medium,Composite/mixed-material leaf is small; splitting may be unnecessary for first sim unless it controls a critical capability.,Use import fallback now; split only if sensitivity/high-risk subsystem requires it.
ebf3_hv_tank_bonding_anchor,ebf3_hv_tank_grounding_terminal,0.08,0.0264,0.24,metal,keep_ebf3_leaf,route_as_leaf,medium,"Single-material/function leaf; no further BOM split needed before process routing, but performance gates must remain explicit.",Route to material/process candidate with performance gate for voltage/current/dielectric rating; vacuum leak rate/outgassing.
ebf3_hv_tank_ground_lug,ebf3_hv_tank_grounding_terminal,0.12,0.0396,0.36,metal,keep_ebf3_leaf,route_as_leaf,medium,"Single-material/function leaf; no further BOM split needed before process routing, but performance gates must remain explicit.",Route to material/process candidate with performance gate for voltage/current/dielectric rating; vacuum leak rate/outgassing.
ebf3_hv_tank_lid,ebf3_hv_tank_enclosure,2,0.66,6,metal,keep_ebf3_leaf,route_as_leaf,medium,"Single-material/function leaf; no further BOM split needed before process routing, but performance gates must remain explicit.",Route to material/process candidate with performance gate for voltage/current/dielectric rating; vacuum leak rate/outgassing.
ebf3_hv_tank_lid_seal,ebf3_hv_tank_enclosure,0.5,0.165,1.5,polymer,expand_but_flag,route_as_leaf,medium,"Single-material/function leaf; no further BOM split needed before process routing, but performance gates must remain explicit.",Route to material/process candidate with performance gate for voltage/current/dielectric rating; vacuum leak rate/outgassing.
ebf3_hv_tank_shell,ebf3_hv_tank_enclosure,8,2.64,24,metal,keep_ebf3_leaf,route_as_leaf,high,"Single-material/function leaf; no further BOM split needed before process routing, but performance gates must remain explicit.",Route to material/process candidate with performance gate for voltage/current/dielectric rating; vacuum leak rate/outgassing.
ebf3_hv_tank_temperature_probe,ebf3_hv_tank_temperature_sensor,0.04,0.0132,0.12,electronic,keep_ebf3_leaf,import_as_leaf,medium,Electronic/control item has no trusted lunar electronics process route; direct import is more honest than pseudo-decomposition.,Count as Earth import in conservative simulation.
ebf3_hv_tank_temperature_sensor_lead_set,ebf3_hv_tank_temperature_sensor,0.04,0.0132,0.12,composite,keep_ebf3_leaf,defer_split_import_fallback,medium,Composite/mixed-material leaf is small; splitting may be unnecessary for first sim unless it controls a critical capability.,Use import fallback now; split only if sensitivity/high-risk subsystem requires it.
ebf3_hv_tank_temperature_sensor_mount,ebf3_hv_tank_temperature_sensor,0.02,0.0066,0.06,metal,keep_ebf3_leaf,route_as_leaf,medium,"Single-material/function leaf; no further BOM split needed before process routing, but performance gates must remain explicit.",Route to material/process candidate with performance gate for voltage/current/dielectric rating; vacuum leak rate/outgassing; circuit function/rating; stiffness/tolerance/interface fit.
ebf3_hv_transformer_insulating_fluid,ebf3_high_voltage_tank,8,2.64,24,polymer,keep_ebf3_leaf,route_as_leaf,medium,"Fluid is already a material-level leaf; no further mechanical decomposition is needed, but dielectric/thermal import gate remains.",Route as dielectric fluid/material with import/local decision from KB process availability.
ebf3_hv_voltage_divider_insulating_support,ebf3_hv_output_voltage_divider_sensing,0.1,0.033,0.3,insulator,keep_ebf3_leaf,route_as_leaf,medium,"Single-material/function leaf; no further BOM split needed before process routing, but performance gates must remain explicit.",Route to material/process candidate with performance gate for voltage/current/dielectric rating.
ebf3_hv_voltage_divider_low_voltage_sense_board,ebf3_hv_output_voltage_divider_sensing,0.08,0.0264,0.24,electronic,keep_ebf3_leaf,import_as_leaf,medium,Electronic/control item has no trusted lunar electronics process route; direct import is more honest than pseudo-decomposition.,Count as Earth import in conservative simulation.
ebf3_hv_voltage_divider_resistor_stack,ebf3_hv_output_voltage_divider_sensing,0.28,0.0924,0.84,electronic,keep_ebf3_leaf,import_as_leaf,medium,Electronic/control item has no trusted lunar electronics process route; direct import is more honest than pseudo-decomposition.,Count as Earth import in conservative simulation.
ebf3_hv_voltage_divider_shielded_lead,ebf3_hv_output_voltage_divider_sensing,0.04,0.0132,0.12,composite,keep_ebf3_leaf,defer_split_import_fallback,medium,Composite/mixed-material leaf is small; splitting may be unnecessary for first sim unless it controls a critical capability.,Use import fallback now; split only if sensitivity/high-risk subsystem requires it.
ebf3_input_rectifier_busbar_set,ebf3_input_rectifier,0.7,0.231,2.1,metal,keep_ebf3_leaf,route_as_leaf,medium,Already split to a material/function leaf; process routing should use mass bounds plus performance gates rather than further BOM decomposition.,Proceed to KB process route classification with performance gate.
ebf3_input_rectifier_diode_module_set,ebf3_input_rectifier,1.2,0.48,3,electronic,import_encoded,import_as_leaf,high,Electronic/control item has no trusted lunar electronics process route; direct import is more honest than pseudo-decomposition.,Count as Earth import in conservative simulation.
ebf3_input_rectifier_gate_or_sense_board,ebf3_input_rectifier,0.3,0.12,0.75,electronic,keep_ebf3_leaf,import_as_leaf,medium,Electronic/control item has no trusted lunar electronics process route; direct import is more honest than pseudo-decomposition.,Count as Earth import in conservative simulation.
ebf3_input_rectifier_heat_sink,ebf3_input_rectifier,0.8,0.32,2,metal,keep_ebf3_leaf,route_as_leaf,medium,"Single-material/function leaf; no further BOM split needed before process routing, but performance gates must remain explicit.",Route to material/process candidate with performance gate for circuit function/rating; thermal load/temperature rise.
ebf3_intermediate_wire_guide_body,ebf3_intermediate_wire_guide,0.16,0.064,0.4,metal,keep_ebf3_leaf,route_as_leaf,medium,"Single-material/function leaf; no further BOM split needed before process routing, but performance gates must remain explicit.",Route to material/process candidate with performance gate for motion tolerance/load/lubrication.
ebf3_intermediate_wire_guide_wear_insert,ebf3_intermediate_wire_guide,0.09,0.036,0.225,ceramic,keep_ebf3_leaf,route_as_leaf,medium,"Single-material/function leaf; no further BOM split needed before process routing, but performance gates must remain explicit.",Route to material/process candidate with performance gate for motion tolerance/load/lubrication.
ebf3_linear_encoder_mounting_bracket_set,ebf3_linear_encoder_scales,0.3,0.12,0.75,metal,keep_ebf3_leaf,route_as_leaf,medium,"Single-material/function leaf; no further BOM split needed before process routing, but performance gates must remain explicit.",Route to material/process candidate with performance gate for motion tolerance/load/lubrication; stiffness/tolerance/interface fit.
ebf3_linear_encoder_read_head_set,ebf3_linear_encoder_scales,0.45,0.18,1.125,electronic,keep_ebf3_leaf,import_as_leaf,medium,Electronic/control item has no trusted lunar electronics process route; direct import is more honest than pseudo-decomposition.,Count as Earth import in conservative simulation.
ebf3_linear_encoder_scale_strip_set,ebf3_linear_encoder_scales,0.75,0.3,1.875,glass,keep_ebf3_leaf,route_as_leaf,medium,"Single-material/function leaf; no further BOM split needed before process routing, but performance gates must remain explicit.",Route to material/process candidate with performance gate for motion tolerance/load/lubrication.
ebf3_linear_guide_carriage_block_set,ebf3_linear_guide_carriages,1.1,0.44,2.75,precision_metal,keep_ebf3_leaf,route_as_leaf,medium,"Single-material/function leaf; no further BOM split needed before process routing, but performance gates must remain explicit.",Route to material/process candidate with performance gate for motion tolerance/load/lubrication.
ebf3_linear_guide_carriage_retainer_set,ebf3_linear_guide_carriages,0.25,0.1,0.625,metal,keep_ebf3_leaf,route_as_leaf,medium,"Single-material/function leaf; no further BOM split needed before process routing, but performance gates must remain explicit.",Route to material/process candidate with performance gate for motion tolerance/load/lubrication.
ebf3_linear_guide_carriage_rolling_element_set,ebf3_linear_guide_carriages,0.55,0.22,1.375,precision_metal,keep_ebf3_leaf,route_as_leaf,medium,"Single-material/function leaf; no further BOM split needed before process routing, but performance gates must remain explicit.",Route to material/process candidate with performance gate for motion tolerance/load/lubrication.
ebf3_linear_guide_rail_body_set,ebf3_linear_guide_rails,2.4,0.96,6,metal,keep_ebf3_leaf,route_as_leaf,medium,"Single-material/function leaf; no further BOM split needed before process routing, but performance gates must remain explicit.",Route to material/process candidate with performance gate for motion tolerance/load/lubrication.
ebf3_linear_guide_rail_end_stop_set,ebf3_linear_guide_rails,0.3,0.12,0.75,metal,keep_ebf3_leaf,route_as_leaf,medium,"Single-material/function leaf; no further BOM split needed before process routing, but performance gates must remain explicit.",Route to material/process candidate with performance gate for motion tolerance/load/lubrication.
ebf3_linear_guide_rail_mounting_hole_datum_set,ebf3_linear_guide_rails,0.3,0.12,0.75,metal,keep_ebf3_leaf,route_as_leaf,medium,"Single-material/function leaf; no further BOM split needed before process routing, but performance gates must remain explicit.",Route to material/process candidate with performance gate for motion tolerance/load/lubrication.
ebf3_lv_distribution_breaker_or_fuse_set,ebf3_low_voltage_distribution_panel,1.2,0.6,2.4,electronic,keep_ebf3_leaf,import_as_leaf,high,Electronic/control item has no trusted lunar electronics process route; direct import is more honest than pseudo-decomposition.,Count as Earth import in conservative simulation.
ebf3_lv_distribution_busbar_set,ebf3_low_voltage_distribution_panel,1.1,0.363,3.3,metal,expand_but_flag,route_as_leaf,high,Already split to a material/function leaf; process routing should use mass bounds plus performance gates rather than further BOM decomposition.,Proceed to KB process route classification with performance gate.
ebf3_matching_network_busbar_set,ebf3_inverter_matching_network,0.6,0.198,1.8,metal,expand_but_flag,route_as_leaf,medium,Already split to a material/function leaf; process routing should use mass bounds plus performance gates rather than further BOM decomposition.,Proceed to KB process route classification with performance gate.
ebf3_matching_network_capacitor_set,ebf3_inverter_matching_network,1.2,0.48,3,electronic,expand_but_flag,import_as_leaf,high,Electronic/control item has no trusted lunar electronics process route; direct import is more honest than pseudo-decomposition.,Count as Earth import in conservative simulation.
ebf3_matching_network_inductor_set,ebf3_inverter_matching_network,1.3,0.52,3.25,electronic,expand_but_flag,split_implemented_parent,high,"Child BOM implemented into core, winding, insulation/support, terminals, and mounting base. Topology and ratings remain unresolved.",Route its child leaves in the post-split process route queue; do not route this parent as a fabricated leaf.
ebf3_matching_network_mounting_frame,ebf3_inverter_matching_network,0.9,0.45,1.8,metal,expand_but_flag,route_as_leaf,medium,"Single-material/function leaf; no further BOM split needed before process routing, but performance gates must remain explicit.",Route to material/process candidate with performance gate for stiffness/tolerance/interface fit.
ebf3_motion_drive_control_board,ebf3_motion_control_drive_module,1,0.4,2.5,electronic,keep_ebf3_leaf,import_as_leaf,high,Electronic/control item has no trusted lunar electronics process route; direct import is more honest than pseudo-decomposition.,Count as Earth import in conservative simulation.
ebf3_motion_drive_heat_spreader,ebf3_motion_control_drive_module,0.5,0.25,1,metal,keep_ebf3_leaf,route_as_leaf,medium,"Single-material/function leaf; no further BOM split needed before process routing, but performance gates must remain explicit.",Route to material/process candidate with performance gate for thermal load/temperature rise.
ebf3_motion_drive_power_stage_set,ebf3_motion_control_drive_module,1.1,0.55,2.2,electronic,keep_ebf3_leaf,import_as_leaf,high,Electronic/control item has no trusted lunar electronics process route; direct import is more honest than pseudo-decomposition.,Count as Earth import in conservative simulation.
ebf3_motor_coupling_clamp_screw_set,ebf3_motor_couplings,0.08,0.032,0.2,metal,keep_ebf3_leaf,route_as_leaf,medium,"Single-material/function leaf; no further BOM split needed before process routing, but performance gates must remain explicit.",Route to material/process candidate with performance gate for motion tolerance/load/lubrication; stiffness/tolerance/interface fit.
ebf3_motor_coupling_flexible_element_set,ebf3_motor_couplings,0.14,0.056,0.35,composite,keep_ebf3_leaf,defer_split_import_fallback,medium,"Precision mechanical part may be locally manufacturable eventually, but low mass or hidden tolerances make direct import acceptable for first sim.",Import for conservative first run; split into races/gears/shafts/lube only if sensitivity demands.
ebf3_motor_coupling_hub_set,ebf3_motor_couplings,0.28,0.112,0.7,metal,keep_ebf3_leaf,route_as_leaf,medium,"Single-material/function leaf; no further BOM split needed before process routing, but performance gates must remain explicit.",Route to material/process candidate with performance gate for motion tolerance/load/lubrication.
ebf3_motor_mount_bracket_fastener_interface_set,ebf3_motor_mount_brackets,0.15,0.06,0.375,metal,keep_ebf3_leaf,route_as_leaf,medium,"Single-material/function leaf; no further BOM split needed before process routing, but performance gates must remain explicit.",Route to material/process candidate with performance gate for motion tolerance/load/lubrication; stiffness/tolerance/interface fit.
ebf3_motor_mount_bracket_plate_set,ebf3_motor_mount_brackets,0.65,0.26,1.625,metal,keep_ebf3_leaf,route_as_leaf,medium,"Single-material/function leaf; no further BOM split needed before process routing, but performance gates must remain explicit.",Route to material/process candidate with performance gate for motion tolerance/load/lubrication; stiffness/tolerance/interface fit.
ebf3_motor_mount_bracket_spacer_set,ebf3_motor_mount_brackets,0.2,0.08,0.5,metal,keep_ebf3_leaf,route_as_leaf,medium,"Single-material/function leaf; no further BOM split needed before process routing, but performance gates must remain explicit.",Route to material/process candidate with performance gate for motion tolerance/load/lubrication; stiffness/tolerance/interface fit.
ebf3_moveable_build_platform_clamp_slot_set,ebf3_moveable_build_platform,0.7,0.35,1.4,precision_metal,keep_ebf3_leaf,route_as_leaf,medium,"Single-material/function leaf; no further BOM split needed before process routing, but performance gates must remain explicit.",Route to material/process candidate with performance gate for stiffness/tolerance/interface fit.
ebf3_moveable_build_platform_plate,ebf3_moveable_build_platform,5.6,2.8,11.2,precision_metal,expand_but_flag,route_as_leaf,high,"Single-material/function leaf; no further BOM split needed before process routing, but performance gates must remain explicit.",Route to material/process candidate with performance gate for stiffness/tolerance/interface fit.
ebf3_moveable_build_platform_return_contact_pad,ebf3_moveable_build_platform,0.4,0.2,0.8,conductive_metal,keep_ebf3_leaf,route_as_leaf,medium,Simple material/function leaf; decomposition would add process detail but not change first-order import mass.,Route directly to KB material/process candidate.
ebf3_multi_channel_driver_control_board,ebf3_multi_channel_driver_module,1.2,0.48,3,electronic,keep_ebf3_leaf,import_as_leaf,high,Electronic/control item has no trusted lunar electronics process route; direct import is more honest than pseudo-decomposition.,Count as Earth import in conservative simulation.
ebf3_multi_channel_driver_enclosure,ebf3_multi_channel_driver_module,0.6,0.24,1.5,metal,expand_but_flag,route_as_leaf,medium,Simple material/function leaf; decomposition would add process detail but not change first-order import mass.,Route directly to KB material/process candidate.
ebf3_multi_channel_heat_sink,ebf3_multi_channel_driver_module,1.2,0.6,2.4,metal,expand_but_flag,route_as_leaf,medium,"Single-material/function leaf; no further BOM split needed before process routing, but performance gates must remain explicit.",Route to material/process candidate with performance gate for thermal load/temperature rise.
ebf3_multi_channel_power_driver_stage_set,ebf3_multi_channel_driver_module,2.2,0.88,5.5,electronic,keep_ebf3_leaf,import_as_leaf,high,Electronic/control item has no trusted lunar electronics process route; direct import is more honest than pseudo-decomposition.,Count as Earth import in conservative simulation.
ebf3_positioning_axis_base_plate,ebf3_four_axis_positioning_system,3,1.2,7.5,metal,expand_but_flag,route_as_leaf,medium,"Single-material/function leaf; no further BOM split needed before process routing, but performance gates must remain explicit.",Route to material/process candidate with performance gate for motion tolerance/load/lubrication; stiffness/tolerance/interface fit.
ebf3_positioning_base_frame_crossmember_set,ebf3_positioning_base_frame,2.2,1.1,4.4,metal,expand_but_flag,route_as_leaf,medium,"Single-material/function leaf; no further BOM split needed before process routing, but performance gates must remain explicit.",Route to material/process candidate with performance gate for stiffness/tolerance/interface fit.
ebf3_positioning_base_frame_mounting_foot_set,ebf3_positioning_base_frame,0.8,0.4,1.6,metal,expand_but_flag,route_as_leaf,medium,"Single-material/function leaf; no further BOM split needed before process routing, but performance gates must remain explicit.",Route to material/process candidate with performance gate for stiffness/tolerance/interface fit.
ebf3_positioning_base_frame_rail_set,ebf3_positioning_base_frame,4,2,8,metal,expand_but_flag,route_as_leaf,medium,"Single-material/function leaf; no further BOM split needed before process routing, but performance gates must remain explicit.",Route to material/process candidate with performance gate for stiffness/tolerance/interface fit.
ebf3_positioning_bellows_end_retainer_set,ebf3_positioning_bellows_cover,0.18,0.09,0.36,metal,keep_ebf3_leaf,route_as_leaf,medium,Simple material/function leaf; decomposition would add process detail but not change first-order import mass.,Route directly to KB material/process candidate.
ebf3_positioning_bellows_folded_cover,ebf3_positioning_bellows_cover,0.55,0.275,1.1,metal,keep_ebf3_leaf,route_as_leaf,medium,Simple material/function leaf; decomposition would add process detail but not change first-order import mass.,Route directly to KB material/process candidate.
ebf3_positioning_bellows_mounting_tab_set,ebf3_positioning_bellows_cover,0.07,0.035,0.14,metal,keep_ebf3_leaf,route_as_leaf,medium,Simple material/function leaf; decomposition would add process detail but not change first-order import mass.,Route directly to KB material/process candidate.
ebf3_positioning_feedthrough_air_side_connector,ebf3_positioning_electrical_feedthrough,0.08,0.0264,0.24,composite,keep_ebf3_leaf,import_as_leaf,medium,"Connector/terminal item is low-mass, mixed-material, and rating-sensitive; direct import avoids invented contact/body/dielectric manufacturing.",Count as Earth import for first run; split only for a later connector-specific study.
ebf3_positioning_feedthrough_flange,ebf3_positioning_electrical_feedthrough,0.2,0.066,0.6,metal,expand_but_flag,route_as_leaf,medium,Already split to a material/function leaf; process routing should use mass bounds plus performance gates rather than further BOM decomposition.,Proceed to KB process route classification with performance gate.
ebf3_positioning_feedthrough_insulator_body,ebf3_positioning_electrical_feedthrough,0.4,0.132,1.2,ceramic,expand_but_flag,route_as_leaf,medium,Already split to a material/function leaf; process routing should use mass bounds plus performance gates rather than further BOM decomposition.,Proceed to KB process route classification with performance gate.
ebf3_positioning_feedthrough_motor_power_pin_set,ebf3_positioning_electrical_feedthrough,0.18,0.0594,0.54,conductive_metal,expand_but_flag,route_as_leaf,medium,Already split to a material/function leaf; process routing should use mass bounds plus performance gates rather than further BOM decomposition.,Proceed to KB process route classification with performance gate.
ebf3_positioning_feedthrough_shield_termination_interface,ebf3_positioning_electrical_feedthrough,0.05,0.0165,0.15,conductive_metal,keep_ebf3_leaf,route_as_leaf,medium,"Single-material/function leaf; no further BOM split needed before process routing, but performance gates must remain explicit.",Route to material/process candidate with performance gate for voltage/current/dielectric rating; vacuum leak rate/outgassing.
ebf3_positioning_feedthrough_signal_pin_set,ebf3_positioning_electrical_feedthrough,0.08,0.0264,0.24,conductive_metal,expand_but_flag,route_as_leaf,medium,Already split to a material/function leaf; process routing should use mass bounds plus performance gates rather than further BOM decomposition.,Proceed to KB process route classification with performance gate.
ebf3_positioning_feedthrough_vacuum_side_connector,ebf3_positioning_electrical_feedthrough,0.08,0.0264,0.24,composite,keep_ebf3_leaf,import_as_leaf,medium,"Connector/terminal item is low-mass, mixed-material, and rating-sensitive; direct import avoids invented contact/body/dielectric manufacturing.",Count as Earth import for first run; split only for a later connector-specific study.
ebf3_positioning_motor_cable_insulation_set,ebf3_vacuum_compatible_motor_cabling,0.24,0.0792,0.72,polymer,keep_ebf3_leaf,route_as_leaf,medium,"Single-material/function leaf; no further BOM split needed before process routing, but performance gates must remain explicit.",Route to material/process candidate with performance gate for voltage/current/dielectric rating; motion tolerance/load/lubrication.
ebf3_positioning_motor_cable_shield_set,ebf3_vacuum_compatible_motor_cabling,0.16,0.0528,0.48,metal,keep_ebf3_leaf,route_as_leaf,medium,"Single-material/function leaf; no further BOM split needed before process routing, but performance gates must remain explicit.",Route to material/process candidate with performance gate for voltage/current/dielectric rating; motion tolerance/load/lubrication.
ebf3_positioning_motor_cable_termination_set,ebf3_vacuum_compatible_motor_cabling,0.08,0.0264,0.24,composite,keep_ebf3_leaf,defer_split_import_fallback,medium,Composite/mixed-material leaf is small; splitting may be unnecessary for first sim unless it controls a critical capability.,Use import fallback now; split only if sensitivity/high-risk subsystem requires it.
ebf3_positioning_motor_power_conductor_set,ebf3_vacuum_compatible_motor_cabling,0.32,0.1056,0.96,metal,expand_but_flag,route_as_leaf,medium,Already split to a material/function leaf; process routing should use mass bounds plus performance gates rather than further BOM decomposition.,Proceed to KB process route classification with performance gate.
ebf3_positioning_signal_cable_insulation_set,ebf3_vacuum_compatible_signal_cabling,0.2,0.066,0.6,polymer,keep_ebf3_leaf,route_as_leaf,medium,"Single-material/function leaf; no further BOM split needed before process routing, but performance gates must remain explicit.",Route to material/process candidate with performance gate for voltage/current/dielectric rating.
ebf3_positioning_signal_cable_shield_set,ebf3_vacuum_compatible_signal_cabling,0.18,0.0594,0.54,metal,keep_ebf3_leaf,route_as_leaf,medium,"Single-material/function leaf; no further BOM split needed before process routing, but performance gates must remain explicit.",Route to material/process candidate with performance gate for voltage/current/dielectric rating.
ebf3_positioning_signal_cable_termination_set,ebf3_vacuum_compatible_signal_cabling,0.08,0.0264,0.24,composite,keep_ebf3_leaf,defer_split_import_fallback,medium,Composite/mixed-material leaf is small; splitting may be unnecessary for first sim unless it controls a critical capability.,Use import fallback now; split only if sensitivity/high-risk subsystem requires it.
ebf3_positioning_signal_conductor_set,ebf3_vacuum_compatible_signal_cabling,0.24,0.0792,0.72,metal,expand_but_flag,route_as_leaf,medium,Already split to a material/function leaf; process routing should use mass bounds plus performance gates rather than further BOM decomposition.,Proceed to KB process route classification with performance gate.
ebf3_power_electronics_cooling_duct_or_line_set,ebf3_power_electronics_thermal_management,0.7,0.35,1.4,composite,keep_ebf3_leaf,split_implemented_parent,high,"Child BOM implemented under an explicit lunar-vacuum conduction/cold-plate baseline. This is an architecture assumption, not source-fixed geometry.",Route its child leaves in the post-split process route queue with architecture_assumption flag.
ebf3_power_electronics_cooling_plate_set,ebf3_power_electronics_thermal_management,2,1,4,metal,expand_but_flag,route_as_leaf,medium,"Single-material/function leaf; no further BOM split needed before process routing, but performance gates must remain explicit.",Route to material/process candidate with performance gate for thermal load/temperature rise; stiffness/tolerance/interface fit.
ebf3_power_electronics_fan_or_pump_module,ebf3_power_electronics_thermal_management,1.5,0.6,3.75,electronic,keep_ebf3_leaf,import_as_leaf,high,Complex electronic/optical/electron-gun item with low-confidence local capability; splitting now would be a large research task for limited first-sim value.,Count as Earth import in first simulation; split only if this import mass dominates the result.
ebf3_power_electronics_heat_sink_set,ebf3_power_electronics_thermal_management,3,1.5,6,metal,expand_but_flag,route_as_leaf,medium,"Single-material/function leaf; no further BOM split needed before process routing, but performance gates must remain explicit.",Route to material/process candidate with performance gate for thermal load/temperature rise.
ebf3_power_electronics_thermal_interface_set,ebf3_power_electronics_thermal_management,0.8,0.4,1.6,composite,expand_but_flag,route_as_leaf,medium,"Thermal interface is already a material/interface leaf; it may be imported, but further BOM split is not needed before process routing.",Route as thermal-interface material with outgassing/temperature gate or import if no KB process exists.
ebf3_power_input_gland_body,ebf3_power_input_cable_gland,0.5,0.25,1,metal,keep_ebf3_leaf,route_as_leaf,medium,Simple material/function leaf; decomposition would add process detail but not change first-order import mass.,Route directly to KB material/process candidate.
ebf3_power_input_gland_seal,ebf3_power_input_cable_gland,0.3,0.099,0.9,polymer,expand_but_flag,route_as_leaf,medium,"Single-material/function leaf; no further BOM split needed before process routing, but performance gates must remain explicit.",Route to material/process candidate with performance gate for vacuum leak rate/outgassing.
ebf3_pressure_adjustment_knob_body,ebf3_pressure_adjustment_knob,0.13,0.065,0.26,polymer,keep_ebf3_leaf,route_as_leaf,medium,Simple material/function leaf; decomposition would add process detail but not change first-order import mass.,Route directly to KB material/process candidate.
ebf3_pressure_adjustment_threaded_insert,ebf3_pressure_adjustment_knob,0.07,0.035,0.14,metal,keep_ebf3_leaf,route_as_leaf,medium,Simple material/function leaf; decomposition would add process detail but not change first-order import mass.,Route directly to KB material/process candidate.
ebf3_pressure_spring,ebf3_wire_feeder,0.3,0.15,0.6,metal,keep_ebf3_leaf,route_as_leaf,medium,Simple material/function leaf; decomposition would add process detail but not change first-order import mass.,Route directly to KB material/process candidate.
ebf3_primary_transformer_core,ebf3_primary_isolation_transformer,1.5,0.6,3.75,metal,expand_but_flag,route_as_leaf,high,Already split to a material/function leaf; process routing should use mass bounds plus performance gates rather than further BOM decomposition.,Proceed to KB process route classification with performance gate.
ebf3_primary_transformer_insulation_set,ebf3_primary_isolation_transformer,0.6,0.24,1.5,insulator,keep_ebf3_leaf,route_as_leaf,medium,Already split to a material/function leaf; process routing should use mass bounds plus performance gates rather than further BOM decomposition.,Proceed to KB process route classification with performance gate.
ebf3_primary_transformer_mount,ebf3_primary_isolation_transformer,0.6,0.24,1.5,metal,keep_ebf3_leaf,route_as_leaf,medium,Already split to a material/function leaf; process routing should use mass bounds plus performance gates rather than further BOM decomposition.,Proceed to KB process route classification with performance gate.
ebf3_primary_transformer_winding_set,ebf3_primary_isolation_transformer,1.3,0.52,3.25,metal,keep_ebf3_leaf,route_as_leaf,high,Already split to a material/function leaf; process routing should use mass bounds plus performance gates rather than further BOM decomposition.,Proceed to KB process route classification with performance gate.
ebf3_realtime_processor_board,ebf3_realtime_control_processor,0.55,0.22,1.375,electronic,keep_ebf3_leaf,import_as_leaf,high,Complex electronic/optical/electron-gun item with low-confidence local capability; splitting now would be a large research task for limited first-sim value.,Count as Earth import in first simulation; split only if this import mass dominates the result.
ebf3_realtime_processor_connector_set,ebf3_realtime_control_processor,0.2,0.066,0.6,electronic,expand_but_flag,import_as_leaf,medium,"Connector/terminal item is low-mass, mixed-material, and rating-sensitive; direct import avoids invented contact/body/dielectric manufacturing.",Count as Earth import for first run; split only for a later connector-specific study.
ebf3_ripple_inductor_core,ebf3_ripple_damping_inductor,0.35,0.14,0.875,metal,keep_ebf3_leaf,route_as_leaf,medium,Already split to a material/function leaf; process routing should use mass bounds plus performance gates rather than further BOM decomposition.,Proceed to KB process route classification with performance gate.
ebf3_ripple_inductor_insulation_set,ebf3_ripple_damping_inductor,0.12,0.048,0.3,insulator,keep_ebf3_leaf,route_as_leaf,medium,Already split to a material/function leaf; process routing should use mass bounds plus performance gates rather than further BOM decomposition.,Proceed to KB process route classification with performance gate.
ebf3_ripple_inductor_mount,ebf3_ripple_damping_inductor,0.08,0.032,0.2,metal,keep_ebf3_leaf,route_as_leaf,medium,Already split to a material/function leaf; process routing should use mass bounds plus performance gates rather than further BOM decomposition.,Proceed to KB process route classification with performance gate.
ebf3_ripple_inductor_winding,ebf3_ripple_damping_inductor,0.45,0.18,1.125,metal,keep_ebf3_leaf,route_as_leaf,medium,Already split to a material/function leaf; process routing should use mass bounds plus performance gates rather than further BOM decomposition.,Proceed to KB process route classification with performance gate.
ebf3_rotary_axis_bearing_inner_ring,ebf3_rotary_axis_bearing,1.1,0.44,2.75,metal,keep_ebf3_leaf,route_as_leaf,high,Already split to a material/function leaf; process routing should use mass bounds plus performance gates rather than further BOM decomposition.,Proceed to KB process route classification with performance gate.
ebf3_rotary_axis_bearing_outer_ring,ebf3_rotary_axis_bearing,1.3,0.52,3.25,metal,keep_ebf3_leaf,route_as_leaf,high,Already split to a material/function leaf; process routing should use mass bounds plus performance gates rather than further BOM decomposition.,Proceed to KB process route classification with performance gate.
ebf3_rotary_axis_bearing_retainer,ebf3_rotary_axis_bearing,0.4,0.16,1,metal,keep_ebf3_leaf,route_as_leaf,medium,Already split to a material/function leaf; process routing should use mass bounds plus performance gates rather than further BOM decomposition.,Proceed to KB process route classification with performance gate.
ebf3_rotary_axis_bearing_rolling_element_set,ebf3_rotary_axis_bearing,1.2,0.48,3,metal,keep_ebf3_leaf,route_as_leaf,high,Already split to a material/function leaf; process routing should use mass bounds plus performance gates rather than further BOM decomposition.,Proceed to KB process route classification with performance gate.
ebf3_rotary_axis_table_hub,ebf3_rotary_axis_table,1.4,0.56,3.5,precision_metal,keep_ebf3_leaf,route_as_leaf,medium,"Single-material/function leaf; no further BOM split needed before process routing, but performance gates must remain explicit.",Route to material/process candidate with performance gate for motion tolerance/load/lubrication.
ebf3_rotary_axis_table_mounting_pattern,ebf3_rotary_axis_table,0.6,0.24,1.5,precision_metal,keep_ebf3_leaf,route_as_leaf,medium,"Single-material/function leaf; no further BOM split needed before process routing, but performance gates must remain explicit.",Route to material/process candidate with performance gate for motion tolerance/load/lubrication.
ebf3_rotary_axis_table_plate,ebf3_rotary_axis_table,3,1.2,7.5,precision_metal,expand_but_flag,route_as_leaf,medium,"Single-material/function leaf; no further BOM split needed before process routing, but performance gates must remain explicit.",Route to material/process candidate with performance gate for motion tolerance/load/lubrication; stiffness/tolerance/interface fit.
ebf3_rotary_encoder_read_head,ebf3_rotary_encoder,0.22,0.088,0.55,electronic,expand_but_flag,import_as_leaf,medium,Electronic/control item has no trusted lunar electronics process route; direct import is more honest than pseudo-decomposition.,Count as Earth import in conservative simulation.
ebf3_rotary_encoder_scale_ring,ebf3_rotary_encoder,0.18,0.072,0.45,glass,expand_but_flag,route_as_leaf,medium,"Single-material/function leaf; no further BOM split needed before process routing, but performance gates must remain explicit.",Route to material/process candidate with performance gate for motion tolerance/load/lubrication.
ebf3_rotary_worm_shaft,ebf3_four_axis_positioning_system,1.5,0.6,3.75,metal,expand_but_flag,defer_split_import_fallback,medium,"Precision mechanical part may be locally manufacturable eventually, but low mass or hidden tolerances make direct import acceptable for first sim.",Import for conservative first run; split into races/gears/shafts/lube only if sensitivity demands.
ebf3_rotary_worm_wheel,ebf3_four_axis_positioning_system,2,0.8,5,metal,expand_but_flag,defer_split_import_fallback,medium,"Precision mechanical part may be locally manufacturable eventually, but low mass or hidden tolerances make direct import acceptable for first sim.",Import for conservative first run; split into races/gears/shafts/lube only if sensitivity demands.
ebf3_safety_logic_board,ebf3_safety_blocking_logic,0.55,0.22,1.375,electronic,keep_ebf3_leaf,import_as_leaf,high,Complex electronic/optical/electron-gun item with low-confidence local capability; splitting now would be a large research task for limited first-sim value.,Count as Earth import in first simulation; split only if this import mass dominates the result.
ebf3_safety_relay_or_interlock_set,ebf3_safety_blocking_logic,0.45,0.225,0.9,electronic,keep_ebf3_leaf,import_as_leaf,medium,Electronic/control item has no trusted lunar electronics process route; direct import is more honest than pseudo-decomposition.,Count as Earth import in conservative simulation.
ebf3_sectioned_hv_step_up_transformer,ebf3_hv_section_module_set,10,3.3,30,composite,expand_but_flag,split_implemented_parent,high,"Child BOM implemented at function-level for core, windings, insulation, leads, support, and oil interface marker. Exact HV design remains unresolved.",Route its child leaves in the post-split process route queue; expect several import-or-flag outcomes.
ebf3_sensor_interface_board,ebf3_sensor_interface_module,0.35,0.14,0.875,electronic,keep_ebf3_leaf,import_as_leaf,medium,Complex electronic/optical/electron-gun item with low-confidence local capability; splitting now would be a large research task for limited first-sim value.,Count as Earth import in first simulation; split only if this import mass dominates the result.
ebf3_sensor_interface_connector_set,ebf3_sensor_interface_module,0.1,0.033,0.3,electronic,expand_but_flag,import_as_leaf,medium,"Connector/terminal item is low-mass, mixed-material, and rating-sensitive; direct import avoids invented contact/body/dielectric manufacturing.",Count as Earth import for first run; split only for a later connector-specific study.
ebf3_sensor_interface_shield,ebf3_sensor_interface_module,0.05,0.02,0.125,metal,keep_ebf3_leaf,route_as_leaf,medium,Simple material/function leaf; decomposition would add process detail but not change first-order import mass.,Route directly to KB material/process candidate.
ebf3_sensor_signal_conditioning_front_end,ebf3_sensor_interface_module,0.2,0.08,0.5,electronic,keep_ebf3_leaf,import_as_leaf,medium,Complex electronic/optical/electron-gun item with low-confidence local capability; splitting now would be a large research task for limited first-sim value.,Count as Earth import in first simulation; split only if this import mass dominates the result.
ebf3_spatter_shield_mounting_tab_set,ebf3_spatter_shielding,0.15,0.075,0.3,metal,keep_ebf3_leaf,route_as_leaf,medium,Simple material/function leaf; decomposition would add process detail but not change first-order import mass.,Route directly to KB material/process candidate.
ebf3_spatter_shield_retainer_set,ebf3_spatter_shielding,0.25,0.125,0.5,metal,keep_ebf3_leaf,route_as_leaf,medium,Simple material/function leaf; decomposition would add process detail but not change first-order import mass.,Route directly to KB material/process candidate.
ebf3_spool_brake_adjuster_knob,ebf3_spool_brake_adjuster,0.07,0.035,0.14,metal,keep_ebf3_leaf,route_as_leaf,medium,Simple material/function leaf; decomposition would add process detail but not change first-order import mass.,Route directly to KB material/process candidate.
ebf3_spool_brake_washer,ebf3_wire_feeder,0.08,0.04,0.16,metal,expand_but_flag,route_as_leaf,medium,Simple material/function leaf; decomposition would add process detail but not change first-order import mass.,Route directly to KB material/process candidate.
ebf3_spool_hub,ebf3_wire_feeder,0.6,0.3,1.2,metal,keep_ebf3_leaf,route_as_leaf,medium,Simple material/function leaf; decomposition would add process detail but not change first-order import mass.,Route directly to KB material/process candidate.
ebf3_spool_retaining_ring,ebf3_wire_feeder,0.03,0.015,0.06,metal,keep_ebf3_leaf,route_as_leaf,medium,Simple material/function leaf; decomposition would add process detail but not change first-order import mass.,Route directly to KB material/process candidate.
ebf3_spool_support_shaft,ebf3_wire_feeder,0.5,0.25,1,metal,expand_but_flag,route_as_leaf,medium,"Single-material/function leaf; no further BOM split needed before process routing, but performance gates must remain explicit.",Route to material/process candidate with performance gate for stiffness/tolerance/interface fit.
ebf3_substrate_clamp_insulating_pad_set,ebf3_substrate_clamp,0.2,0.1,0.4,ceramic,keep_ebf3_leaf,route_as_leaf,medium,"Single-material/function leaf; no further BOM split needed before process routing, but performance gates must remain explicit.",Route to material/process candidate with performance gate for stiffness/tolerance/interface fit.
ebf3_substrate_clamp_jaw_set,ebf3_substrate_clamp,0.55,0.275,1.1,metal,keep_ebf3_leaf,route_as_leaf,medium,"Single-material/function leaf; no further BOM split needed before process routing, but performance gates must remain explicit.",Route to material/process candidate with performance gate for stiffness/tolerance/interface fit.
ebf3_tank_side_bushing_cable_socket_interface,ebf3_tank_side_hv_output_bushing,0.2,0.066,0.6,composite,keep_ebf3_leaf,import_as_leaf,medium,"Connector/terminal item is low-mass, mixed-material, and rating-sensitive; direct import avoids invented contact/body/dielectric manufacturing.",Count as Earth import for first run; split only for a later connector-specific study.
ebf3_tank_side_bushing_central_conductor,ebf3_tank_side_hv_output_bushing,0.25,0.0825,0.75,metal,keep_ebf3_leaf,route_as_leaf,medium,Already split to a material/function leaf; process routing should use mass bounds plus performance gates rather than further BOM decomposition.,Proceed to KB process route classification with performance gate.
ebf3_tank_side_bushing_field_grading_shield,ebf3_tank_side_hv_output_bushing,0.12,0.0396,0.36,conductive_metal,keep_ebf3_leaf,route_as_leaf,medium,Already split to a material/function leaf; process routing should use mass bounds plus performance gates rather than further BOM decomposition.,Proceed to KB process route classification with performance gate.
ebf3_tank_side_bushing_insulator_body,ebf3_tank_side_hv_output_bushing,0.75,0.2475,2.25,ceramic,keep_ebf3_leaf,route_as_leaf,medium,Already split to a material/function leaf; process routing should use mass bounds plus performance gates rather than further BOM decomposition.,Proceed to KB process route classification with performance gate.
ebf3_tank_side_bushing_mounting_flange,ebf3_tank_side_hv_output_bushing,0.3,0.099,0.9,metal,keep_ebf3_leaf,route_as_leaf,medium,Already split to a material/function leaf; process routing should use mass bounds plus performance gates rather than further BOM decomposition.,Proceed to KB process route classification with performance gate.
ebf3_thermal_imager_housing,ebf3_thermal_imaging_monitoring_system,0.2,0.1,0.4,metal,expand_but_flag,route_as_leaf,medium,"Single-material/function leaf; no further BOM split needed before process routing, but performance gates must remain explicit.",Route to material/process candidate with performance gate for thermal load/temperature rise.
ebf3_thermal_imager_lens_assembly,ebf3_thermal_imaging_monitoring_system,0.25,0.0825,0.75,glass,keep_ebf3_leaf,import_as_leaf,medium,Complex electronic/optical/electron-gun item with low-confidence local capability; splitting now would be a large research task for limited first-sim value.,Count as Earth import in first simulation; split only if this import mass dominates the result.
ebf3_thermal_imager_processing_board,ebf3_thermal_imaging_monitoring_system,0.2,0.08,0.5,electronic,keep_ebf3_leaf,import_as_leaf,medium,Complex electronic/optical/electron-gun item with low-confidence local capability; splitting now would be a large research task for limited first-sim value.,Count as Earth import in first simulation; split only if this import mass dominates the result.
ebf3_thermal_imager_sensor_module,ebf3_thermal_imaging_monitoring_system,0.35,0.14,0.875,electronic,keep_ebf3_leaf,import_as_leaf,medium,Complex electronic/optical/electron-gun item with low-confidence local capability; splitting now would be a large research task for limited first-sim value.,Count as Earth import in first simulation; split only if this import mass dominates the result.
ebf3_thermal_isolation_standoff_body_set,ebf3_thermal_isolation_standoffs,0.3,0.15,0.6,insulator,keep_ebf3_leaf,route_as_leaf,medium,"Single-material/function leaf; no further BOM split needed before process routing, but performance gates must remain explicit.",Route to material/process candidate with performance gate for thermal load/temperature rise.
ebf3_thermal_isolation_standoff_fastener_interface_set,ebf3_thermal_isolation_standoffs,0.04,0.02,0.08,metal,keep_ebf3_leaf,route_as_leaf,medium,"Single-material/function leaf; no further BOM split needed before process routing, but performance gates must remain explicit.",Route to material/process candidate with performance gate for thermal load/temperature rise.
ebf3_thermal_isolation_standoff_washer_set,ebf3_thermal_isolation_standoffs,0.06,0.03,0.12,insulator,keep_ebf3_leaf,route_as_leaf,medium,"Single-material/function leaf; no further BOM split needed before process routing, but performance gates must remain explicit.",Route to material/process candidate with performance gate for thermal load/temperature rise.
ebf3_timebase_oscillator_module,ebf3_data_logger_timebase,0.1,0.04,0.25,electronic,keep_ebf3_leaf,import_as_leaf,medium,Complex electronic/optical/electron-gun item with low-confidence local capability; splitting now would be a large research task for limited first-sim value.,Count as Earth import in first simulation; split only if this import mass dominates the result.
ebf3_transformer_insulation_barrier_set,ebf3_transformer_insulation_spacers,0.6,0.24,1.5,insulator,keep_ebf3_leaf,route_as_leaf,medium,Simple material/function leaf; decomposition would add process detail but not change first-order import mass.,Route directly to KB material/process candidate.
ebf3_transformer_spacer_post_set,ebf3_transformer_insulation_spacers,0.4,0.16,1,insulator,keep_ebf3_leaf,route_as_leaf,medium,Simple material/function leaf; decomposition would add process detail but not change first-order import mass.,Route directly to KB material/process candidate.
ebf3_visible_camera_housing,ebf3_visible_camera,0.3,0.15,0.6,metal,keep_ebf3_leaf,route_as_leaf,medium,Simple material/function leaf; decomposition would add process detail but not change first-order import mass.,Route directly to KB material/process candidate.
ebf3_visible_camera_lens_assembly,ebf3_visible_camera,0.25,0.0825,0.75,glass,keep_ebf3_leaf,import_as_leaf,medium,Complex electronic/optical/electron-gun item with low-confidence local capability; splitting now would be a large research task for limited first-sim value.,Count as Earth import in first simulation; split only if this import mass dominates the result.
ebf3_visible_camera_sensor_module,ebf3_visible_camera,0.3,0.12,0.75,electronic,keep_ebf3_leaf,import_as_leaf,medium,Complex electronic/optical/electron-gun item with low-confidence local capability; splitting now would be a large research task for limited first-sim value.,Count as Earth import in first simulation; split only if this import mass dominates the result.
ebf3_wire_feed_control_board,ebf3_wire_feed_control_module,0.45,0.18,1.125,electronic,keep_ebf3_leaf,import_as_leaf,medium,Electronic/control item has no trusted lunar electronics process route; direct import is more honest than pseudo-decomposition.,Count as Earth import in conservative simulation.
ebf3_wire_feed_control_connector_set,ebf3_wire_feed_control_module,0.15,0.0495,0.45,electronic,expand_but_flag,import_as_leaf,medium,"Connector/terminal item is low-mass, mixed-material, and rating-sensitive; direct import avoids invented contact/body/dielectric manufacturing.",Count as Earth import for first run; split only for a later connector-specific study.
ebf3_wire_feed_control_shield,ebf3_wire_feed_control_module,0.1,0.05,0.2,metal,keep_ebf3_leaf,route_as_leaf,medium,Simple material/function leaf; decomposition would add process detail but not change first-order import mass.,Route directly to KB material/process candidate.
ebf3_wire_feed_drive_roll_body,ebf3_wire_feed_drive_roll,0.22,0.11,0.44,metal,keep_ebf3_leaf,route_as_leaf,medium,Simple material/function leaf; decomposition would add process detail but not change first-order import mass.,Route directly to KB material/process candidate.
ebf3_wire_feed_drive_roll_groove_profile,ebf3_wire_feed_drive_roll,0.05,0.025,0.1,metal,keep_ebf3_leaf,route_as_leaf,medium,Simple material/function leaf; decomposition would add process detail but not change first-order import mass.,Route directly to KB material/process candidate.
ebf3_wire_feed_encoder_sensor_body,ebf3_wire_feed_encoder_sensor,0.14,0.056,0.35,electronic,expand_but_flag,import_as_leaf,medium,Electronic/control item has no trusted lunar electronics process route; direct import is more honest than pseudo-decomposition.,Count as Earth import in conservative simulation.
ebf3_wire_feed_encoder_target,ebf3_wire_feed_encoder_sensor,0.08,0.032,0.2,metal,keep_ebf3_leaf,route_as_leaf,medium,"Single-material/function leaf; no further BOM split needed before process routing, but performance gates must remain explicit.",Route to material/process candidate with performance gate for motion tolerance/load/lubrication.
ebf3_wire_feed_gearbox,ebf3_wire_feed_gearmotor,0.7,0.35,1.4,metal,expand_but_flag,defer_split_import_fallback,medium,"Small precision gearbox hides gears, shafts, bearings, seals, and lubricant; import is acceptable for first sim unless it dominates.",Use Earth import fallback first; split only if gearbox sensitivity matters.
ebf3_wire_feed_idler_arm,ebf3_wire_feed_pressure_arm,0.4,0.2,0.8,metal,keep_ebf3_leaf,route_as_leaf,medium,Simple material/function leaf; decomposition would add process detail but not change first-order import mass.,Route directly to KB material/process candidate.
ebf3_wire_feed_motor_body,ebf3_wire_feed_gearmotor,0.95,0.38,2.375,electronic,expand_but_flag,import_as_leaf,high,Complex electronic/optical/electron-gun item with low-confidence local capability; splitting now would be a large research task for limited first-sim value.,Count as Earth import in first simulation; split only if this import mass dominates the result.
ebf3_wire_feed_motor_clamp_insulator,ebf3_wire_feeder,0.2,0.066,0.6,insulator,keep_ebf3_leaf,route_as_leaf,medium,"Single-material/function leaf; no further BOM split needed before process routing, but performance gates must remain explicit.",Route to material/process candidate with performance gate for voltage/current/dielectric rating; motion tolerance/load/lubrication; stiffness/tolerance/interface fit.
ebf3_wire_feed_motor_driver_stage,ebf3_wire_feed_control_module,0.3,0.12,0.75,electronic,keep_ebf3_leaf,import_as_leaf,medium,Complex electronic/optical/electron-gun item with low-confidence local capability; splitting now would be a large research task for limited first-sim value.,Count as Earth import in first simulation; split only if this import mass dominates the result.
ebf3_wire_feed_motor_housing,ebf3_wire_feed_gearmotor,0.2,0.08,0.5,metal,keep_ebf3_leaf,route_as_leaf,medium,"Single-material/function leaf; no further BOM split needed before process routing, but performance gates must remain explicit.",Route to material/process candidate with performance gate for motion tolerance/load/lubrication.
ebf3_wire_feed_motor_mount_clamp_alignment_pin_set,ebf3_wire_feed_motor_mount_clamp,0.04,0.016,0.1,metal,keep_ebf3_leaf,route_as_leaf,medium,"Single-material/function leaf; no further BOM split needed before process routing, but performance gates must remain explicit.",Route to material/process candidate with performance gate for motion tolerance/load/lubrication; stiffness/tolerance/interface fit.
ebf3_wire_feed_motor_mount_clamp_fastener_set,ebf3_wire_feed_motor_mount_clamp,0.08,0.032,0.2,metal,keep_ebf3_leaf,route_as_leaf,medium,"Single-material/function leaf; no further BOM split needed before process routing, but performance gates must remain explicit.",Route to material/process candidate with performance gate for motion tolerance/load/lubrication; stiffness/tolerance/interface fit.
ebf3_wire_feed_motor_mount_clamp_half_set,ebf3_wire_feed_motor_mount_clamp,0.28,0.112,0.7,metal,keep_ebf3_leaf,route_as_leaf,medium,"Single-material/function leaf; no further BOM split needed before process routing, but performance gates must remain explicit.",Route to material/process candidate with performance gate for motion tolerance/load/lubrication; stiffness/tolerance/interface fit.
ebf3_wire_feed_pressure_arm_pivot_pin,ebf3_wire_feed_pressure_arm,0.04,0.02,0.08,metal,keep_ebf3_leaf,route_as_leaf,medium,Simple material/function leaf; decomposition would add process detail but not change first-order import mass.,Route directly to KB material/process candidate.
ebf3_wire_feed_pressure_roll,ebf3_wire_feed_pressure_arm,0.25,0.125,0.5,metal,keep_ebf3_leaf,route_as_leaf,medium,Simple material/function leaf; decomposition would add process detail but not change first-order import mass.,Route directly to KB material/process candidate.
ebf3_wire_feed_roll_bearing_set,ebf3_drive_roll_carrier,0.2,0.08,0.5,metal,expand_but_flag,defer_split_import_fallback,medium,"Precision mechanical part may be locally manufacturable eventually, but low mass or hidden tolerances make direct import acceptable for first sim.",Import for conservative first run; split into races/gears/shafts/lube only if sensitivity demands.
ebf3_wire_feeder_base_mounting_slot_set,ebf3_wire_feeder_base,0.36,0.18,0.72,metal,keep_ebf3_leaf,route_as_leaf,medium,Simple material/function leaf; decomposition would add process detail but not change first-order import mass.,Route directly to KB material/process candidate.
ebf3_wire_feeder_base_plate,ebf3_wire_feeder_base,1.8,0.9,3.6,metal,expand_but_flag,route_as_leaf,medium,"Single-material/function leaf; no further BOM split needed before process routing, but performance gates must remain explicit.",Route to material/process candidate with performance gate for stiffness/tolerance/interface fit.
ebf3_wire_feeder_base_standoff_set,ebf3_wire_feeder_base,0.7,0.35,1.4,metal,keep_ebf3_leaf,route_as_leaf,medium,Simple material/function leaf; decomposition would add process detail but not change first-order import mass.,Route directly to KB material/process candidate.
ebf3_wire_feeder_base_stiffener,ebf3_wire_feeder,0.4,0.2,0.8,metal,keep_ebf3_leaf,route_as_leaf,medium,Simple material/function leaf; decomposition would add process detail but not change first-order import mass.,Route directly to KB material/process candidate.
ebf3_wire_feeder_feedthrough_air_side_connector,ebf3_wire_feeder_feedthrough_connector,0.05,0.0165,0.15,composite,keep_ebf3_leaf,import_as_leaf,medium,"Connector/terminal item is low-mass, mixed-material, and rating-sensitive; direct import avoids invented contact/body/dielectric manufacturing.",Count as Earth import for first run; split only for a later connector-specific study.
ebf3_wire_feeder_feedthrough_flange,ebf3_wire_feeder_feedthrough_connector,0.08,0.0264,0.24,metal,expand_but_flag,route_as_leaf,medium,Already split to a material/function leaf; process routing should use mass bounds plus performance gates rather than further BOM decomposition.,Proceed to KB process route classification with performance gate.
ebf3_wire_feeder_feedthrough_insulator_body,ebf3_wire_feeder_feedthrough_connector,0.18,0.0594,0.54,ceramic,expand_but_flag,route_as_leaf,medium,Already split to a material/function leaf; process routing should use mass bounds plus performance gates rather than further BOM decomposition.,Proceed to KB process route classification with performance gate.
ebf3_wire_feeder_feedthrough_motor_power_pin_set,ebf3_wire_feeder_feedthrough_connector,0.08,0.0264,0.24,conductive_metal,expand_but_flag,route_as_leaf,medium,Already split to a material/function leaf; process routing should use mass bounds plus performance gates rather than further BOM decomposition.,Proceed to KB process route classification with performance gate.
ebf3_wire_feeder_feedthrough_shield_termination_interface,ebf3_wire_feeder_feedthrough_connector,0.03,0.0099,0.09,conductive_metal,keep_ebf3_leaf,route_as_leaf,medium,"Single-material/function leaf; no further BOM split needed before process routing, but performance gates must remain explicit.",Route to material/process candidate with performance gate for voltage/current/dielectric rating; vacuum leak rate/outgassing.
ebf3_wire_feeder_feedthrough_signal_pin_set,ebf3_wire_feeder_feedthrough_connector,0.04,0.0132,0.12,conductive_metal,expand_but_flag,route_as_leaf,medium,Already split to a material/function leaf; process routing should use mass bounds plus performance gates rather than further BOM decomposition.,Proceed to KB process route classification with performance gate.
ebf3_wire_feeder_feedthrough_vacuum_side_connector,ebf3_wire_feeder_feedthrough_connector,0.05,0.0165,0.15,composite,keep_ebf3_leaf,import_as_leaf,medium,"Connector/terminal item is low-mass, mixed-material, and rating-sensitive; direct import avoids invented contact/body/dielectric manufacturing.",Count as Earth import for first run; split only for a later connector-specific study.
ebf3_wire_feeder_gun_bracket_alignment_pin_set,ebf3_wire_feeder_mount_to_gun_bracket,0.2,0.066,0.6,metal,keep_ebf3_leaf,route_as_leaf,medium,"Single-material/function leaf; no further BOM split needed before process routing, but performance gates must remain explicit.",Route to material/process candidate with performance gate for electron-beam geometry/thermal stability; stiffness/tolerance/interface fit.
ebf3_wire_feeder_gun_bracket_body,ebf3_wire_feeder_mount_to_gun_bracket,0.8,0.264,2.4,metal,keep_ebf3_leaf,route_as_leaf,medium,"Single-material/function leaf; no further BOM split needed before process routing, but performance gates must remain explicit.",Route to material/process candidate with performance gate for electron-beam geometry/thermal stability; stiffness/tolerance/interface fit.
ebf3_wire_feeder_gun_bracket_fastener_interface_set,ebf3_wire_feeder_mount_to_gun_bracket,0.2,0.066,0.6,metal,expand_but_flag,route_as_leaf,medium,"Single-material/function leaf; no further BOM split needed before process routing, but performance gates must remain explicit.",Route to material/process candidate with performance gate for electron-beam geometry/thermal stability; stiffness/tolerance/interface fit.
ebf3_wire_inlet_guide,ebf3_wire_feeder,0.15,0.06,0.375,metal,keep_ebf3_leaf,route_as_leaf,medium,"Single-material/function leaf; no further BOM split needed before process routing, but performance gates must remain explicit.",Route to material/process candidate with performance gate for motion tolerance/load/lubrication.
ebf3_wire_outlet_guide_tube,ebf3_wire_feeder,0.25,0.1,0.625,metal,keep_ebf3_leaf,route_as_leaf,medium,"Single-material/function leaf; no further BOM split needed before process routing, but performance gates must remain explicit.",Route to material/process candidate with performance gate for motion tolerance/load/lubrication.
ebf3_wire_spool_core,ebf3_wire_spool,0.35,0.175,0.7,metal,keep_ebf3_leaf,route_as_leaf,medium,Simple material/function leaf; decomposition would add process detail but not change first-order import mass.,Route directly to KB material/process candidate.
ebf3_wire_spool_flange_set,ebf3_wire_spool,0.35,0.175,0.7,metal,keep_ebf3_leaf,route_as_leaf,medium,Simple material/function leaf; decomposition would add process detail but not change first-order import mass.,Route directly to KB material/process candidate.
ebf3_wire_spool_retention_feature_set,ebf3_wire_spool,0.1,0.05,0.2,metal,keep_ebf3_leaf,route_as_leaf,medium,Simple material/function leaf; decomposition would add process detail but not change first-order import mass.,Route directly to KB material/process candidate.
ebf3_x_axis_ball_screw_shaft,ebf3_ball_screw_shafts,1,0.4,2.5,metal,expand_but_flag,route_as_leaf,high,Already split to a material/function leaf; process routing should use mass bounds plus performance gates rather than further BOM decomposition.,Proceed to KB process route classification with performance gate.
ebf3_y_axis_ball_screw_shaft,ebf3_ball_screw_shafts,1,0.4,2.5,metal,expand_but_flag,route_as_leaf,high,Already split to a material/function leaf; process routing should use mass bounds plus performance gates rather than further BOM decomposition.,Proceed to KB process route classification with performance gate.
ebf3_z_axis_ball_screw_shaft,ebf3_ball_screw_shafts,1,0.4,2.5,metal,expand_but_flag,route_as_leaf,high,Already split to a material/function leaf; process routing should use mass bounds plus performance gates rather than further BOM decomposition.,Proceed to KB process route classification with performance gate.
ebf3_z_axis_brake_body,ebf3_z_axis_brake,0.4,0.16,1,electronic,keep_ebf3_leaf,import_as_leaf,medium,Brake body leaf is marked electronic/complex and no same-level route exists; direct import is cleaner than guessing a decomposition.,Count brake body as Earth import for first sim.
ebf3_z_axis_brake_friction_disc,ebf3_z_axis_brake,0.2,0.08,0.5,composite,keep_ebf3_leaf,import_as_leaf,medium,Small composite friction part is specialized and material stack is unclear; importing is cheaper than decomposing for first sim.,Count as Earth import unless brake subsystem dominates sensitivity.
ebf3_z_axis_brake_mount,ebf3_z_axis_brake,0.2,0.08,0.5,metal,keep_ebf3_leaf,route_as_leaf,medium,"Single-material/function leaf; no further BOM split needed before process routing, but performance gates must remain explicit.",Route to material/process candidate with performance gate for motion tolerance/load/lubrication; stiffness/tolerance/interface fit.
ebf3_z_axis_counterbalance_anchor_set,ebf3_z_axis_counterbalance,0.25,0.1,0.625,metal,keep_ebf3_leaf,route_as_leaf,medium,"Single-material/function leaf; no further BOM split needed before process routing, but performance gates must remain explicit.",Route to material/process candidate with performance gate for motion tolerance/load/lubrication.
ebf3_z_axis_counterbalance_force_element,ebf3_z_axis_counterbalance,0.55,0.22,1.375,metal,keep_ebf3_leaf,split_implemented_parent,high,"Child BOM implemented under an explicit metal-spring baseline. This is an architecture assumption, not source-fixed geometry.",Route its child leaves in the post-split process route queue with architecture_assumption flag.
ebf3_z_axis_counterbalance_guide_or_link,ebf3_z_axis_counterbalance,0.2,0.08,0.5,metal,keep_ebf3_leaf,route_as_leaf,medium,"Single-material/function leaf; no further BOM split needed before process routing, but performance gates must remain explicit.",Route to material/process candidate with performance gate for motion tolerance/load/lubrication.
