batch,item_id,parent_ids,disposition,confidence,reason,checked_refs,next_action
1,ebf3_adc_converter_board,ebf3_analog_input_adc_module,keep_ebf3_leaf,high,Trusted EBF3 unreplaced electronics board; no accepted existing replacement and no item recipe. Generic electronics closure would hide ADC architecture and imported semiconductor content.,readiness_csv; item_yaml,Treat as EBF3 import/deferred leaf for current simulation; decompose electronics only if it becomes a top import-mass or capability driver.
1,ebf3_adc_module_connector_set,ebf3_analog_input_adc_module,keep_ebf3_leaf,high,"Replacement register explicitly marks connector_electrical_multi_pin as not enough accuracy because pin count, rating, shielding, or environment affects the EBF3 board/interface role.",readiness_csv; item_yaml; replacement_register,Keep EBF3 connector leaf; do not use generic connector recipe for local closure.
1,ebf3_adc_module_shield,ebf3_analog_input_adc_module,keep_ebf3_leaf,medium,"Simple metal shield is probably locally fabricable, but this EBF3 leaf has no recipe and no reviewed local route. Local expansion would be a new readiness decision, not current evidence.",readiness_csv; item_yaml,Keep EBF3 leaf for now; later classify as local metal shield after material/process review.
1,ebf3_analog_input_protection_front_end,ebf3_analog_input_adc_module,keep_ebf3_leaf,high,Trusted EBF3 unreplaced electronics protection front end; no accepted replacement or recipe. Function depends on circuit/rating details hidden by coarse electronics items.,readiness_csv; item_yaml,Treat as EBF3 import/deferred electronics leaf unless a dedicated electronics decomposition is done.
1,ebf3_anti_wear_guide_holder,ebf3_anti_wear_guide,keep_ebf3_leaf,medium,"Small metal holder is plausibly local, but no recipe or approved replacement exists. Motion/interface tolerances are marked review_required in readiness matrix.",readiness_csv; item_yaml; wire_feeder_audit,Keep EBF3 leaf; later review as local machined holder if guide assembly matters.
1,ebf3_anti_wear_guide_insert,ebf3_anti_wear_guide,keep_ebf3_leaf,medium,Ceramic wear insert has material and surface/wear requirements; no recipe or approved replacement exists. Generic ceramic closure would hide grade and finish assumptions.,readiness_csv; item_yaml; wire_feeder_audit,Keep EBF3 leaf; later review alumina/ceramic route if wear-guide closure matters.
1,ebf3_aux_dc_converter_module_set,ebf3_auxiliary_low_voltage_dc_supply,keep_ebf3_leaf,high,Trusted EBF3 unreplaced DC converter module set; no accepted replacement or recipe. Electronics/power-converter internals would hide semiconductor and magnetic component imports.,readiness_csv; item_yaml,Treat as EBF3 import/deferred electronics leaf for current simulation.
1,ebf3_aux_dc_filter_capacitor_set,ebf3_auxiliary_low_voltage_dc_supply,expand_but_flag,medium,"Existing capacitor_bank_filter has a recipe, but its notes say capacitor elements are currently assumed imported and not modeled separately; voltage/ripple/dielectric requirements remain hidden.",readiness_csv; item_yaml; candidate_item_yaml; recipe_capacitor_bank_filter_v1,May use capacitor_bank_filter only for sensitivity expansion; flag as not EBF3-local-closure evidence.
1,ebf3_axis_home_sensor_body_set,ebf3_axis_home_sensors,keep_ebf3_leaf,high,Trusted EBF3 unreplaced sensor body/electronics set; no accepted replacement or recipe. Home-sensor technology and electronics are unresolved.,readiness_csv; item_yaml,Treat as EBF3 import/deferred sensor leaf unless sensor technology is selected.
1,ebf3_axis_home_sensor_target_set,ebf3_axis_home_sensors,keep_ebf3_leaf,medium,"Simple metal target is likely locally fabricable, but this leaf has no recipe or approved replacement. Sensor target geometry/alignment remains unresolved.",readiness_csv; item_yaml,Keep EBF3 leaf now; later review as local machined target if positioning closure matters.
1,ebf3_axis_limit_switch_actuator_set,ebf3_axis_travel_limit_switches,keep_ebf3_leaf,medium,"Simple metal actuator is likely locally fabricable, but no recipe or approved replacement exists and switch actuation geometry is unresolved.",readiness_csv; item_yaml,Keep EBF3 leaf now; later review as local machined/sheet actuator.
1,ebf3_axis_limit_switch_body_set,ebf3_axis_travel_limit_switches,keep_ebf3_leaf,high,"Trusted EBF3 unreplaced limit-switch body/electronics set; no accepted replacement or recipe. Switch type, contacts, housing, and ratings are hidden.",readiness_csv; item_yaml,Treat as EBF3 import/deferred switch leaf unless decomposed.
1,ebf3_axis_motor_body_set,ebf3_axis_motors,keep_ebf3_leaf,high,"Candidate stepper_motor_precision is a whole motor, while this row is the motor body set inside the EBF3 axis-motor BOM. Using the whole motor here would collapse child structure and risk double counting.",readiness_csv; item_yaml; candidate_item_yaml; recipe_stepper_motor_precision_v0,Keep EBF3 child leaf; classify the parent axis motor separately if whole-motor substitution is considered.
1,ebf3_axis_motor_housing_set,ebf3_axis_motors,keep_ebf3_leaf,high,"Candidate stepper_motor_precision is a whole motor and not a same-level housing replacement. The housing may be local metal work, but current leaf has no reviewed recipe.",readiness_csv; item_yaml; candidate_item_yaml; recipe_stepper_motor_precision_v0,Keep EBF3 housing leaf; later review as local machined/cast housing if motor decomposition is retained.
1,ebf3_axis_motor_mounting_feature_set,ebf3_axis_motors,keep_ebf3_leaf,high,Candidate stepper_motor_precision is a whole motor and not a same-level mounting-feature replacement. Alignment/interface requirements remain unresolved.,readiness_csv; item_yaml; candidate_item_yaml; recipe_stepper_motor_precision_v0,Keep EBF3 mounting leaf; later review as local machined bracket/interface.
1,ebf3_ball_nut_body_set,ebf3_ball_nuts,keep_ebf3_leaf,high,"Candidate ball_screw_assembly is a whole screw/nut assembly, while this row is one child of the EBF3 ball-nut package. Using it here would collapse precision child structure and double count other ball-nut children.",readiness_csv; item_yaml; candidate_item_yaml; recipe_ball_screw_assembly_v2,Keep EBF3 ball-nut child leaf; evaluate whole ball-nut/ball-screw substitution only at parent level.
1,ebf3_ball_nut_recirculation_insert_set,ebf3_ball_nuts,keep_ebf3_leaf,high,"Candidate ball_screw_assembly is a whole assembly, not a same-level recirculation insert. Precision geometry and wear path are hidden.",readiness_csv; item_yaml; candidate_item_yaml; recipe_ball_screw_assembly_v2,Keep EBF3 child leaf; later review precision recirculation insert route.
1,ebf3_ball_nut_rolling_ball_set,ebf3_ball_nuts,keep_ebf3_leaf,high,"Candidate ball_screw_assembly is a whole assembly, not a rolling-ball set. Ball grade, finish, hardness, and preload implications are hidden.",readiness_csv; item_yaml; candidate_item_yaml; recipe_ball_screw_assembly_v2,Keep EBF3 child leaf; later review bearing-ball/precision-ball route.
1,ebf3_ball_nut_wiper_or_seal_set,ebf3_ball_nuts,keep_ebf3_leaf,high,Candidate ball_screw_assembly is a whole assembly and does not expose the polymer wiper/seal material or geometry. Lubrication and dust exclusion behavior are closure-relevant.,readiness_csv; item_yaml; candidate_item_yaml; recipe_ball_screw_assembly_v2,Keep EBF3 seal leaf; later review polymer/elastomer route or import.
1,ebf3_beam_current_return_fastener_interface_set,ebf3_beam_current_return_strap,expand_but_flag,medium,"fastener_kit_medium is a plausible coarse fastener proxy with a recipe, but this EBF3 role is also an electrical contact/current-return interface; contact prep, isolation washers, and return topology are hidden.",readiness_csv; item_yaml; candidate_item_yaml; recipe_fastener_kit_medium_assembly_v0; hv_grounding_return_review,May use fastener_kit_medium only as sensitivity proxy for hardware mass; do not treat it as full current-return interface closure.
2,ebf3_beam_current_return_flexible_conductor,ebf3_beam_current_return_strap,expand_but_flag,medium,"electrical_wire_and_connectors has a recipe and is a plausible mass/process proxy, but this EBF3 leaf is a beam-current flexible conductor with routing, surface, insulation, and termination unresolved.",readiness_csv; item_yaml; candidate_item_yaml; recipe_electrical_wire_and_connectors_v0; hv_grounding_return_review,May use electrical_wire_and_connectors only as sensitivity proxy; do not treat as reliable current-return conductor closure.
2,ebf3_beam_current_return_lug_set,ebf3_beam_current_return_strap,keep_ebf3_leaf,medium,"No same-level existing KB candidate. Lug set is part of the beam-current return interface, so contact geometry, material, surface prep, and fastening remain closure-relevant.",readiness_csv; item_yaml; hv_grounding_return_review,Keep EBF3 leaf; later review as dedicated conductive lug/contact hardware.
2,ebf3_bias_supply_converter_board,ebf3_control_electrode_bias_supply,keep_ebf3_leaf,high,"Trusted EBF3 unreplaced converter board; no accepted replacement or recipe. Circuit topology, semiconductors, magnetics, insulation, and rating are hidden.",readiness_csv; item_yaml,Treat as EBF3 import/deferred electronics leaf unless the bias supply is decomposed.
2,ebf3_bias_supply_hv_output_filter,ebf3_control_electrode_bias_supply,keep_ebf3_leaf,high,"Trusted EBF3 unreplaced HV output filter; no accepted replacement or recipe. Dielectric, creepage, stored energy, and component import assumptions are hidden.",readiness_csv; item_yaml,Treat as EBF3 import/deferred HV electronics leaf unless decomposed.
2,ebf3_bias_supply_terminal_set,ebf3_control_electrode_bias_supply,keep_ebf3_leaf,high,Replacement register marks terminal_block_set as not enough accuracy for this biased/HV-adjacent terminal role. terminal_block_set is also import-encoded and too broad for creepage/voltage closure.,readiness_csv; item_yaml; replacement_register; candidate_item_yaml,Keep EBF3 terminal leaf; do not use terminal_block_set as reliable local or import closure for this role.
2,ebf3_cabin_access_door_hinge_set,ebf3_cabin_access_door,keep_ebf3_leaf,high,"Replacement register marks door_hinge_assembly as not enough accuracy. Vacuum-door load, seal compression, lubricant/material choice, and alignment preload are unresolved.",readiness_csv; item_yaml; replacement_register; candidate_item_yaml; recipe_door_hinge_assembly_v0,Keep EBF3 hinge leaf; later review vacuum-compatible hinge route.
2,ebf3_cabin_access_door_latch_set,ebf3_cabin_access_door,keep_ebf3_leaf,high,"Replacement register marks panel_or_door_assembly as not enough accuracy. Latch topology and seal compression force are specific leaf behavior, not captured by a generic panel/door item.",readiness_csv; item_yaml; replacement_register; candidate_item_yaml; recipe_panel_or_door_assembly_v0,Keep EBF3 latch leaf; later review clamp/latch hardware for vacuum door.
2,ebf3_cabin_access_door_panel,ebf3_cabin_access_door,keep_ebf3_leaf,high,"Replacement register marks panel_or_door_assembly as not enough accuracy for a vacuum cabin boundary. Panel stiffness, sealing interface, shielding role, and geometry remain unresolved.",readiness_csv; item_yaml; replacement_register; candidate_item_yaml; recipe_panel_or_door_assembly_v0,Keep EBF3 panel leaf; evaluate door-level substitution only if the full access-door boundary is reviewed.
2,ebf3_cabin_access_door_vacuum_seal,ebf3_cabin_access_door,expand_but_flag,medium,"vacuum_seal_assembly has a recipe and captures broad seal hardware, but EBF3 seal material, reusable versus metal gasket architecture, geometry, and leak rate are hidden.",readiness_csv; item_yaml; candidate_item_yaml; recipe_vacuum_seal_assembly_v0,May use vacuum_seal_assembly only as sensitivity proxy; do not treat as reliable access-door seal closure.
2,ebf3_cabin_frame_corner_gusset_set,ebf3_cabin_frame,expand_but_flag,medium,"structural_frame_small_v0 has a basic local steel-frame recipe, but this is a corner-gusset leaf with geometry, fastening method, vacuum-compatible finish, and stiffness interface unresolved.",readiness_csv; item_yaml; candidate_item_yaml; recipe_structural_frame_small_v0,May use structural_frame_small_v0 as coarse structural sensitivity proxy; keep flag for cabin-frame geometry and vacuum finish.
2,ebf3_cabin_frame_member_set,ebf3_cabin_frame,expand_but_flag,medium,"structural_frame_small_v0 has a basic local steel-frame recipe, but mass scale, member profile, joint geometry, and vacuum-compatible finish are not same-level resolved for this cabin frame member set.",readiness_csv; item_yaml; candidate_item_yaml; recipe_structural_frame_small_v0,May use structural_frame_small_v0 as coarse frame proxy with scaling; keep flagged.
2,ebf3_cabin_frame_mounting_foot_set,ebf3_cabin_frame,expand_but_flag,medium,"structural_frame_small_v0 has a basic local recipe, but mounting feet need interface geometry, leveling/isolation assumptions, and load path review that the generic frame item does not encode.",readiness_csv; item_yaml; candidate_item_yaml; recipe_structural_frame_small_v0,May use structural_frame_small_v0 as coarse proxy only; keep mounting-interface risk flagged.
2,ebf3_cabin_gun_port_flange_ring,ebf3_cabin_gun_mounting_port,keep_ebf3_leaf,high,"No same-level candidate. This flange ring is a vacuum and fixed-gun interface with seal type, bolt pattern, gun-side flange, and HV/feedthrough details unresolved.",readiness_csv; item_yaml,Keep EBF3 leaf; review as dedicated vacuum/gun-port flange.
2,ebf3_cabin_gun_port_reinforcement_ring,ebf3_cabin_gun_mounting_port,keep_ebf3_leaf,medium,"No same-level candidate. Reinforcement ring is likely local metal work, but load case, geometry, and gun-port interface are unresolved.",readiness_csv; item_yaml,Keep EBF3 leaf; later review as local machined or welded reinforcement ring.
2,ebf3_cabin_lighting_port_frame,ebf3_cabin_lighting_mount_and_port,expand_but_flag,medium,"structural_frame_small_v0 can proxy steel frame fabrication, but this lighting port frame also carries vacuum, optical, wiring, seal, and thermal assumptions not encoded by the generic frame.",readiness_csv; item_yaml; candidate_item_yaml; recipe_structural_frame_small_v0,May use structural_frame_small_v0 only as coarse frame proxy; keep lighting-port closure flagged.
2,ebf3_cabin_lighting_shield_mount,ebf3_cabin_lighting_mount_and_port,keep_ebf3_leaf,medium,"No same-level candidate. Passive metal mount is probably local, but lamp/LED module relation, shield geometry, wiring, and thermal management are unresolved.",readiness_csv; item_yaml,Keep EBF3 leaf; later review as local sheet/machined mount if lighting subsystem matters.
2,ebf3_cabin_positioning_floor_mount_plate,ebf3_cabin_positioning_mount_interface,expand_but_flag,medium,"metal_sheet_or_plate has a local stock recipe, but readiness notes say it is not a same-level replacement. Plate thickness, flatness, datum interface, and positioning loads remain unresolved.",readiness_csv; item_yaml; candidate_item_yaml; recipe_metal_sheet_or_plate_v0,May use metal_sheet_or_plate only for material/process sensitivity; do not treat as full mount-plate closure.
2,ebf3_cabin_positioning_leveling_pad_set,ebf3_cabin_positioning_mount_interface,keep_ebf3_leaf,medium,"No same-level candidate. Leveling pad set is likely local metal hardware, but adjustment mechanism, datum scheme, fasteners, and isolation assumptions are unresolved.",readiness_csv; item_yaml,Keep EBF3 leaf; later review as local leveling/support hardware.
2,ebf3_cabin_sacrificial_liner_retainer_set,ebf3_cabin_sacrificial_liner,keep_ebf3_leaf,medium,"No same-level candidate. Retainers are likely local metal clips, but attachment method, liner interaction, thermal exposure, and vacuum compatibility remain unresolved.",readiness_csv; item_yaml,Keep EBF3 leaf; later review as local retainer/clip hardware.
3,ebf3_cabin_wall_panel_seam_set,ebf3_cabin_wall_panels,keep_ebf3_leaf,high,"Replacement register marks panel_or_door_assembly as wrong functional object. This leaf is the vacuum joining/sealing interface, not a panel body.",readiness_csv; item_yaml; replacement_register; candidate_item_yaml; recipe_panel_or_door_assembly_v0,Keep EBF3 seam leaf; review weld/seal/leak-test route explicitly.
3,ebf3_cabin_wall_panel_set,ebf3_cabin_wall_panels,keep_ebf3_leaf,high,"Replacement register marks panel_or_door_assembly as not enough accuracy for vacuum cabin boundary. Stiffness, thickness, sealing, and leak-test assumptions are hidden.",readiness_csv; item_yaml; replacement_register; candidate_item_yaml; recipe_panel_or_door_assembly_v0,Keep EBF3 wall panel leaf; evaluate cabin-wall substitution only after vacuum boundary review.
3,ebf3_cabin_wall_stiffener_set,ebf3_cabin_wall_panels,keep_ebf3_leaf,medium,"No same-level candidate. Likely local metalwork, but stiffener layout, joining method, vacuum finish, and effect on sealing are unresolved.",readiness_csv; item_yaml,Keep EBF3 leaf; later review as local structural metal subpart if cabin wall closure matters.
3,ebf3_cabin_wire_feeder_port_flange_ring,ebf3_cabin_wire_feeder_mounting_port,keep_ebf3_leaf,high,"No same-level candidate. This is a vacuum port flange with seal type, bolt pattern, feeder interface, and leak-tight geometry unresolved.",readiness_csv; item_yaml,Keep EBF3 flange leaf; review as dedicated vacuum/feedthrough flange.
3,ebf3_cabin_wire_feeder_port_reinforcement_ring,ebf3_cabin_wire_feeder_mounting_port,keep_ebf3_leaf,medium,"No same-level candidate. Likely local metalwork, but port geometry, load path, weld/fastening, and vacuum finish are unresolved.",readiness_csv; item_yaml,Keep EBF3 reinforcement leaf; later review as local machined or welded ring.
3,ebf3_can_bus_connector_set,ebf3_can_bus_interface,keep_ebf3_leaf,high,"Replacement register marks connector_electrical_multi_pin as not enough accuracy. Pin count, rating, shielding, and environment are hidden.",readiness_csv; item_yaml; replacement_register; candidate_item_yaml; recipe_connector_electrical_multi_pin_v0,Keep EBF3 connector leaf; do not use generic connector as reliable closure.
3,ebf3_can_bus_interface_shield,ebf3_can_bus_interface,keep_ebf3_leaf,medium,"No same-level candidate. Simple shield may be local, but material, EMI role, mounting, and clearance assumptions are unresolved.",readiness_csv; item_yaml,Keep EBF3 shield leaf; later review as local sheet/foil shield if controls closure matters.
3,ebf3_can_transceiver_board,ebf3_can_bus_interface,keep_ebf3_leaf,high,"Trusted EBF3 electronics board has no recipe or approved replacement. Generic electronics would hide semiconductor, transceiver, isolation, and rating assumptions.",readiness_csv; item_yaml,Treat as EBF3 import/deferred electronics leaf unless board-level decomposition is done.
3,ebf3_control_computer_io_connector_set,ebf3_control_computer,keep_ebf3_leaf,high,"Replacement register marks connector_electrical_multi_pin as not enough accuracy. Control I/O connector count, rating, shielding, and service environment are hidden.",readiness_csv; item_yaml; replacement_register; candidate_item_yaml; recipe_connector_electrical_multi_pin_v0,Keep EBF3 connector leaf; do not use generic connector as reliable closure.
3,ebf3_control_computer_processor_board,ebf3_control_computer,keep_ebf3_leaf,high,"Trusted EBF3 processor board has no recipe or approved replacement. Local closure would hide CPU, memory, PCB, semiconductor, and assembly import assumptions.",readiness_csv; item_yaml,Treat as EBF3 import/deferred electronics leaf unless control computer is decomposed.
3,ebf3_control_computer_storage_module,ebf3_control_computer,keep_ebf3_leaf,high,Trusted EBF3 storage module has no recipe or approved replacement. Flash/storage semiconductor content and board/interface details are hidden.,readiness_csv; item_yaml,Treat as EBF3 import/deferred electronics leaf unless storage module is decomposed.
3,ebf3_control_software,ebf3_controls,keep_ebf3_leaf,high,"compiled_firmware_binary is import-encoded and replacement register marks it not enough accuracy. Firmware artifact does not capture EBF3 sequencing, interlocks, logging, or control behavior.",readiness_csv; item_yaml; replacement_register; candidate_item_yaml,Keep EBF3 software leaf; model as dedicated software/control artifact if simulation needs behavior.
3,ebf3_controls_cabinet_mounting_rail_set,ebf3_controls_cabinet,keep_ebf3_leaf,medium,"No same-level candidate. Mounting rails are likely local metalwork, but rail profile, hole pattern, finish, and cabinet interface are unresolved.",readiness_csv; item_yaml,Keep EBF3 leaf; later review as local sheet/extruded rail hardware.
3,ebf3_data_logger_board,ebf3_data_logger_timebase,keep_ebf3_leaf,high,"Trusted EBF3 data logger board has no recipe or approved replacement. Electronics, timebase, storage interface, and semiconductor imports are hidden.",readiness_csv; item_yaml,Treat as EBF3 import/deferred electronics leaf unless data logger is decomposed.
3,ebf3_data_logger_connector_set,ebf3_data_logger_timebase,keep_ebf3_leaf,high,"Replacement register marks connector_electrical_multi_pin as not enough accuracy. Connector pin count, rating, shielding, and environment affect this interface.",readiness_csv; item_yaml; replacement_register; candidate_item_yaml; recipe_connector_electrical_multi_pin_v0,Keep EBF3 connector leaf; do not use generic connector as reliable closure.
3,ebf3_data_logger_storage_module,ebf3_data_logger_timebase,keep_ebf3_leaf,high,Trusted EBF3 storage module has no recipe or approved replacement. Storage semiconductor and board/interface assumptions are hidden.,readiness_csv; item_yaml,Treat as EBF3 import/deferred electronics leaf unless decomposed.
3,ebf3_dc_link_busbar_set,ebf3_dc_link_capacitor_bank,expand_but_flag,medium,"busbar_distribution_system_v0 has a recipe, but it is a placeholder distribution network. DC-link current rating, conductor geometry, insulation, and scaling are hidden.",readiness_csv; item_yaml; candidate_item_yaml; recipe_busbar_distribution_system_v0,May use busbar_distribution_system_v0 only as power-bus sensitivity proxy; do not treat as reliable DC-link closure.
3,ebf3_dc_link_capacitor_module_set,ebf3_dc_link_capacitor_bank,expand_but_flag,medium,"capacitor_bank_filter has a recipe, but it assumes imported capacitor elements and hides voltage, ripple current, dielectric, discharge, and terminal requirements.",readiness_csv; item_yaml; candidate_item_yaml; recipe_capacitor_bank_filter_v1,May use capacitor_bank_filter only as sensitivity proxy; keep import/component risk flagged.
4,ebf3_dc_link_discharge_resistor_set,ebf3_dc_link_capacitor_bank,keep_ebf3_leaf,high,"No same-level KB candidate. Treating this as generic electronics would hide discharge rating, thermal behavior, safety timing, and imported resistor content.",readiness_csv; item_yaml,Keep EBF3 leaf; decompose resistor technology/rating only if DC-link safety or import mass becomes important.
4,ebf3_dc_link_mounting_frame,ebf3_dc_link_capacitor_bank,expand_but_flag,medium,"structural_frame_small_v0 has a local placeholder recipe, but it is 12 kg vs 0.7 kg and hides capacitor mounting, insulation, stiffness, and geometry assumptions.",readiness_csv; item_yaml; candidate_item_yaml; recipe_structural_frame_small_v0,Use only as structural-frame sensitivity proxy with EBF3 mass retained; not reliable local closure.
4,ebf3_disconnect_switch_actuator,ebf3_main_disconnect_switch,keep_ebf3_leaf,medium,"No same-level KB candidate. Polymer actuator material, vacuum/outgassing, temperature, ergonomics, and switch interface remain unresolved.",readiness_csv; item_yaml,Keep EBF3 leaf; later choose material and route if disconnect switch closure matters.
4,ebf3_disconnect_switch_contact_set,ebf3_main_disconnect_switch,keep_ebf3_leaf,high,"No same-level KB candidate. Contact alloy, current rating, arcing, wear, and insulation spacing are performance-defining; generic electronics would misstate local capability.",readiness_csv; item_yaml,"Keep EBF3 leaf; review as electrical contact set, not electronics-board proxy."
4,ebf3_drive_roll_carrier_body,ebf3_drive_roll_carrier,keep_ebf3_leaf,high,"No same-level KB candidate. Bearing seat geometry, alignment tolerance, machining finish, and vacuum-compatible finish are unresolved.",readiness_csv; item_yaml,Keep EBF3 leaf; later review as precision machined carrier body.
4,ebf3_drive_roll_carrier_spacer,ebf3_wire_feeder,keep_ebf3_leaf,medium,"No same-level KB candidate. Likely local simple part, but thickness tolerance, alignment role, and material choice are still unresolved.",readiness_csv; item_yaml,Keep EBF3 leaf; later classify as local spacer only after tolerance/material check.
4,ebf3_drive_roll_cover_shell,ebf3_drive_roll_cover,keep_ebf3_leaf,medium,"No same-level KB candidate. Cover shell may be local sheet/metalwork, but geometry, mounting, clearance, and finish route are unresolved.",readiness_csv; item_yaml,Keep EBF3 leaf; review as local cover shell if wire-feeder enclosure closure matters.
4,ebf3_ebf_wire_guide_tip_body,ebf3_ebf_wire_guide_tip,keep_ebf3_leaf,high,"No same-level KB candidate. Wire-guide body affects feed alignment, wear, surface finish, and possible beam-adjacent geometry; local route unresolved.",readiness_csv; item_yaml,Keep EBF3 leaf; review as precision guide-tip body.
4,ebf3_ebf_wire_guide_tip_mounting_feature,ebf3_ebf_wire_guide_tip,keep_ebf3_leaf,medium,"No same-level KB candidate. Small metal feature, but mounting tolerance, guide alignment, and finish assumptions can affect wire path reliability.",readiness_csv; item_yaml,Keep EBF3 leaf; later review with guide-tip geometry.
4,ebf3_ebf_wire_guide_tip_wear_orifice,ebf3_ebf_wire_guide_tip,keep_ebf3_leaf,high,"No same-level KB candidate. Ceramic grade, bore tolerance, surface finish, wear behavior, and dielectric/thermal role are unresolved.",readiness_csv; item_yaml,Keep EBF3 leaf; decompose ceramic wear orifice if guide-tip closure matters.
4,ebf3_emi_filter_capacitor_set,ebf3_emi_filter,expand_but_flag,medium,"capacitor_bank_filter is only a rough proxy and its recipe explicitly imports capacitor elements while hiding voltage, ripple, dielectric, and terminal requirements.",readiness_csv; item_yaml; candidate_item_yaml; recipe_capacitor_bank_filter_v1,Use only as EMI capacitor sensitivity proxy; keep import/component risk flagged.
4,ebf3_emi_filter_choke_set,ebf3_emi_filter,expand_but_flag,medium,"inductor_filter_large is same broad function but placeholder; core material, winding, insulation, current rating, EMI performance, and thermal assumptions are hidden.",readiness_csv; item_yaml; candidate_item_yaml; recipe_inductor_filter_large_v0,Use only as choke/inductor sensitivity proxy; not reliable local closure.
4,ebf3_emi_filter_enclosure,ebf3_emi_filter,expand_but_flag,medium,"Replacement register marks enclosure_electrical_medium not enough accuracy. It is a generic 4 kg enclosure vs 0.3 kg EMI housing and hides EMI, clearance, thermal, and service geometry.",readiness_csv; item_yaml; replacement_register; candidate_item_yaml; recipe_enclosure_electrical_medium_v0,Use only as sheet-metal enclosure proxy with EBF3 mass retained; do not mark local_ok.
4,ebf3_feed_liner_end_ferrule_set,ebf3_feed_liner,keep_ebf3_leaf,medium,"No same-level KB candidate. Ferrule geometry, retention method, material, wear, and replacement policy remain unresolved.",readiness_csv; item_yaml,Keep EBF3 leaf; review with feed-liner tube.
4,ebf3_feed_liner_tube,ebf3_feed_liner,keep_ebf3_leaf,medium,"No same-level KB candidate. Composite/vacuum-ready material, bore, coating, wear, and length are unresolved; wrong classification would hide feed-path capability.",readiness_csv; item_yaml,Keep EBF3 leaf; split material or import decision later.
4,ebf3_fixed_side_screw_angular_contact_bearing_set,ebf3_fixed_side_screw_bearing_blocks,expand_but_flag,medium,"bearing_set_heavy is bearing-family but too coarse: 4 kg heavy bearing vs 0.35 kg angular-contact set, with preload, runout, vacuum lubrication, and load rating hidden.",readiness_csv; item_yaml; candidate_item_yaml; recipe_bearing_set_heavy_v0,Use only as bearing-manufacture sensitivity proxy; not reliable precision-motion closure.
4,ebf3_fixed_side_screw_bearing_block_body_set,ebf3_fixed_side_screw_bearing_blocks,keep_ebf3_leaf,high,"bearing_set_heavy is wrong level/function: this leaf is a bearing block body, not the bearing itself. Bearing seat geometry and alignment tolerances are unresolved.",readiness_csv; item_yaml; candidate_item_yaml; recipe_bearing_set_heavy_v0,Keep EBF3 leaf; review as precision machined bearing block.
4,ebf3_fixed_side_screw_bearing_retainer_set,ebf3_fixed_side_screw_bearing_blocks,keep_ebf3_leaf,high,"bearing_set_heavy is wrong level/function: this leaf is retainer/preload hardware, not a complete bearing set. Fastening and preload method are unresolved.",readiness_csv; item_yaml; candidate_item_yaml; recipe_bearing_set_heavy_v0,Keep EBF3 leaf; review retainer/preload hardware separately.
4,ebf3_floating_side_screw_bearing_block_body_set,ebf3_floating_side_screw_bearing_blocks,keep_ebf3_leaf,high,bearing_set_heavy is wrong level/function: this leaf is a floating-side bearing block body. Seat geometry and axial-float strategy are unresolved.,readiness_csv; item_yaml; candidate_item_yaml; recipe_bearing_set_heavy_v0,Keep EBF3 leaf; review as precision machined floating bearing block.
4,ebf3_floating_side_screw_bearing_retainer_set,ebf3_floating_side_screw_bearing_blocks,keep_ebf3_leaf,high,"bearing_set_heavy is wrong level/function: this leaf is retainer/cap hardware, not the bearing itself. Axial-float allowance and fastener details are unresolved.",readiness_csv; item_yaml; candidate_item_yaml; recipe_bearing_set_heavy_v0,Keep EBF3 leaf; review floating-side retainer hardware separately.
5,ebf3_floating_side_screw_radial_bearing_set,ebf3_floating_side_screw_bearing_blocks,expand_but_flag,medium,"bearing_set_heavy is same broad bearing family, but 4 kg heavy bearing vs 0.3 kg floating-side radial set hides preload/runout, axial-float role, lubrication, and vacuum compatibility.",readiness_csv; item_yaml; candidate_item_yaml; recipe_bearing_set_heavy_v0; bearing_set_heavy_production_v0,Use only as bearing-manufacture sensitivity proxy; do not treat as reliable precision-motion closure.
5,ebf3_full_bridge_dc_busbar_set,ebf3_full_bridge_inverter,expand_but_flag,medium,"busbar_distribution_system_v0 has a recipe, but it is a 12 kg placeholder distribution network and hides inverter DC-link current, conductor geometry, insulation, creepage, and scaling.",readiness_csv; item_yaml; candidate_item_yaml; recipe_busbar_distribution_system_v0,Use only as power-bus sensitivity proxy with EBF3 mass retained; not reliable inverter busbar closure.
5,ebf3_full_bridge_gate_driver_board_set,ebf3_full_bridge_inverter,keep_ebf3_leaf,high,"No same-level KB candidate. Generic electronics would hide gate-driver ICs, isolation, timing, protection behavior, PCB assembly, and semiconductor import content.",readiness_csv; item_yaml,Keep EBF3 board leaf; decompose or import gate-driver electronics only if inverter closure matters.
5,ebf3_full_bridge_heat_sink,ebf3_full_bridge_inverter,expand_but_flag,medium,"Replacement register marks heat_sink_base_machined not enough accuracy. It is same broad heat-sink hardware, but hides thermal resistance, isolation, mounting, cooling path, and mass/scale mismatch.",readiness_csv; item_yaml; replacement_register; candidate_item_yaml; recipe_heat_sink_base_machined_v1,Use only as heat-sink machining sensitivity proxy; do not mark local_ok.
5,ebf3_full_bridge_power_semiconductor_module_set,ebf3_full_bridge_inverter,keep_ebf3_leaf,high,"No same-level KB candidate. Power semiconductor module manufacturing hides die fabrication, packaging, isolation, voltage/current rating, thermal interface, and import mass.",readiness_csv; item_yaml,Keep EBF3 leaf; treat as deferred/import-risk electronics unless module supply chain is decomposed.
5,ebf3_full_bridge_snubber_component_set,ebf3_full_bridge_inverter,keep_ebf3_leaf,high,"No same-level KB candidate. Snubber set hides capacitor/resistor technology, voltage and pulse ratings, layout parasitics, and imported electronics content.",readiness_csv; item_yaml,Keep EBF3 leaf; decompose snubber components only if power-stage closure matters.
5,ebf3_gun_anode,ebf3_fixed_electron_beam_gun,keep_ebf3_leaf,high,"No same-level KB candidate. Electron-gun anode is beam-geometry-defining; material, aperture, surface finish, alignment, and thermal stability are unresolved.",readiness_csv; item_yaml,Keep EBF3 anode leaf; require dedicated electrode readiness before local closure.
5,ebf3_gun_beam_boundary_collector_electrode,ebf3_gun_beam_boundary_pickup,keep_ebf3_leaf,high,"No same-level KB candidate. Collector electrode geometry, heat load, isolation boundary, surface condition, and beam-intercept behavior affect electron-gun safety/control outputs.",readiness_csv; item_yaml,Keep EBF3 electrode leaf; review with beam-boundary pickup design.
5,ebf3_gun_beam_boundary_pickup_insulator,ebf3_gun_beam_boundary_pickup,keep_ebf3_leaf,high,"No same-level KB candidate. Ceramic insulator must satisfy HV isolation, geometry, vacuum/outgassing, surface finish, and feedthrough boundary assumptions.",readiness_csv; item_yaml,Keep EBF3 insulator leaf; assign ceramic/process route only after voltage and geometry are known.
5,ebf3_gun_cathode,ebf3_fixed_electron_beam_gun,keep_ebf3_leaf,high,"No same-level KB candidate. Cathode is the electron emitter; tungsten/LaB6 choice, filament geometry, emission behavior, fabrication route, and lunar material availability are unresolved.",readiness_csv; item_yaml; cathode_variant_review,Keep EBF3 cathode leaf; do not attach local recipe until emitter route is selected.
5,ebf3_gun_cathode_cartridge_base,ebf3_gun_cathode_cartridge,keep_ebf3_leaf,high,"No same-level KB candidate. Cartridge base sets cathode datum and serviceability; material stack, machining, thermal isolation, and alignment geometry remain unresolved.",readiness_csv; item_yaml,Keep EBF3 cartridge-base leaf; review with cathode package geometry.
5,ebf3_gun_cathode_ceramic_standoff_set,ebf3_gun_cathode_cartridge,keep_ebf3_leaf,high,"No same-level KB candidate. Standoffs are HV/high-vacuum ceramic supports; alumina grade, metallization, creep path, surface finish, and alignment are unresolved.",readiness_csv; item_yaml,Keep EBF3 ceramic standoff leaf; classify route after voltage and package geometry are fixed.
5,ebf3_gun_cathode_current_lead_pair,ebf3_gun_cathode_heater_leads,keep_ebf3_leaf,high,"electrical_wire_and_connectors is wrong accuracy for hot cathode leads. It hides refractory conductor, heater current, thermal transition, vacuum insulation, and termination behavior.",readiness_csv; item_yaml; candidate_item_yaml; recipe_electrical_wire_and_connectors_v0; cathode_variant_review,Keep EBF3 current-lead leaf; do not use generic wiring as closure.
5,ebf3_gun_cathode_hot_contact_pair,ebf3_gun_cathode_cartridge,keep_ebf3_leaf,high,"No same-level KB candidate. Hot contacts define heater-current transfer near the emitter; contact material, weld/clamp method, temperature, and serviceability are unresolved.",readiness_csv; item_yaml,Keep EBF3 hot-contact leaf; review with cathode cartridge.
5,ebf3_gun_cathode_lead_termination_set,ebf3_gun_cathode_heater_leads,keep_ebf3_leaf,high,"electrical_wire_and_connectors is not same-level enough for cathode terminations. It hides hot-side joint method, refractory materials, thermal gradient, HV spacing, and vacuum compatibility.",readiness_csv; item_yaml; candidate_item_yaml; recipe_electrical_wire_and_connectors_v0; cathode_variant_review,Keep EBF3 termination leaf; define weld/clamp/feedthrough-side route later.
5,ebf3_gun_cathode_locating_clamp,ebf3_gun_cathode_cartridge,keep_ebf3_leaf,medium,"No same-level KB candidate. Small metal clamp may be local, but datum retention, thermal exposure, fastener details, material, and alignment effect are unresolved.",readiness_csv; item_yaml,Keep EBF3 clamp leaf; later review as precision cathode-retention hardware.
5,ebf3_gun_cathode_radiation_shield_clip_set,ebf3_gun_cathode_radiation_shield,keep_ebf3_leaf,medium,"No same-level KB candidate. Clips are small, but refractory material, high-temperature/vacuum behavior, retention geometry, and beam-adjacent thermal role are unresolved.",readiness_csv; item_yaml,Keep EBF3 shield-clip leaf; review with radiation shield stack.
5,ebf3_gun_cathode_radiation_shield_foil_stack,ebf3_gun_cathode_radiation_shield,keep_ebf3_leaf,high,"No same-level KB candidate. Refractory foil stack hides material form, foil fabrication, spacing, thermal shielding effectiveness, vacuum cleanliness, and lunar material availability.",readiness_csv; item_yaml,Keep EBF3 foil-stack leaf; require dedicated refractory-foil route before local closure.
5,ebf3_gun_cathode_radiation_shield_spacer_set,ebf3_gun_cathode_radiation_shield,keep_ebf3_leaf,medium,"No same-level KB candidate. Spacer material could be metal or ceramic; electrical/thermal isolation, spacing accuracy, vacuum behavior, and shield geometry remain unresolved.",readiness_csv; item_yaml,Keep EBF3 spacer leaf; review material choice with shield design.
5,ebf3_gun_column_body_shell,ebf3_gun_column,keep_ebf3_leaf,high,"No same-level KB candidate. Gun column shell is vacuum/electron-gun structural geometry; alloy, wall design, weldments, machining, alignment, and chamber-boundary role are unresolved.",readiness_csv; item_yaml,Keep EBF3 column-shell leaf; require dedicated vacuum structural route before local closure.
6,ebf3_gun_column_gun_side_mating_flange,ebf3_gun_column,keep_ebf3_leaf,high,"No same-level KB candidate. Flange datum, vacuum gasket interface, bolt pattern, and gun-column alignment affect import mass and local vacuum-structural capability.",readiness_csv; item_yaml,Keep EBF3 flange leaf; review dedicated vacuum flange geometry and fabrication route before substitution.
6,ebf3_gun_column_internal_support_frame,ebf3_gun_column,expand_but_flag,medium,"structural_frame_small_v0 has a local frame recipe, but 12 kg generic welded frame vs 0.75 kg gun internal support hides electrode/lens mounting geometry, stiffness, vacuum finish, and alignment.",readiness_csv; item_yaml; candidate_item_yaml; recipe_structural_frame_small_v0,Use only as structural-frame sensitivity proxy with EBF3 mass retained; not reliable gun-column support closure.
6,ebf3_gun_column_optical_axis_datum_set,ebf3_gun_column,keep_ebf3_leaf,high,"No same-level KB candidate. Optical-axis datum features are precision alignment elements; local_ok would hide tolerance, inspection, thermal stability, and beam-geometry risk.",readiness_csv; item_yaml,Keep EBF3 datum leaf; define precision datum geometry and inspection route separately.
6,ebf3_gun_control_electrode,ebf3_fixed_electron_beam_gun,keep_ebf3_leaf,high,"No same-level KB candidate. Control electrode is beam-current and field-shaping hardware; material, aperture, surface finish, bias contact, and thermal stability are unresolved.",readiness_csv; item_yaml,Keep EBF3 electrode leaf; require dedicated electron-gun electrode readiness before local closure.
6,ebf3_gun_control_electrode_insulator,ebf3_fixed_electron_beam_gun,keep_ebf3_leaf,high,"No same-level KB candidate. Ceramic control-electrode insulator hides dielectric rating, creepage, metallization, vacuum cleanliness, and electrode spacing assumptions.",readiness_csv; item_yaml,Keep EBF3 insulator leaf; review ceramic material and HV/vacuum geometry before substitution.
6,ebf3_gun_deflection_magnetic_yoke,ebf3_gun_two_axis_deflection_coils,keep_ebf3_leaf,high,"No same-level KB candidate. Magnetic yoke material, segmentation, machining, vacuum compatibility, and field-response requirements affect beam steering and local manufacturing energy.",readiness_csv; item_yaml,Keep EBF3 yoke leaf; review magnetic material and fabrication route separately.
6,ebf3_gun_deflection_x_coil_pair,ebf3_gun_two_axis_deflection_coils,keep_ebf3_leaf,high,"No same-level KB candidate. Coil pair hides winding pattern, conductor, insulation, former, leads, vacuum compatibility, inductance, and driver matching.",readiness_csv; item_yaml,Keep EBF3 X-coil leaf; decompose coil stack only if steering closure matters.
6,ebf3_gun_deflection_y_coil_pair,ebf3_gun_two_axis_deflection_coils,keep_ebf3_leaf,high,"No same-level KB candidate. Coil pair hides winding pattern, conductor, insulation, former, leads, vacuum compatibility, inductance, and driver matching.",readiness_csv; item_yaml,Keep EBF3 Y-coil leaf; decompose coil stack only if steering closure matters.
6,ebf3_gun_diagnostic_signal_feedthrough_insert,ebf3_gun_signal_wiring,expand_but_flag,medium,"electrical_feedthrough_vacuum is same broad vacuum-feedthrough family, but it is a 1 kg whole feedthrough and hides pinout, ceramic-to-metal construction, voltage rating, sealing geometry, and signal architecture.",readiness_csv; item_yaml; candidate_item_yaml; recipe_electrical_feedthrough_vacuum_v0,Use only as feedthrough sensitivity proxy with EBF3 mass retained; not reliable diagnostic insert closure.
6,ebf3_gun_dynamic_lens_coil_assembly,ebf3_gun_dynamic_magnetic_lens,keep_ebf3_leaf,high,"lens_assembly_magnifying is optical glass hardware, not a magnetic electron-lens coil. Substitution would erase conductor, insulation, potting, thermal, and vacuum closure.",readiness_csv; item_yaml; candidate_item_yaml; recipe_lens_assembly_magnifying_v0,Keep EBF3 coil assembly; decompose magnetic-lens coil materials and process route separately.
6,ebf3_gun_dynamic_lens_pole_pieces,ebf3_gun_dynamic_magnetic_lens,keep_ebf3_leaf,high,"lens_assembly_magnifying is wrong function: optical lens assembly versus magnetic pole pieces. Local_ok would hide magnetic alloy, gap geometry, machining tolerance, and heat treatment.",readiness_csv; item_yaml; candidate_item_yaml; recipe_lens_assembly_magnifying_v0,Keep EBF3 pole-piece leaf; review magnetic material and precision machining route.
6,ebf3_gun_dynamic_lens_yoke,ebf3_gun_dynamic_magnetic_lens,keep_ebf3_leaf,high,lens_assembly_magnifying is wrong function: optical magnification versus magnetic return path. Substitution would corrupt local magnetic-material capability and manufacturing energy.,readiness_csv; item_yaml; candidate_item_yaml; recipe_lens_assembly_magnifying_v0,"Keep EBF3 yoke leaf; review magnetic yoke material, forming, machining, and heat treatment."
6,ebf3_gun_feeder_adapter_body,ebf3_gun_feeder_adapter,keep_ebf3_leaf,high,"No same-level KB candidate. Adapter body connects feeder output to gun-side wire path; geometry, sealing, fasteners, vacuum material, and interface ownership remain unresolved.",readiness_csv; item_yaml,Keep EBF3 adapter body leaf; review vacuum structural route after feeder/gun interface geometry is fixed.
6,ebf3_gun_feeder_wire_path_alignment_sleeve,ebf3_gun_feeder_adapter,keep_ebf3_leaf,medium,"No same-level KB candidate. Sleeve may be local metalwork, but bore tolerance, thermal exposure, service tolerance, and wire-path alignment can affect feed reliability.",readiness_csv; item_yaml,Keep EBF3 sleeve leaf; later review as precision guide/alignment hardware.
6,ebf3_gun_hv_input_central_conductor,ebf3_gun_hv_input,keep_ebf3_leaf,high,"electrical_wire_and_connectors is wrong level/function for a gun HV input conductor. It hides conductor geometry, creepage clearance, termination, HV rating, and feedthrough coupling.",readiness_csv; item_yaml; candidate_item_yaml; recipe_electrical_wire_and_connectors_v0,Keep EBF3 HV conductor leaf; do not close with ordinary wiring.
6,ebf3_gun_hv_input_flange_housing,ebf3_gun_hv_input,keep_ebf3_leaf,high,"enclosure_electrical_medium is not a same-level HV input flange housing. It hides flange pattern, vacuum boundary, conductor support, dielectric spacing, and gun-column interface.",readiness_csv; item_yaml; candidate_item_yaml; recipe_enclosure_electrical_medium_v0,Keep EBF3 flange housing leaf; review dedicated HV/vacuum housing route.
6,ebf3_gun_hv_input_receiving_terminal,ebf3_gun_hv_input,keep_ebf3_leaf,high,"terminal_block_set is import-encoded but not a suitable same-level substitute for a gun-side HV cable receiving terminal; it hides connector geometry, shield termination, sealing, creepage, and service method.",readiness_csv; item_yaml; candidate_item_yaml,Keep EBF3 receiving-terminal leaf; define HV terminal geometry/material or import route separately.
6,ebf3_gun_hv_insulator_ceramic_body,ebf3_gun_hv_insulator,keep_ebf3_leaf,high,"No same-level KB candidate. Ceramic body closure depends on grade, shape, creepage, dielectric rating, surface finish, and local ceramic process capability.",readiness_csv; item_yaml,Keep EBF3 ceramic-body leaf; review dedicated HV ceramic route before local closure.
6,ebf3_gun_hv_insulator_field_grading_electrode_set,ebf3_gun_hv_insulator,keep_ebf3_leaf,high,"No same-level KB candidate. Field-grading electrodes control corona/electric-field behavior; geometry, potential connection, material, and surface finish are unresolved.",readiness_csv; item_yaml,Keep EBF3 field-grading electrode leaf; review HV field-control geometry and fabrication route.
6,ebf3_gun_hv_insulator_metallized_end_interface_set,ebf3_gun_hv_insulator,keep_ebf3_leaf,high,"No same-level KB candidate. Metal-ceramic interface hides metallization stack, braze alloy, compatible metals, vacuum cleanliness, and process capability.",readiness_csv; item_yaml,Keep EBF3 metallized-interface leaf; review ceramic-to-metal joining route separately.
7,ebf3_gun_hv_insulator_mounting_collar_set,ebf3_gun_hv_insulator,keep_ebf3_leaf,high,No same-level KB candidate. Collar/clamp geometry sits in HV insulator mounting; wrong local closure would hide dielectric clearance and understate import/local capability risk.,readiness_csv; item_yaml,"Keep EBF3 collar leaf; review ceramic/metal role, creepage, pressure, and fabrication route before substitution."
7,ebf3_gun_local_diagnostic_signal_lead_set,ebf3_gun_signal_wiring,expand_but_flag,medium,"electrical_wire_and_connectors is same broad wiring level with a recipe, but hides in-gun shielding, insulation, HV/vacuum adjacency, and termination; wrong closure skews import mass and wiring energy.",readiness_csv; item_yaml; candidate_item_yaml; recipe_electrical_wire_and_connectors_v0,Use only as wiring sensitivity proxy with EBF3 mass retained; not reliable gun diagnostic lead closure.
7,ebf3_gun_main_lens_coil_assembly,ebf3_gun_main_magnetic_lens,keep_ebf3_leaf,high,"lens_assembly_magnifying is an optical lens assembly, not a magnetic electron-lens coil. Substitution would erase conductor/insulation/thermal closure and misstate local capability.",readiness_csv; item_yaml; candidate_item_yaml; recipe_lens_assembly_magnifying_v0,"Keep EBF3 coil assembly; decompose conductor, insulation, potting, leads, and thermal path if needed."
7,ebf3_gun_main_lens_pole_pieces,ebf3_gun_main_magnetic_lens,keep_ebf3_leaf,high,"lens_assembly_magnifying is optical glass hardware, not magnetic pole pieces. Using it would hide alloy, gap geometry, machining, heat treatment, and energy assumptions.",readiness_csv; item_yaml; candidate_item_yaml; recipe_lens_assembly_magnifying_v0,Keep EBF3 pole-piece leaf; review magnetic alloy and precision machining route separately.
7,ebf3_gun_main_lens_yoke,ebf3_gun_main_magnetic_lens,keep_ebf3_leaf,high,lens_assembly_magnifying is wrong function: optical magnification versus magnetic return path. Substitution would corrupt local magnetic-material capability and process energy.,readiness_csv; item_yaml; candidate_item_yaml; recipe_lens_assembly_magnifying_v0,"Keep EBF3 yoke leaf; review magnetic yoke material, forming, machining, and heat treatment."
7,ebf3_gun_screen_electrode,ebf3_fixed_electron_beam_gun,keep_ebf3_leaf,high,"No same-level KB candidate. Screen electrode is electron-gun field-shaping refractory metal; wrong closure would hide aperture, thermal stability, and import-material risk.",readiness_csv; item_yaml,Keep EBF3 electrode leaf; decompose refractory material and precision electrode fabrication only if gun-core closure matters.
7,ebf3_gun_secondary_electron_ring_collector,ebf3_gun_secondary_electron_pickup,keep_ebf3_leaf,high,"No same-level KB candidate. Ring collector geometry, biasing, placement, and conductive surface affect diagnostics; wrong closure would overstate local electronics/gun capability.",readiness_csv; item_yaml,"Keep EBF3 collector leaf; review collector geometry, material, bias isolation, and signal interface."
7,ebf3_gun_secondary_pickup_insulator,ebf3_gun_secondary_electron_pickup,keep_ebf3_leaf,high,"No same-level KB candidate. Pickup insulator needs ceramic shape, bias clearance, and feedthrough boundary; false local closure would hide dielectric risk and energy route.",readiness_csv; item_yaml,Keep EBF3 insulator leaf; review ceramic material and dielectric fabrication route.
7,ebf3_gun_side_oil_tank,ebf3_fixed_electron_beam_gun,keep_ebf3_leaf,high,"No same-level KB candidate and item is an unresolved boundary marker. Decomposing or substituting now would invent oil volume, shell, seals, and import mass.",readiness_csv; item_yaml,Keep EBF3 oil-tank leaf until gun-side oil-volume evidence supports shell/oil/seal decomposition.
7,ebf3_gun_signal_shield_termination_interface,ebf3_gun_signal_wiring,keep_ebf3_leaf,high,"No same-level KB candidate. This is a shield termination boundary, not generic wire; wrong closure would hide grounding/isolation and pollute local wiring/import assumptions.",readiness_csv; item_yaml,"Keep EBF3 interface leaf; review grounding policy, connector geometry, material, and isolation separately."
7,ebf3_gun_trajectory_corrector_coil_set,ebf3_gun_trajectory_corrector,keep_ebf3_leaf,high,"No same-level KB candidate. Corrector coils control beam trajectory; generic electronics or coil closure would hide winding, insulation, thermal, and alignment risks.",readiness_csv; item_yaml,"Keep EBF3 coil-set leaf; decompose conductor, insulation, and magnetic geometry if trajectory corrector closure matters."
7,ebf3_gun_trajectory_corrector_insulator_set,ebf3_gun_trajectory_corrector,keep_ebf3_leaf,high,No same-level KB candidate. Insulator set carries HV/electron-gun clearance assumptions; false local closure would understate import/dielectric capability risk.,readiness_csv; item_yaml,Keep EBF3 insulator leaf; review ceramic or other dielectric route with creepage/clearance.
7,ebf3_gun_trajectory_corrector_mount,ebf3_gun_trajectory_corrector,keep_ebf3_leaf,medium,"No same-level KB candidate. Small mount may be local metalwork, but beam alignment, stiffness, insulation option, and finish are unresolved; local_ok would hide tolerance risk.",readiness_csv; item_yaml,Keep EBF3 mount leaf; later review as precision mount if corrector geometry is closed.
7,ebf3_gun_trajectory_corrector_pole_piece_set,ebf3_gun_trajectory_corrector,keep_ebf3_leaf,high,"No same-level KB candidate. Pole pieces are magnetic beam-control geometry; wrong closure would hide alloy, machining, heat treatment, and distort local manufacturing energy.",readiness_csv; item_yaml,Keep EBF3 pole-piece leaf; review magnetic material and precision fabrication route.
7,ebf3_heater_supply_current_regulator_board,ebf3_cathode_heater_supply,keep_ebf3_leaf,high,"No same-level KB candidate. Electronics board hides semiconductors, PCB, control rating, and test burden; local_ok would overstate lunar electronics capability and undercount imports.",readiness_csv; item_yaml,Keep EBF3 board leaf; treat as deferred/import-risk electronics unless board is decomposed.
7,ebf3_heater_supply_enclosure,ebf3_cathode_heater_supply,expand_but_flag,medium,"enclosure_electrical_medium is same broad enclosure function with recipe, but register says not enough accuracy and mass/thermal/clearance assumptions are hidden.",readiness_csv; item_yaml; replacement_register; candidate_item_yaml; recipe_enclosure_electrical_medium_v0,Use only as enclosure sensitivity proxy with EBF3 mass retained; do not mark reliable local closure.
7,ebf3_heater_supply_heat_sink,ebf3_cathode_heater_supply,expand_but_flag,medium,"heat_sink_base_machined is same broad heat-sink function with a recipe, but register flags thermal path, mounting, isolation, cooling, and mass mismatch risk.",readiness_csv; item_yaml; replacement_register; candidate_item_yaml; recipe_heat_sink_base_machined_v1,Use only as heat-sink process proxy; review thermal resistance and mounting before local_ok.
7,ebf3_heater_supply_power_stage,ebf3_cathode_heater_supply,keep_ebf3_leaf,high,"No same-level KB candidate. Power stage hides semiconductors, magnetics, switching devices, isolation, and test; false local closure would undercount Earth imports and energy.",readiness_csv; item_yaml,Keep EBF3 power-stage leaf; decompose power electronics or model as import-risk later.
7,ebf3_hv_bleeder_chain_insulating_support,ebf3_hv_discharge_bleeder_resistor_chain,keep_ebf3_leaf,high,"No same-level KB candidate. HV insulating support requires creepage, geometry, material, and oil/HV compatibility; wrong closure pollutes local HV capability.",readiness_csv; item_yaml,Keep EBF3 support leaf; review dielectric support material and fabrication route.
7,ebf3_hv_bleeder_chain_terminal_set,ebf3_hv_discharge_bleeder_resistor_chain,keep_ebf3_leaf,high,"terminal_block_set is import-encoded but register marks wrong functional object: HV bleeder terminals need creepage, field shape, and oil/HV compatibility. Import_encoded would import the wrong thing.",readiness_csv; item_yaml; replacement_register; candidate_item_yaml,Keep EBF3 terminal leaf; define HV terminal geometry/material or import route separately.
8,ebf3_hv_bleeder_resistor_element_stack,ebf3_hv_discharge_bleeder_resistor_chain,keep_ebf3_leaf,high,"No same-level KB candidate. HV resistor rating, dielectric spacing, heat dissipation, and imported resistor technology would directly affect import mass and local capability.",readiness_csv; item_yaml,Keep EBF3 leaf; decompose resistor element/rating only if HV discharge chain closure matters.
8,ebf3_hv_cable_braided_shield,ebf3_hv_cable_to_gun,keep_ebf3_leaf,high,"assembled_cable_harness is a whole harness, not an HV cable shield layer. Shield geometry and termination affect HV safety and EMI closure.",readiness_csv; item_yaml; replacement_register; candidate_item_yaml; recipe_assembled_cable_harness_v0,"Keep EBF3 shield leaf; review HV cable stack as layered cable, not generic harness."
8,ebf3_hv_cable_central_conductor,ebf3_hv_cable_to_gun,keep_ebf3_leaf,high,"assembled_cable_harness is wrong level. Central conductor cross-section, stranding, material, and termination drive HV current path and import/local mass.",readiness_csv; item_yaml; replacement_register; candidate_item_yaml; recipe_assembled_cable_harness_v0,Keep EBF3 conductor leaf; later choose conductor material and cable geometry.
8,ebf3_hv_cable_dielectric_insulation,ebf3_hv_cable_to_gun,keep_ebf3_leaf,high,"assembled_cable_harness hides the critical dielectric layer. Voltage rating, thickness, oil/vacuum compatibility, and polymer availability decide closure.",readiness_csv; item_yaml; replacement_register; candidate_item_yaml; recipe_assembled_cable_harness_v0,Keep EBF3 dielectric leaf; do not use generic harness as insulation closure.
8,ebf3_hv_cable_outer_jacket,ebf3_hv_cable_to_gun,keep_ebf3_leaf,high,"assembled_cable_harness is a whole cable object and hides jacket material, environment rating, outgassing, and HV cable service assumptions.",readiness_csv; item_yaml; replacement_register; candidate_item_yaml; recipe_assembled_cable_harness_v0,Keep EBF3 jacket leaf; review after HV cable material stack is defined.
8,ebf3_hv_cable_semiconductive_stress_control_layer,ebf3_hv_cable_to_gun,keep_ebf3_leaf,high,assembled_cable_harness cannot represent a field-grading stress-control layer. Misclassification would hide a key HV feasibility assumption.,readiness_csv; item_yaml; replacement_register; candidate_item_yaml; recipe_assembled_cable_harness_v0,Keep EBF3 stress-control leaf; decompose HV cable layer technology separately.
8,ebf3_hv_drain_valve,ebf3_hv_tank_fill_drain_ports,keep_ebf3_leaf,medium,"No same-level KB candidate. Valve type, seal material, oil compatibility, leak tightness, and service method are unresolved.",readiness_csv; item_yaml,Keep EBF3 drain valve leaf; later review as oil-service valve/fitting.
8,ebf3_hv_fill_port,ebf3_hv_tank_fill_drain_ports,keep_ebf3_leaf,medium,"No same-level KB candidate. Thread/cap/filter geometry, oil handling, leak tightness, and HV tank service assumptions remain hidden.",readiness_csv; item_yaml,Keep EBF3 fill port leaf; later review port hardware and sealing route.
8,ebf3_hv_lead_conductor_set,ebf3_internal_hv_leads_terminals,keep_ebf3_leaf,high,"electrical_wire_and_connectors is wrong functional object. Internal oil-side HV conductor geometry, insulation spacing, and termination are performance-defining.",readiness_csv; item_yaml; replacement_register; candidate_item_yaml; recipe_electrical_wire_and_connectors_v0,Keep EBF3 HV lead conductor leaf; do not replace with ordinary wire stock.
8,ebf3_hv_lead_support_standoff_set,ebf3_internal_hv_leads_terminals,keep_ebf3_leaf,high,"electrical_wire_and_connectors is wrong functional object. This is an insulating support, so dielectric strength, creepage, material, and mounting geometry matter.",readiness_csv; item_yaml; replacement_register; candidate_item_yaml; recipe_electrical_wire_and_connectors_v0,Keep EBF3 standoff leaf; later review ceramic/polymer insulator route.
8,ebf3_hv_output_filter_capacitor,ebf3_hv_section_module_set,expand_but_flag,medium,"capacitor_bank_filter is same broad function but its recipe imports capacitor elements and hides HV rating, ripple, dielectric, discharge, and terminal requirements.",readiness_csv; item_yaml; candidate_item_yaml; recipe_capacitor_bank_filter_v1,Use only as HV capacitor sensitivity proxy; keep import/component risk flagged.
8,ebf3_hv_pressure_relief_seal,ebf3_hv_tank_pressure_relief,expand_but_flag,medium,"vacuum_seal_assembly is seal-family but hides pressure-relief seal geometry, oil/thermal compatibility, leak rate, and replacement method.",readiness_csv; item_yaml; candidate_item_yaml; recipe_vacuum_seal_assembly_v0,Use only as seal-mass sensitivity proxy; not reliable pressure-relief seal closure.
8,ebf3_hv_pressure_relief_valve_body,ebf3_hv_tank_pressure_relief,expand_but_flag,medium,"pressure_relief_valve is same safety function but a whole valve, not just body. Setpoint, fluid compatibility, leak tightness, and routing are hidden.",readiness_csv; item_yaml; replacement_register; candidate_item_yaml; recipe_pressure_relief_valve_v0,Use only as relief-valve manufacturing proxy; keep EBF3 body mass and flag closure risk.
8,ebf3_hv_rectifier_stack_tank_side,ebf3_hv_section_module_set,expand_but_flag,medium,"hv_rectifier_stack is same broad HV electronics function, but recipe depends on imported electronics and hides oil/vacuum rating, potting, insulation, and diode stack design.",readiness_csv; item_yaml; candidate_item_yaml; recipe_hv_rectifier_stack_v0,Use only as HV rectifier sensitivity proxy; keep electronics import and rating risk flagged.
8,ebf3_hv_return_current_monitor_insulating_mount,ebf3_hv_output_return_current_monitor,keep_ebf3_leaf,high,"No same-level KB candidate. Insulating mount controls HV isolation, sensor geometry, dielectric material, and local fabrication feasibility.",readiness_csv; item_yaml,Keep EBF3 insulating mount leaf; review with return-current monitor design.
8,ebf3_hv_return_current_monitor_signal_lead,ebf3_hv_output_return_current_monitor,keep_ebf3_leaf,high,"electrical_wire_and_connectors is too generic for an HV-adjacent shielded sensing lead. Isolation, routing, shielding, and outgassing would be hidden.",readiness_csv; item_yaml; replacement_register; candidate_item_yaml; recipe_electrical_wire_and_connectors_v0,Keep EBF3 signal lead leaf; do not close with ordinary wire/connectors.
8,ebf3_hv_return_current_sensing_element,ebf3_hv_output_return_current_monitor,keep_ebf3_leaf,high,"No same-level KB candidate. Sensing principle, HV isolation, calibration, electronics content, and import risk are unresolved.",readiness_csv; item_yaml,Keep EBF3 sensing element leaf; decompose sensor technology only if monitor closure matters.
9,ebf3_hv_rounded_terminal_set,ebf3_internal_hv_leads_terminals,keep_ebf3_leaf,high,"terminal_block_set is explicitly registered as wrong functional object. Rounded HV terminal shape, creepage, field management, and oil/HV compatibility are hidden; using it would import or localize the wrong item.",readiness_csv; item_yaml; replacement_register; candidate_item_yaml,Keep EBF3 HV rounded terminal leaf; define field-shaped terminal material/geometry or import route separately.
9,ebf3_hv_service_plug_set,ebf3_hv_tank_fill_drain_ports,keep_ebf3_leaf,medium,"No same-level KB candidate. Plug material mix, oil compatibility, sealing, outgassing, and service method are unresolved; local_ok would hide tank closure risk.",readiness_csv; item_yaml,Keep EBF3 service plug leaf; review as HV tank plug/seal hardware before substitution.
9,ebf3_hv_tank_bonding_anchor,ebf3_hv_tank_grounding_terminal,keep_ebf3_leaf,medium,"No same-level KB candidate. Likely metal hardware, but grounding interface, contact prep, tank attachment, seal/outgassing, and HV safety assumptions affect local capability.",readiness_csv; item_yaml,Keep EBF3 bonding-anchor leaf; later review as local metal grounding hardware if interface details are known.
9,ebf3_hv_tank_ground_lug,ebf3_hv_tank_grounding_terminal,keep_ebf3_leaf,medium,"No same-level KB candidate. Ground lug looks simple but contact material, current path, fastener interface, corrosion/contact prep, and HV tank bonding role remain unresolved.",readiness_csv; item_yaml,Keep EBF3 ground-lug leaf; classify local only after grounding terminal geometry and material are fixed.
9,ebf3_hv_tank_lid,ebf3_hv_tank_enclosure,keep_ebf3_leaf,high,"No same-level KB candidate. HV tank lid defines oil containment, seal compression, dielectric clearances, surface finish, and service access; false local closure would understate tank fabrication risk.",readiness_csv; item_yaml,Keep EBF3 tank-lid leaf; review dedicated tank lid machining/forming and sealing route.
9,ebf3_hv_tank_lid_seal,ebf3_hv_tank_enclosure,expand_but_flag,medium,"vacuum_seal_assembly is seal-family with a recipe, but it is 5 kg vs 0.5 kg and hides lid-specific geometry, oil compatibility, leak rate, gasket material, and replacement method.",readiness_csv; item_yaml; candidate_item_yaml; recipe_vacuum_seal_assembly_v0,Use only as seal sensitivity proxy with EBF3 mass retained; not reliable HV tank lid-seal closure.
9,ebf3_hv_tank_shell,ebf3_hv_tank_enclosure,keep_ebf3_leaf,high,"No same-level KB candidate. Metal shell is plausible local work, but oil containment, HV clearances, welded seams, surface finish, ports, and leak testing are performance-defining.",readiness_csv; item_yaml,Keep EBF3 tank-shell leaf; review HV/oil tank shell fabrication and leak-test route separately.
9,ebf3_hv_tank_temperature_probe,ebf3_hv_tank_temperature_sensor,keep_ebf3_leaf,high,"No same-level KB candidate. Probe sensing element, calibration, insulation, oil/HV environment, feedthrough interface, and electronics/import content are unresolved.",readiness_csv; item_yaml,Keep EBF3 temperature-probe leaf; decompose sensor technology or import route only if tank telemetry closure matters.
9,ebf3_hv_tank_temperature_sensor_lead_set,ebf3_hv_tank_temperature_sensor,keep_ebf3_leaf,high,"electrical_wire_and_connectors is registered not enough accuracy for tank-adjacent wiring. Insulation, oil/vacuum compatibility, shielding, termination, and HV isolation would be hidden.",readiness_csv; item_yaml; replacement_register; candidate_item_yaml; recipe_electrical_wire_and_connectors_v0,Keep EBF3 sensor-lead leaf; do not close with ordinary wire/connectors.
9,ebf3_hv_tank_temperature_sensor_mount,ebf3_hv_tank_temperature_sensor,keep_ebf3_leaf,medium,"No same-level KB candidate. Small metal mount may be local, but probe location, insulation option, tank attachment, surface finish, and oil/HV compatibility remain unresolved.",readiness_csv; item_yaml,Keep EBF3 sensor-mount leaf; later review as local bracket only after sensor topology is fixed.
9,ebf3_hv_transformer_insulating_fluid,ebf3_high_voltage_tank,keep_ebf3_leaf,high,"high_voltage_transformer is a whole transformer, not insulating fluid. Substitution would hide dielectric fluid chemistry, volume, outgassing, thermal behavior, and import mass.",readiness_csv; item_yaml; candidate_item_yaml; recipe_high_voltage_transformer_v0,Keep EBF3 insulating-fluid leaf; choose fluid material/import route separately.
9,ebf3_hv_voltage_divider_insulating_support,ebf3_hv_output_voltage_divider_sensing,keep_ebf3_leaf,high,"No same-level KB candidate. HV divider support depends on dielectric material, creepage, geometry, contamination control, and mounting; wrong closure would overstate lunar HV capability.",readiness_csv; item_yaml,Keep EBF3 insulating-support leaf; review ceramic/polymer support route after divider voltage geometry is known.
9,ebf3_hv_voltage_divider_low_voltage_sense_board,ebf3_hv_output_voltage_divider_sensing,keep_ebf3_leaf,high,"No same-level KB candidate. Electronics board hides PCB, semiconductors, calibration, isolation boundary, test burden, and Earth import mass.",readiness_csv; item_yaml,Keep EBF3 sense-board leaf; decompose electronics or model import separately.
9,ebf3_hv_voltage_divider_resistor_stack,ebf3_hv_output_voltage_divider_sensing,keep_ebf3_leaf,high,"No same-level KB candidate. HV resistor stack rating, tolerance, thermal drift, dielectric spacing, calibration, and resistor technology are unresolved.",readiness_csv; item_yaml,Keep EBF3 resistor-stack leaf; define resistor technology/rating or import route later.
9,ebf3_hv_voltage_divider_shielded_lead,ebf3_hv_output_voltage_divider_sensing,keep_ebf3_leaf,high,"electrical_wire_and_connectors is registered not enough accuracy for HV-sensing wiring. Shielding, insulation, routing, termination, and isolation affect import mass and HV reliability.",readiness_csv; item_yaml; replacement_register; candidate_item_yaml; recipe_electrical_wire_and_connectors_v0,Keep EBF3 shielded-lead leaf; do not use ordinary wiring as closure.
9,ebf3_input_rectifier_busbar_set,ebf3_input_rectifier,keep_ebf3_leaf,high,"rectifier_bridge_heavy_duty is a whole rectifier module, not a busbar set. Using it would add hidden electronics and potting while losing conductor geometry, current rating, and energy/mass accuracy.",readiness_csv; item_yaml; candidate_item_yaml; recipe_rectifier_bridge_heavy_duty_v0,Keep EBF3 busbar leaf; review as power busbar geometry/material separately.
9,ebf3_input_rectifier_diode_module_set,ebf3_input_rectifier,import_encoded,medium,"rectifier_diode_set is same broad diode-set function and explicitly is_import, but voltage/current package rating and mass scaling are hidden; using it affects import mass more than lunar process energy.",readiness_csv; item_yaml; candidate_item_yaml,May encode as imported diode-set closure with EBF3 mass/rating flag retained; do not treat as local manufacturing.
9,ebf3_input_rectifier_gate_or_sense_board,ebf3_input_rectifier,keep_ebf3_leaf,high,"rectifier_bridge_heavy_duty is a whole power rectifier, not a gate/sense board. Substitution would hide control electronics, sensing function, semiconductors, testing, and import mass.",readiness_csv; item_yaml; candidate_item_yaml; recipe_rectifier_bridge_heavy_duty_v0,Keep EBF3 gate/sense board leaf; decompose electronics or import route separately.
9,ebf3_input_rectifier_heat_sink,ebf3_input_rectifier,keep_ebf3_leaf,high,"rectifier_bridge_heavy_duty is a whole rectifier module, not a heat sink. It hides diode imports and potting while failing to expose thermal resistance, mounting, isolation, and machining energy.",readiness_csv; item_yaml; candidate_item_yaml; recipe_rectifier_bridge_heavy_duty_v0,Keep EBF3 heat-sink leaf; review heat-sink-specific proxy only if thermal closure matters.
9,ebf3_intermediate_wire_guide_body,ebf3_intermediate_wire_guide,keep_ebf3_leaf,medium,"No same-level KB candidate. Likely machined metal, but wire path geometry, bore tolerance, surface finish, wear, and alignment affect precision feed reliability and manufacturing energy.",readiness_csv; item_yaml,Keep EBF3 guide-body leaf; later review as local precision wire-guide hardware.
10,ebf3_intermediate_wire_guide_wear_insert,ebf3_intermediate_wire_guide,keep_ebf3_leaf,high,"No same-level KB candidate. Ceramic wear insert geometry, bore finish, dielectric/thermal grade, wear behavior, and vacuum cleanliness affect feed reliability; wrong closure would overstate lunar ceramic capability and distort import mass/energy.",readiness_csv; item_yaml,Keep EBF3 wear-insert leaf; choose ceramic grade and fabrication route only if wire-guide closure matters.
10,ebf3_linear_encoder_mounting_bracket_set,ebf3_linear_encoder_scales,keep_ebf3_leaf,high,"linear_encoder_set is a whole encoder assembly, not the bracket leaf. Using it would import or manufacture read-head electronics and scale content for a simple bracket and corrupt mass/energy attribution.",readiness_csv; item_yaml; candidate_item_yaml; recipe_linear_encoder_set_v0,Keep EBF3 bracket leaf; review as local precision bracket only after datum and tolerance needs are known.
10,ebf3_linear_encoder_read_head_set,ebf3_linear_encoder_scales,keep_ebf3_leaf,high,"linear_encoder_set is broader than the read-head leaf and its recipe assumes sensors/electronic components. Substitution would hide semiconductor/import content, calibration, signal quality, and precision feedback risk.",readiness_csv; item_yaml; candidate_item_yaml; recipe_linear_encoder_set_v0,Keep EBF3 read-head leaf; decompose encoder electronics or import route separately.
10,ebf3_linear_encoder_scale_strip_set,ebf3_linear_encoder_scales,keep_ebf3_leaf,high,"linear_encoder_set is a whole encoder, not the scale strip. Its recipe hides scale pattern accuracy, glass/film choice, mounting carrier, thermal stability, and inspection; wrong closure would misstate precision-motion capability.",readiness_csv; item_yaml; candidate_item_yaml; recipe_linear_encoder_set_v0,Keep EBF3 scale-strip leaf; review scale fabrication and metrology route separately.
10,ebf3_linear_guide_carriage_block_set,ebf3_linear_guide_carriages,keep_ebf3_leaf,high,"linear_guide_rails is a whole rail-and-carriage system. This leaf is carriage block bodies; substituting the whole assembly would hide race geometry, preload, grinding, lubrication, and double-count rail content.",readiness_csv; item_yaml; candidate_item_yaml; recipe_linear_guide_rails_v0,Keep EBF3 carriage-block leaf; review precision machining/grinding route explicitly.
10,ebf3_linear_guide_carriage_retainer_set,ebf3_linear_guide_carriages,keep_ebf3_leaf,high,"linear_guide_rails is not same-level for retainer hardware. Retention, seal/lubricant strategy, vacuum compatibility, and carriage preload are hidden; wrong closure would pollute precision-motion import and energy estimates.",readiness_csv; item_yaml; candidate_item_yaml; recipe_linear_guide_rails_v0,Keep EBF3 retainer leaf; review with carriage lubrication and preload design.
10,ebf3_linear_guide_carriage_rolling_element_set,ebf3_linear_guide_carriages,keep_ebf3_leaf,high,"linear_guide_rails is a complete guide system, not rolling elements. Ball/roller grade, hardness, roundness, finish, preload, and vacuum lubrication are performance-defining; false local closure would overstate precision bearing capability.",readiness_csv; item_yaml; candidate_item_yaml; recipe_linear_guide_rails_v0,Keep EBF3 rolling-element leaf; define bearing-element manufacture/import route separately.
10,ebf3_linear_guide_rail_body_set,ebf3_linear_guide_rails,keep_ebf3_leaf,high,"linear_guide_rails includes rails, carriages, bearings, and fasteners, so it is broader than rail bodies. Substitution hides rail profile, hardening, grinding, straightness, mounting datum, and mass split.",readiness_csv; item_yaml; candidate_item_yaml; recipe_linear_guide_rails_v0,Keep EBF3 rail-body leaf; review hardened/ground rail fabrication route separately.
10,ebf3_linear_guide_rail_end_stop_set,ebf3_linear_guide_rails,keep_ebf3_leaf,medium,"linear_guide_rails is a whole guide assembly, not an end-stop leaf. End-stop load, fastening, datum interaction, and vacuum-compatible finish are unresolved; whole-system substitution would overcount motion hardware.",readiness_csv; item_yaml; candidate_item_yaml; recipe_linear_guide_rails_v0,Keep EBF3 end-stop leaf; later review as local stop hardware if rail closure matters.
10,ebf3_linear_guide_rail_mounting_hole_datum_set,ebf3_linear_guide_rails,keep_ebf3_leaf,high,"linear_guide_rails is not same-level for mounting-hole datum features. Datum accuracy, hole pattern, flatness, inspection, and alignment drive precision-motion capability; proxying would hide energy and metrology burden.",readiness_csv; item_yaml; candidate_item_yaml; recipe_linear_guide_rails_v0,Keep EBF3 datum leaf; define machining and inspection route with rail-body review.
10,ebf3_lv_distribution_breaker_or_fuse_set,ebf3_low_voltage_distribution_panel,keep_ebf3_leaf,high,"No same-level KB candidate. Breaker/fuse rating, arc interruption, certification, contacts, polymers, and imported protection-device content affect Earth import mass and lunar electrical capability.",readiness_csv; item_yaml,Keep EBF3 breaker/fuse leaf; decompose protection device or import route only if LV panel closure matters.
10,ebf3_lv_distribution_busbar_set,ebf3_low_voltage_distribution_panel,expand_but_flag,medium,"busbar_distribution_system_v0 is same broad busbar family with a local recipe, but it is a 12 kg placeholder and hides current rating, conductor geometry, insulation, creepage, and panel scaling.",readiness_csv; item_yaml; candidate_item_yaml; recipe_busbar_distribution_system_v0,Use only as LV busbar sensitivity proxy with EBF3 mass retained; do not mark reliable local closure.
10,ebf3_matching_network_busbar_set,ebf3_inverter_matching_network,expand_but_flag,medium,"busbar_distribution_system_v0 is a broad power-bus proxy, but matching-network busbars may depend on current, frequency, layout inductance, insulation, and thermal geometry. Wrong closure would distort power-electronics mass and energy.",readiness_csv; item_yaml; candidate_item_yaml; recipe_busbar_distribution_system_v0,Use only as matching-network busbar sensitivity proxy; keep geometry/rating risk flagged.
10,ebf3_matching_network_capacitor_set,ebf3_inverter_matching_network,expand_but_flag,medium,"capacitor_bank_filter is same broad capacitor/filter family, but its recipe explicitly relies on imported capacitor elements and hides voltage, ripple, dielectric, terminal, and matching behavior.",readiness_csv; item_yaml; candidate_item_yaml; recipe_capacitor_bank_filter_v1,Use only as capacitor sensitivity proxy; keep electronics import and rating risk flagged.
10,ebf3_matching_network_inductor_set,ebf3_inverter_matching_network,expand_but_flag,medium,"inductor_filter_large has a coarse winding/core recipe, but hides core material, winding geometry, insulation, current/frequency rating, thermal behavior, and matching-network performance.",readiness_csv; item_yaml; candidate_item_yaml; recipe_inductor_filter_large_v0,Use only as inductor sensitivity proxy; not reliable matching-network closure.
10,ebf3_matching_network_mounting_frame,ebf3_inverter_matching_network,expand_but_flag,medium,"structural_frame_small_v0 has a local placeholder frame recipe, but 12 kg generic welded frame vs 0.9 kg electronics mounting frame hides stiffness, clearances, grounding, thermal, and mounting geometry.",readiness_csv; item_yaml; candidate_item_yaml; recipe_structural_frame_small_v0,Use only as frame-fabrication sensitivity proxy with EBF3 mass retained.
10,ebf3_motion_drive_control_board,ebf3_motion_control_drive_module,keep_ebf3_leaf,high,"No same-level KB candidate. Control board hides semiconductors, PCB fabrication, firmware interaction, isolation, motor-drive feedback, and test burden; wrong closure would undercount Earth electronics imports.",readiness_csv; item_yaml,Keep EBF3 control-board leaf; decompose board or import route separately.
10,ebf3_motion_drive_heat_spreader,ebf3_motion_control_drive_module,keep_ebf3_leaf,medium,"No same-level KB candidate. It may be local metalwork, but thermal resistance, flatness, interface material, mounting pressure, and power-stage geometry are unresolved; local_ok would hide thermal closure assumptions.",readiness_csv; item_yaml,Keep EBF3 heat-spreader leaf; review as local thermal metal part after power-stage heat path is known.
10,ebf3_motion_drive_power_stage_set,ebf3_motion_control_drive_module,keep_ebf3_leaf,high,"No same-level KB candidate. Power stage hides semiconductor modules, gate drive, isolation, current/voltage rating, thermal interface, and imported electronics content; wrong closure would strongly bias import mass and energy.",readiness_csv; item_yaml,Keep EBF3 power-stage leaf; decompose power electronics or model import explicitly later.
10,ebf3_motor_coupling_clamp_screw_set,ebf3_motor_couplings,keep_ebf3_leaf,high,"stepper_motor_precision is a whole motor with electronics, coils, housing, and calibration, not a clamp screw set. Substitution would massively overcount motor content and hide coupling preload, screw grade, and vacuum/friction behavior.",readiness_csv; item_yaml; candidate_item_yaml; recipe_stepper_motor_precision_v0,Keep EBF3 clamp-screw leaf; review as coupling fastener hardware rather than motor proxy.
11,ebf3_motor_coupling_flexible_element_set,ebf3_motor_couplings,keep_ebf3_leaf,high,"stepper_motor_precision is a whole motor with drive electronics, not a coupling flexible element. It hides elastomer/composite material, torsional stiffness, backlash, vacuum compatibility, and wear; wrong closure would overstate lunar motion-component capability and distort import mass/energy.",readiness_csv; item_yaml; candidate_item_yaml; recipe_stepper_motor_precision_v0,Keep EBF3 flexible-element leaf; review coupling material and torsional/vacuum requirements separately.
11,ebf3_motor_coupling_hub_set,ebf3_motor_couplings,keep_ebf3_leaf,high,"stepper_motor_precision is wrong level/function: a complete motor assembly, not coupling hubs. It hides hub bore, key/clamp geometry, concentricity, balance, and shaft-interface tolerance; using it would pollute precision-motion closure.",readiness_csv; item_yaml; candidate_item_yaml; recipe_stepper_motor_precision_v0,Keep EBF3 hub leaf; review as precision machined coupling hardware.
11,ebf3_motor_mount_bracket_fastener_interface_set,ebf3_motor_mount_brackets,keep_ebf3_leaf,high,"stepper_motor_precision includes mounting bracket as part of a whole motor but is not a fastener interface set. It hides bolt pattern, thread inserts, stiffness, alignment, and service loads; substitution would misallocate motor import/local mass.",readiness_csv; item_yaml; candidate_item_yaml; recipe_stepper_motor_precision_v0,Keep EBF3 fastener-interface leaf; review bracket fastening details with motor mount geometry.
11,ebf3_motor_mount_bracket_plate_set,ebf3_motor_mount_brackets,keep_ebf3_leaf,high,"stepper_motor_precision is a whole motor and not same-level bracket plates. Its recipe hides plate thickness, datum flatness, hole pattern, stiffness, and alignment; wrong closure would overstate local precision-motion structure readiness.",readiness_csv; item_yaml; candidate_item_yaml; recipe_stepper_motor_precision_v0,Keep EBF3 bracket-plate leaf; review as machined or bent structural plate set.
11,ebf3_motor_mount_bracket_spacer_set,ebf3_motor_mount_brackets,keep_ebf3_leaf,high,"stepper_motor_precision is wrong level/function for spacers. Spacer thickness, parallelism, material, stack tolerance, and alignment impact are hidden; substituting a whole motor would corrupt import mass and manufacturing energy.",readiness_csv; item_yaml; candidate_item_yaml; recipe_stepper_motor_precision_v0,Keep EBF3 spacer leaf; classify local route only after tolerance/material review.
11,ebf3_moveable_build_platform_clamp_slot_set,ebf3_moveable_build_platform,keep_ebf3_leaf,medium,"No same-level KB candidate. Slots may be locally machined, but clamp geometry, datum role, surface finish, fixture interface, and thermal/flatness effects are unresolved; local_ok would hide build-platform capability risk.",readiness_csv; item_yaml,Keep EBF3 clamp-slot leaf; later review as precision machining feature if platform closure matters.
11,ebf3_moveable_build_platform_plate,ebf3_moveable_build_platform,expand_but_flag,medium,"metal_sheet_or_plate has a simple sheet/plate recipe but is stock, not a finished build platform plate. It hides flatness, thickness, thermal mass, surface finish, substrate interface, and beam-current return effects.",readiness_csv; item_yaml; candidate_item_yaml; recipe_metal_sheet_or_plate_v0,Use metal_sheet_or_plate only as plate-stock sensitivity proxy with EBF3 mass retained; not reliable platform closure.
11,ebf3_moveable_build_platform_return_contact_pad,ebf3_moveable_build_platform,keep_ebf3_leaf,high,"No same-level KB candidate. Conductive pad closure depends on contact material, surface finish, attachment, current density, heating, and return topology; wrong local closure would hide electron-beam return/import assumptions.",readiness_csv; item_yaml,Keep EBF3 return-contact leaf; review contact material and current-return interface explicitly.
11,ebf3_multi_channel_driver_control_board,ebf3_multi_channel_driver_module,keep_ebf3_leaf,high,"No same-level KB candidate. Generic electronics would hide PCB assembly, semiconductors, isolation, firmware/control behavior, ratings, and test burden; false local closure would undercount Earth imports and overstate lunar electronics capability.",readiness_csv; item_yaml,Keep EBF3 control-board leaf; decompose electronics or model import risk later.
11,ebf3_multi_channel_driver_enclosure,ebf3_multi_channel_driver_module,expand_but_flag,medium,"enclosure_electrical_medium is same broad enclosure family with a recipe, but the register flags not enough accuracy. It is 4 kg vs 0.6 kg and hides EMI, thermal path, voltage clearance, service geometry, and scaling.",readiness_csv; item_yaml; replacement_register; candidate_item_yaml; recipe_enclosure_electrical_medium_v0,Use only as enclosure sensitivity proxy with EBF3 mass retained; do not mark reliable local closure.
11,ebf3_multi_channel_heat_sink,ebf3_multi_channel_driver_module,expand_but_flag,medium,"heat_sink_base_machined is same broad heat-sink hardware with a recipe, but the register flags not enough accuracy. Thermal resistance, isolation, mounting, cooling path, fin geometry, and mass scaling are hidden.",readiness_csv; item_yaml; replacement_register; candidate_item_yaml; recipe_heat_sink_base_machined_v1,Use only as heat-sink machining sensitivity proxy; review thermal design before local_ok.
11,ebf3_multi_channel_power_driver_stage_set,ebf3_multi_channel_driver_module,keep_ebf3_leaf,high,"No same-level KB candidate. Power driver stage hides semiconductors, gate drive, magnetics, isolation, protection, thermal interface, and test requirements; wrong closure would strongly undercount imports and misstate energy.",readiness_csv; item_yaml,Keep EBF3 power-driver leaf; decompose power electronics only if driver closure matters.
11,ebf3_positioning_axis_base_plate,ebf3_four_axis_positioning_system,expand_but_flag,medium,"metal_sheet_or_plate is plate stock, not a finished positioning datum plate. It hides hole pattern, flatness, machining, surface treatment, stiffness, and precision-motion alignment; local_ok would overstate lunar axis capability.",readiness_csv; item_yaml; candidate_item_yaml; recipe_metal_sheet_or_plate_v0,Use metal_sheet_or_plate only as material/process sensitivity proxy with EBF3 mass retained.
11,ebf3_positioning_base_frame_crossmember_set,ebf3_positioning_base_frame,expand_but_flag,medium,"structural_frame_small_v0 has a local frame recipe but is a 12 kg generic frame, not this crossmember set. It hides cross-section, weld/bolt strategy, stiffness, datum geometry, finish, and scaling.",readiness_csv; item_yaml; candidate_item_yaml; recipe_structural_frame_small_v0,Use only as structural fabrication sensitivity proxy; keep EBF3 crossmember identity and mass.
11,ebf3_positioning_base_frame_mounting_foot_set,ebf3_positioning_base_frame,expand_but_flag,medium,"structural_frame_small_v0 is broad structural fabrication, not mounting feet. Leveling, isolation, bolt pattern, floor interface, stiffness, and mass scaling are hidden; reliable local closure is not proven.",readiness_csv; item_yaml; candidate_item_yaml; recipe_structural_frame_small_v0,Use only as frame-hardware sensitivity proxy with EBF3 mass retained; review mounting-foot geometry separately.
11,ebf3_positioning_base_frame_rail_set,ebf3_positioning_base_frame,expand_but_flag,medium,"structural_frame_small_v0 is same broad frame family but not a rail set. Rail cross-section, straightness, joining, stiffness, vacuum-compatible finish, and precision-motion alignment assumptions are hidden.",readiness_csv; item_yaml; candidate_item_yaml; recipe_structural_frame_small_v0,Use only as structural-frame sensitivity proxy; do not treat as reliable rail-set closure.
11,ebf3_positioning_bellows_end_retainer_set,ebf3_positioning_bellows_cover,keep_ebf3_leaf,medium,"No same-level KB candidate. Retainers may be simple metal, but bellows end geometry, fastening, fatigue, clearance, and debris-protection role are unresolved; local_ok would hide motion-cover interface risk.",readiness_csv; item_yaml,Keep EBF3 retainer leaf; review with bellows cover design.
11,ebf3_positioning_bellows_folded_cover,ebf3_positioning_bellows_cover,keep_ebf3_leaf,medium,"No same-level KB candidate. Folded cover material and forming look locally plausible, but fold geometry, fatigue life, debris protection, clearance, and motion-cycle requirements are unresolved.",readiness_csv; item_yaml,Keep EBF3 folded-cover leaf; review bellows material/forming route before local closure.
11,ebf3_positioning_bellows_mounting_tab_set,ebf3_positioning_bellows_cover,keep_ebf3_leaf,medium,"No same-level KB candidate. Tabs are small metal parts, but attachment method, hole pattern, fatigue, clearance, and bellows interface are unresolved; wrong closure would hide precision-motion cover reliability.",readiness_csv; item_yaml,Keep EBF3 mounting-tab leaf; later classify as local hardware only after interface review.
11,ebf3_positioning_feedthrough_air_side_connector,ebf3_positioning_electrical_feedthrough,keep_ebf3_leaf,high,"connector_electrical_multi_pin is same broad connector family but not reliable for a feedthrough air-side interface. Pinout, shielding, service boundary, dielectric rating, seal adjacency, and vacuum feedthrough assumptions are hidden.",readiness_csv; item_yaml; candidate_item_yaml; recipe_connector_electrical_multi_pin_v0,Keep EBF3 connector leaf; review feedthrough connector family and ratings before any proxy/import decision.
12,ebf3_positioning_feedthrough_flange,ebf3_positioning_electrical_feedthrough,expand_but_flag,medium,"electrical_feedthrough_vacuum is same broad feedthrough family, but it is a whole 1 kg feedthrough vs 0.2 kg flange and hides seal geometry, bolt pattern, dielectric boundary, vacuum leak behavior, and mass scaling.",readiness_csv; item_yaml; candidate_item_yaml; recipe_electrical_feedthrough_vacuum_v0,Use only as feedthrough fabrication sensitivity proxy with EBF3 mass retained; do not mark reliable flange closure.
12,ebf3_positioning_feedthrough_insulator_body,ebf3_positioning_electrical_feedthrough,expand_but_flag,medium,"electrical_feedthrough_vacuum is same broad feedthrough family, but whole-feedthrough recipe hides ceramic grade, pin sealing, creepage, vacuum compatibility, and local ceramic process assumptions.",readiness_csv; item_yaml; candidate_item_yaml; recipe_electrical_feedthrough_vacuum_v0,Use only as feedthrough/ceramic sensitivity proxy; keep dielectric closure risk flagged.
12,ebf3_positioning_feedthrough_motor_power_pin_set,ebf3_positioning_electrical_feedthrough,expand_but_flag,medium,"electrical_feedthrough_vacuum includes conductors, but is not same-level pin-set closure; current rating, conductor geometry, insulation spacing, sealing, and motion-axis load assumptions are hidden.",readiness_csv; item_yaml; candidate_item_yaml; recipe_electrical_feedthrough_vacuum_v0,Use only as feedthrough conductor sensitivity proxy; do not treat as reliable motor-power pin closure.
12,ebf3_positioning_feedthrough_shield_termination_interface,ebf3_positioning_electrical_feedthrough,keep_ebf3_leaf,high,"electrical_feedthrough_vacuum is a whole feedthrough, not a shield termination policy/interface. Grounding, isolation, termination geometry, and EMI behavior would be invented and could pollute import/local capability.",readiness_csv; item_yaml; candidate_item_yaml; recipe_electrical_feedthrough_vacuum_v0,Keep EBF3 shield-termination leaf; review grounding and shield interface explicitly.
12,ebf3_positioning_feedthrough_signal_pin_set,ebf3_positioning_electrical_feedthrough,expand_but_flag,medium,"electrical_feedthrough_vacuum is same broad feedthrough family, but it hides signal pin count, shielding, isolation, sealing, voltage rating, and scaling from 1 kg feedthrough to 0.08 kg pin set.",readiness_csv; item_yaml; candidate_item_yaml; recipe_electrical_feedthrough_vacuum_v0,Use only as signal-feedthrough sensitivity proxy with EBF3 mass retained; not reliable pin-set closure.
12,ebf3_positioning_feedthrough_vacuum_side_connector,ebf3_positioning_electrical_feedthrough,keep_ebf3_leaf,high,"connector_electrical_multi_pin is a generic connector and replacement register marks this class not enough accuracy; vacuum compatibility, pin count, material stack, rating, and feedthrough-side environment are hidden.",readiness_csv; item_yaml; replacement_register; candidate_item_yaml; recipe_connector_electrical_multi_pin_v0,Keep EBF3 vacuum-side connector leaf; do not use generic connector as reliable closure.
12,ebf3_positioning_motor_cable_insulation_set,ebf3_vacuum_compatible_motor_cabling,keep_ebf3_leaf,high,"assembled_cable_harness is a whole harness, not an insulation layer. Vacuum/outgassing, temperature, dielectric rating, flexibility, and motion routing would be hidden, distorting import mass and lunar cabling capability.",readiness_csv; item_yaml; replacement_register; candidate_item_yaml; recipe_assembled_cable_harness_v0,Keep EBF3 insulation leaf; review vacuum-compatible cable material stack separately.
12,ebf3_positioning_motor_cable_shield_set,ebf3_vacuum_compatible_motor_cabling,keep_ebf3_leaf,high,"assembled_cable_harness is a whole harness, not a shield layer. Shield braid/foil geometry, termination, EMI performance, vacuum compatibility, and motion durability remain unresolved.",readiness_csv; item_yaml; replacement_register; candidate_item_yaml; recipe_assembled_cable_harness_v0,Keep EBF3 shield leaf; decompose cable shielding before substitution.
12,ebf3_positioning_motor_cable_termination_set,ebf3_vacuum_compatible_motor_cabling,keep_ebf3_leaf,high,"assembled_cable_harness hides termination hardware and process details. Vacuum-side crimp/solder method, strain relief, insulation transition, connector rating, and motion reliability affect closure.",readiness_csv; item_yaml; replacement_register; candidate_item_yaml; recipe_assembled_cable_harness_v0,Keep EBF3 termination leaf; review terminations with the motor cable stack.
12,ebf3_positioning_motor_power_conductor_set,ebf3_vacuum_compatible_motor_cabling,expand_but_flag,medium,"electrical_wire_and_connectors is same broad wiring material, but register flags in-chamber/vacuum accuracy risk; conductor gauge, insulation pairing, outgassing, terminations, and motion routing are hidden.",readiness_csv; item_yaml; replacement_register; candidate_item_yaml; recipe_electrical_wire_and_connectors_v0,Use only as conductor-mass sensitivity proxy; not reliable vacuum motor-cable closure.
12,ebf3_positioning_signal_cable_insulation_set,ebf3_vacuum_compatible_signal_cabling,keep_ebf3_leaf,high,"assembled_cable_harness is a whole harness, not signal-cable insulation. Vacuum/outgassing, dielectric behavior, flexibility, sensor noise coupling, and temperature assumptions are hidden.",readiness_csv; item_yaml; replacement_register; candidate_item_yaml; recipe_assembled_cable_harness_v0,Keep EBF3 signal-insulation leaf; review cable insulation material separately.
12,ebf3_positioning_signal_cable_shield_set,ebf3_vacuum_compatible_signal_cabling,keep_ebf3_leaf,high,"assembled_cable_harness is not same-level shield closure. Shield geometry, grounding, EMI/noise behavior, vacuum compatibility, and termination method affect controls reliability and import/local capability.",readiness_csv; item_yaml; replacement_register; candidate_item_yaml; recipe_assembled_cable_harness_v0,Keep EBF3 signal-shield leaf; review shield design before substitution.
12,ebf3_positioning_signal_cable_termination_set,ebf3_vacuum_compatible_signal_cabling,keep_ebf3_leaf,high,"assembled_cable_harness hides signal termination details. Connector type, crimp/solder method, strain relief, shielding continuity, vacuum material, and rating assumptions remain unresolved.",readiness_csv; item_yaml; replacement_register; candidate_item_yaml; recipe_assembled_cable_harness_v0,Keep EBF3 signal-termination leaf; review with signal cable architecture.
12,ebf3_positioning_signal_conductor_set,ebf3_vacuum_compatible_signal_cabling,expand_but_flag,medium,"electrical_wire_and_connectors is same broad conductor material, but in-chamber signal use hides gauge, shielding relationship, insulation, noise, outgassing, and termination assumptions.",readiness_csv; item_yaml; replacement_register; candidate_item_yaml; recipe_electrical_wire_and_connectors_v0,Use only as signal-conductor sensitivity proxy; do not mark reliable vacuum signal-cable closure.
12,ebf3_power_electronics_cooling_duct_or_line_set,ebf3_power_electronics_thermal_management,keep_ebf3_leaf,medium,"No same-level KB candidate. Duct/line material, coolant or air path, sealing, thermal load, pump/fan interface, and fabrication route are unresolved; local_ok would invent thermal-management capability.",readiness_csv; item_yaml,Keep EBF3 duct/line leaf; decompose cooling topology before local/import decision.
12,ebf3_power_electronics_cooling_plate_set,ebf3_power_electronics_thermal_management,expand_but_flag,medium,"metal_sheet_or_plate has a local stock recipe, but it is not a cooling plate. Flatness, channels or mounting holes, thermal contact, alloy choice, and machining energy are hidden.",readiness_csv; item_yaml; candidate_item_yaml; recipe_metal_sheet_or_plate_v0,Use only as plate-stock material/process proxy with EBF3 mass retained; not reliable cooling-plate closure.
12,ebf3_power_electronics_fan_or_pump_module,ebf3_power_electronics_thermal_management,keep_ebf3_leaf,high,"No same-level KB candidate. Fan or pump module hides motor, bearings, electronics, seals, flow rating, vacuum/pressure environment, and import mass assumptions.",readiness_csv; item_yaml,Keep EBF3 module leaf; decide fan/pump technology and import route separately.
12,ebf3_power_electronics_heat_sink_set,ebf3_power_electronics_thermal_management,expand_but_flag,medium,"heat_sink_base_machined is same broad heat-sink hardware, but replacement register flags not enough accuracy; thermal resistance, fin geometry, mounting, isolation, cooling path, and scale are hidden.",readiness_csv; item_yaml; replacement_register; candidate_item_yaml; recipe_heat_sink_base_machined_v1,Use only as heat-sink machining sensitivity proxy; do not mark local_ok.
12,ebf3_power_electronics_thermal_interface_set,ebf3_power_electronics_thermal_management,expand_but_flag,medium,"thermal_interface_material is same broad TIM material with a local recipe, but EBF3 interface set mass, pad/grease geometry, temperature, outgassing, pressure, and filler assumptions are hidden.",readiness_csv; item_yaml; candidate_item_yaml; recipe_thermal_interface_material_v0,Use only as TIM material sensitivity proxy; keep thermal/vacuum interface risk flagged.
12,ebf3_power_input_gland_body,ebf3_power_input_cable_gland,keep_ebf3_leaf,medium,"No same-level KB candidate. Gland body may be simple metal, but cable diameter, seal compression, thread/flange geometry, strain relief, and enclosure boundary assumptions are unresolved.",readiness_csv; item_yaml,Keep EBF3 gland-body leaf; review as cable-gland hardware before local closure.
13,ebf3_power_input_gland_seal,ebf3_power_input_cable_gland,expand_but_flag,medium,vacuum_seal_assembly is only a coarse seal proxy and hides leak rate material compatibility and gland geometry so wrong reuse would understate import and local capability risk,readiness_row_241;ebf3_existing_item_replacement_register.md;ebf3_power_input_gland_seal.yaml;vacuum_seal_assembly.yaml;recipe_vacuum_seal_assembly_v0.yaml,Use only as sensitivity proxy; keep EBF3 seal requirement flagged
13,ebf3_pressure_adjustment_knob_body,ebf3_pressure_adjustment_knob,keep_ebf3_leaf,high,no same-level KB candidate found; simple knob body is low risk but local_ok requires an explicit matching KB recipe,readiness_row_242;ebf3_pressure_adjustment_knob_body.yaml;ebf3_source_table_mappings.md;wire_feeder_level_2_audit.md,Retain EBF3 leaf until a small knob body material route is chosen
13,ebf3_pressure_adjustment_threaded_insert,ebf3_pressure_adjustment_knob,keep_ebf3_leaf,high,no same-level KB candidate found; threaded insert material and thread fit are not represented by an existing item,readiness_row_243;ebf3_pressure_adjustment_threaded_insert.yaml;ebf3_source_table_mappings.md;wire_feeder_level_2_audit.md,Retain EBF3 leaf until a generic threaded insert route is justified
13,ebf3_pressure_spring,ebf3_wire_feeder,keep_ebf3_leaf,high,no same-level KB candidate found; spring rate alloy and heat treatment affect feeder force and cannot be hidden in a generic metal part,readiness_row_244;ebf3_pressure_spring.yaml;ebf3_source_table_mappings.md;wire_feeder_level_2_audit.md,Retain EBF3 spring leaf and later decide spring steel or import
13,ebf3_primary_transformer_core,ebf3_primary_isolation_transformer,expand_but_flag,medium,transformer_core is same component class but its recipe hides EBF3 core geometry magnetic steel grade lamination thickness and insulation assumptions,readiness_row_245;ebf3_primary_transformer_core.yaml;transformer_core.yaml;recipe_transformer_core_v0.yaml,Use transformer_core only as sensitivity proxy for core mass and energy
13,ebf3_primary_transformer_insulation_set,ebf3_primary_isolation_transformer,keep_ebf3_leaf,high,high_voltage_transformer is a whole transformer not the insulation set; using it would hide dielectric margin and overcount mass energy,readiness_row_246;ebf3_primary_transformer_insulation_set.yaml;high_voltage_transformer.yaml;recipe_high_voltage_transformer_v0.yaml,Retain EBF3 insulation leaf until insulation material and voltage rating are explicit
13,ebf3_primary_transformer_mount,ebf3_primary_isolation_transformer,keep_ebf3_leaf,high,high_voltage_transformer is wrong level for a mount; mount stiffness isolation and interface geometry remain separate assumptions,readiness_row_247;ebf3_primary_transformer_mount.yaml;high_voltage_transformer.yaml;recipe_high_voltage_transformer_v0.yaml,Retain EBF3 mount leaf and evaluate a structural or insulating mount route later
13,ebf3_primary_transformer_winding_set,ebf3_primary_isolation_transformer,keep_ebf3_leaf,high,high_voltage_transformer is a whole assembly not a winding set; turns ratio conductor material insulation and current rating are hidden,readiness_row_248;ebf3_primary_transformer_winding_set.yaml;high_voltage_transformer.yaml;recipe_high_voltage_transformer_v0.yaml,Retain EBF3 winding leaf until winding recipe parameters are explicit
13,ebf3_realtime_processor_board,ebf3_realtime_control_processor,keep_ebf3_leaf,high,no same-level KB candidate found; electronics board capability and software hardware assumptions would strongly affect import mass and lunar manufacturability,readiness_row_249;ebf3_realtime_processor_board.yaml;ebf3_existing_item_replacement_register.md,Retain EBF3 board leaf and later decide explicit electronics import or decomposition
13,ebf3_realtime_processor_connector_set,ebf3_realtime_control_processor,expand_but_flag,high,connector_electrical_multi_pin is same broad connector class but register marks not_enough_accuracy because pin count shielding rating and environment are hidden,readiness_row_250;ebf3_existing_item_replacement_register.md;ebf3_realtime_processor_connector_set.yaml;connector_electrical_multi_pin.yaml;recipe_connector_electrical_multi_pin_v0.yaml,Use connector item only as sensitivity proxy; do not approve exact replacement
13,ebf3_ripple_inductor_core,ebf3_ripple_damping_inductor,keep_ebf3_leaf,high,inductor_filter_large is a whole inductor not the core; per-leaf replacement would double count assembly mass and hide magnetic core assumptions,readiness_row_251;ebf3_ripple_inductor_core.yaml;inductor_filter_large.yaml;recipe_inductor_filter_large_v0.yaml,Retain EBF3 core leaf; evaluate parent-level inductor proxy separately if needed
13,ebf3_ripple_inductor_insulation_set,ebf3_ripple_damping_inductor,keep_ebf3_leaf,high,inductor_filter_large is wrong level for insulation; dielectric and thermal assumptions affect local capability and cannot be inferred from the coarse item,readiness_row_252;ebf3_ripple_inductor_insulation_set.yaml;inductor_filter_large.yaml;recipe_inductor_filter_large_v0.yaml,Retain EBF3 insulation leaf until coil insulation route is explicit
13,ebf3_ripple_inductor_mount,ebf3_ripple_damping_inductor,keep_ebf3_leaf,high,inductor_filter_large is a whole assembly not a mount; using it would distort import mass and manufacturing energy,readiness_row_253;ebf3_ripple_inductor_mount.yaml;inductor_filter_large.yaml;recipe_inductor_filter_large_v0.yaml,Retain EBF3 mount leaf and map only if a same-level bracket or mount candidate exists
13,ebf3_ripple_inductor_winding,ebf3_ripple_damping_inductor,keep_ebf3_leaf,high,inductor_filter_large is not a winding leaf; conductor gauge turns insulation and current rating are hidden,readiness_row_254;ebf3_ripple_inductor_winding.yaml;inductor_filter_large.yaml;recipe_inductor_filter_large_v0.yaml,Retain EBF3 winding leaf until winding recipe parameters are explicit
13,ebf3_rotary_axis_bearing_inner_ring,ebf3_rotary_axis_bearing,keep_ebf3_leaf,high,bearing_set_heavy is a complete bearing set not an inner ring; per-leaf reuse would hide runout race geometry lubrication and vacuum compatibility,readiness_row_255;ebf3_rotary_axis_bearing_inner_ring.yaml;bearing_set_heavy.yaml;recipe_bearing_set_heavy_v0.yaml;bearing_set_heavy_production_v0.yaml,Retain EBF3 ring leaf; consider bearing_set_heavy only at parent bearing level
13,ebf3_rotary_axis_bearing_outer_ring,ebf3_rotary_axis_bearing,keep_ebf3_leaf,high,bearing_set_heavy is a whole bearing set not an outer ring; local precision grinding exists but does not preserve EBF3 race geometry,readiness_row_256;ebf3_rotary_axis_bearing_outer_ring.yaml;bearing_set_heavy.yaml;recipe_bearing_set_heavy_v0.yaml;bearing_set_heavy_production_v0.yaml,Retain EBF3 ring leaf; avoid per-component replacement by whole bearing
13,ebf3_rotary_axis_bearing_retainer,ebf3_rotary_axis_bearing,keep_ebf3_leaf,high,bearing_set_heavy is wrong level for retainer; cage geometry lubrication and vacuum material assumptions are hidden,readiness_row_257;ebf3_rotary_axis_bearing_retainer.yaml;bearing_set_heavy.yaml;recipe_bearing_set_heavy_v0.yaml;bearing_set_heavy_production_v0.yaml,Retain EBF3 retainer leaf until cage or retainer route exists
13,ebf3_rotary_axis_bearing_rolling_element_set,ebf3_rotary_axis_bearing,keep_ebf3_leaf,high,bearing_set_heavy is a whole set not rolling elements only; ball or roller grade surface finish and vacuum lubrication assumptions remain unresolved,readiness_row_258;ebf3_rotary_axis_bearing_rolling_element_set.yaml;bearing_set_heavy.yaml;recipe_bearing_set_heavy_v0.yaml;bearing_set_heavy_production_v0.yaml,Retain EBF3 rolling-element leaf; parent-level proxy may be reviewed separately
13,ebf3_rotary_axis_table_hub,ebf3_rotary_axis_table,keep_ebf3_leaf,high,no same-level KB candidate found; hub runout bearing fit and drive coupling geometry are precision-motion assumptions,readiness_row_259;ebf3_rotary_axis_table_hub.yaml;four_axis_positioning_level_2_audit.md;ebf3_source_table_mappings.md,Retain EBF3 hub leaf until a precision hub recipe or parent table proxy is reviewed
13,ebf3_rotary_axis_table_mounting_pattern,ebf3_rotary_axis_table,keep_ebf3_leaf,high,no same-level KB candidate found; datum and mounting pattern tolerances affect rotary positioning and should not be collapsed into generic metal mass,readiness_row_260;ebf3_rotary_axis_table_mounting_pattern.yaml;four_axis_positioning_level_2_audit.md;ebf3_source_table_mappings.md,Retain EBF3 mounting-pattern leaf until datum feature route is explicit
14,ebf3_rotary_axis_table_plate,ebf3_rotary_axis_table,expand_but_flag,medium,metal_sheet_or_plate is only stock/material proxy; table flatness bolt pattern thermal distortion and motion interface can shift lunar process energy and reject rate if treated as finished local part,kb/items/parts/ebf3_rotary_axis_table_plate.yaml;kb/items/parts/metal_sheet_or_plate.yaml;recipe_metal_sheet_or_plate_v0,Use candidate only as material/process sensitivity proxy; retain EBF3 mass and flag precision plate closure
14,ebf3_rotary_encoder_read_head,ebf3_rotary_encoder,expand_but_flag,medium,encoder_rotary_incremental is whole encoder/import-style proxy not read head; resolution vacuum mounting and electronics assumptions affect import mass and lunar capability if collapsed,kb/items/parts/ebf3_rotary_encoder_read_head.yaml;kb/items/parts/encoder_rotary_incremental.yaml;recipe_encoder_rotary_incremental_v0,Use as encoder electronics sensitivity proxy only; keep EBF3 leaf unresolved
14,ebf3_rotary_encoder_scale_ring,ebf3_rotary_encoder,expand_but_flag,medium,whole encoder candidate is not same component as precision scale ring; glass pattern accuracy and mounting are hidden and can affect precision-motion closure,kb/items/parts/ebf3_rotary_encoder_scale_ring.yaml;kb/items/parts/encoder_rotary_incremental.yaml;recipe_encoder_rotary_incremental_v0,Use whole-encoder candidate only for sensitivity; retain scale-ring leaf
14,ebf3_rotary_worm_shaft,ebf3_four_axis_positioning_system,expand_but_flag,medium,worm_gear_set_v0 is broader gear-set proxy; shaft thread profile bearing seats lubrication and finish are precision-motion assumptions,kb/items/parts/ebf3_rotary_worm_shaft.yaml;kb/items/parts/worm_gear_set_v0.yaml;recipe_worm_gear_set_v0,Proxy against worm gear manufacturing only; keep shaft-specific EBF3 leaf
14,ebf3_rotary_worm_wheel,ebf3_four_axis_positioning_system,expand_but_flag,medium,worm_gear_set_v0 is broad gear-set route; wheel tooth geometry material pairing backlash and lubrication drive precision-motion risk,kb/items/parts/ebf3_rotary_worm_wheel.yaml;kb/items/parts/worm_gear_set_v0.yaml;recipe_worm_gear_set_v0,Proxy against gear manufacturing only; keep wheel-specific EBF3 leaf
14,ebf3_safety_logic_board,ebf3_safety_blocking_logic,keep_ebf3_leaf,high,no same-level KB candidate; electronic safety logic hides circuit design qualification and interlock behavior so local/import impact cannot be inferred,kb/items/parts/ebf3_safety_logic_board.yaml;readiness:no_candidate,Retain trusted EBF3 leaf pending electronics/import decision
14,ebf3_safety_relay_or_interlock_set,ebf3_safety_blocking_logic,keep_ebf3_leaf,high,no same-level KB candidate; relay/interlock ratings fail-safe behavior and certification assumptions affect capability if guessed,kb/items/parts/ebf3_safety_relay_or_interlock_set.yaml;readiness:no_candidate,Retain trusted EBF3 leaf pending safety hardware breakdown
14,ebf3_sectioned_hv_step_up_transformer,ebf3_hv_section_module_set,expand_but_flag,medium,high_voltage_transformer is same broad function but not sectioned EBF HV module; winding geometry insulation section topology and potting assumptions affect HV closure and energy,kb/items/parts/ebf3_sectioned_hv_step_up_transformer.yaml;kb/items/parts/high_voltage_transformer.yaml;recipe_high_voltage_transformer_v0,Use as HV transformer sensitivity proxy only; keep sectioned EBF3 leaf
14,ebf3_sensor_interface_board,ebf3_sensor_interface_module,keep_ebf3_leaf,high,no same-level KB candidate; sensor interface electronics hide board fabrication components and lunar electronics capability,kb/items/parts/ebf3_sensor_interface_board.yaml;readiness:no_candidate,Retain trusted EBF3 leaf pending electronics/import decision
14,ebf3_sensor_interface_connector_set,ebf3_sensor_interface_module,expand_but_flag,medium,connector_electrical_multi_pin is broad connector recipe; pin count shielding rating and environment are hidden and register marks candidate not accurate enough,kb/items/parts/ebf3_sensor_interface_connector_set.yaml;kb/items/parts/connector_electrical_multi_pin.yaml;recipe_connector_electrical_multi_pin_v0;ebf3_existing_item_replacement_register.md,Use connector candidate only as sensitivity proxy; retain EBF3 connector leaf
14,ebf3_sensor_interface_shield,ebf3_sensor_interface_module,keep_ebf3_leaf,high,no same-level KB candidate; shield material and EMI/HV adjacency assumptions affect electronics reliability and cannot be collapsed to generic metal,kb/items/parts/ebf3_sensor_interface_shield.yaml;readiness:no_candidate,Retain trusted EBF3 leaf and choose material later
14,ebf3_sensor_signal_conditioning_front_end,ebf3_sensor_interface_module,keep_ebf3_leaf,high,no same-level KB candidate; analog front-end electronics hide precision components calibration and import/local electronics assumptions,kb/items/parts/ebf3_sensor_signal_conditioning_front_end.yaml;readiness:no_candidate,Retain EBF3 leaf pending electronics/import decision
14,ebf3_spatter_shield_mounting_tab_set,ebf3_spatter_shielding,keep_ebf3_leaf,medium,no same-level KB candidate; simple metal likely but mounting geometry and thermal/spatter exposure are not represented by an approved KB replacement,kb/items/parts/ebf3_spatter_shield_mounting_tab_set.yaml;readiness:no_candidate,Retain EBF3 leaf; later map to chosen metal fabrication route if needed
14,ebf3_spatter_shield_retainer_set,ebf3_spatter_shielding,keep_ebf3_leaf,medium,no same-level KB candidate; retainer load temperature and shield interface are still EBF3-specific at this resolution,kb/items/parts/ebf3_spatter_shield_retainer_set.yaml;readiness:no_candidate,Retain EBF3 leaf; later map to metal hardware route if needed
14,ebf3_spool_brake_adjuster_knob,ebf3_spool_brake_adjuster,keep_ebf3_leaf,medium,no same-level KB candidate; likely simple hardware but material and insulation/heat assumptions are not encoded by an existing replacement,kb/items/parts/ebf3_spool_brake_adjuster_knob.yaml;readiness:no_candidate,Retain EBF3 leaf; later choose steel or ceramic route
14,ebf3_spool_brake_washer,ebf3_wire_feeder,expand_but_flag,medium,fastener_kit_medium contains washers but is not same function; friction wear and surface behavior are part of spool brake performance and register marks candidate not accurate enough,kb/items/parts/ebf3_spool_brake_washer.yaml;kb/items/parts/fastener_kit_medium.yaml;recipe_fastener_kit_medium_assembly_v0;ebf3_existing_item_replacement_register.md,Use fastener kit only as washer mass/process sensitivity proxy; keep brake-washer leaf
14,ebf3_spool_hub,ebf3_wire_feeder,keep_ebf3_leaf,high,no same-level KB candidate; hub bore rotation bearing/bushing assumptions would affect wire-feed capability if guessed,kb/items/parts/ebf3_spool_hub.yaml;readiness:no_candidate,Retain EBF3 hub leaf pending shaft/hub design detail
14,ebf3_spool_retaining_ring,ebf3_wire_feeder,keep_ebf3_leaf,high,no same-level KB candidate; groove geometry spring behavior and retaining function are not covered by a trusted KB part,kb/items/parts/ebf3_spool_retaining_ring.yaml;readiness:no_candidate,Retain EBF3 retaining-ring leaf
14,ebf3_spool_support_shaft,ebf3_wire_feeder,expand_but_flag,medium,steel_shaft is same broad shaft class with local machining route but length bearing seats finish and straightness are hidden and can affect wire-feed reliability,kb/items/parts/ebf3_spool_support_shaft.yaml;kb/items/parts/steel_shaft.yaml;recipe_steel_shaft_v0,Use steel_shaft as sensitivity proxy only; keep EBF3 shaft mass and precision flag
14,ebf3_substrate_clamp_insulating_pad_set,ebf3_substrate_clamp,keep_ebf3_leaf,high,no same-level KB candidate; ceramic pad dielectric thermal contact and beam-current return assumptions are EBF-specific and affect lunar manufacture/import choice,kb/items/parts/ebf3_substrate_clamp_insulating_pad_set.yaml;recipe_alumina_ceramic_v0;recipe_porcelain_insulator_v0;recipe_fused_silica_v0,Retain EBF3 leaf; later choose ceramic/silica material route explicitly
15,ebf3_substrate_clamp_jaw_set,ebf3_substrate_clamp,keep_ebf3_leaf,high,No same-level KB candidate; clamp jaw contact geometry and tolerance affect fixture mass and manufacturing energy if collapsed to stock metal,readiness_csv_row_281;replacement_register_no_exact_row;kb/items/parts/ebf3_substrate_clamp_jaw_set.yaml,Retain EBF3 leaf and later assign material/process route
15,ebf3_tank_side_bushing_cable_socket_interface,ebf3_tank_side_hv_output_bushing,keep_ebf3_leaf,high,Assembled cable harness is wrong functional object; HV socket geometry stress control and seal boundary affect lunar capability and import mass,readiness_csv_row_282;replacement_register_rows_123-124;kb/items/parts/ebf3_tank_side_bushing_cable_socket_interface.yaml;kb/items/parts/assembled_cable_harness.yaml;kb/recipes/recipe_assembled_cable_harness_v0.yaml,Retain EBF3 leaf and decompose HV connector/feedthrough assumptions
15,ebf3_tank_side_bushing_central_conductor,ebf3_tank_side_hv_output_bushing,keep_ebf3_leaf,high,Electrical wire stock is wrong functional object; bushing conductor surface field termination and sealing constraints are hidden,readiness_csv_row_283;replacement_register_row_123;kb/items/parts/ebf3_tank_side_bushing_central_conductor.yaml;kb/items/materials/electrical_wire_and_connectors.yaml;kb/recipes/recipe_electrical_wire_and_connectors_v0.yaml,Retain EBF3 leaf and decide conductor material plus HV finish
15,ebf3_tank_side_bushing_field_grading_shield,ebf3_tank_side_hv_output_bushing,keep_ebf3_leaf,high,No same-level KB candidate; field grading geometry is a core HV assumption and wrong substitution would understate dielectric risk,readiness_csv_row_284;replacement_register_no_exact_row;kb/items/parts/ebf3_tank_side_bushing_field_grading_shield.yaml,Retain EBF3 leaf and resolve shield geometry/material
15,ebf3_tank_side_bushing_insulator_body,ebf3_tank_side_hv_output_bushing,keep_ebf3_leaf,high,No same-level KB candidate; ceramic body hides creepage dielectric and vacuum/oil sealing assumptions if reduced to generic material,readiness_csv_row_285;replacement_register_no_exact_row;kb/items/parts/ebf3_tank_side_bushing_insulator_body.yaml,Retain EBF3 leaf and resolve HV ceramic readiness
15,ebf3_tank_side_bushing_mounting_flange,ebf3_tank_side_hv_output_bushing,keep_ebf3_leaf,high,No same-level KB candidate; flange seal groove and tank interface affect vacuum/HV boundary and fabrication energy,readiness_csv_row_286;replacement_register_no_exact_row;kb/items/parts/ebf3_tank_side_bushing_mounting_flange.yaml,Retain EBF3 leaf and define flange process route
15,ebf3_thermal_imager_housing,ebf3_thermal_imaging_monitoring_system,expand_but_flag,medium,Electrical enclosure is only a coarse metal housing process proxy; thermal camera geometry and mass are not represented,readiness_csv_row_287;replacement_register_no_exact_row;kb/items/parts/ebf3_thermal_imager_housing.yaml;kb/items/parts/enclosure_electrical_medium.yaml;kb/recipes/recipe_enclosure_electrical_medium_v0.yaml;kb/recipes/recipe_enclosure_electrical_medium_regolith_v1.yaml,Use EBF3 mass and flag housing geometry/thermal sensitivity
15,ebf3_thermal_imager_lens_assembly,ebf3_thermal_imaging_monitoring_system,keep_ebf3_leaf,high,Magnifying lens is not same-function for thermal imaging; wavelength material coating and vacuum thermal assumptions could flip import/local result,readiness_csv_row_288;replacement_register_no_exact_row;kb/items/parts/ebf3_thermal_imager_lens_assembly.yaml;kb/items/parts/lens_assembly_magnifying_v0.yaml;kb/recipes/recipe_lens_assembly_magnifying_v0.yaml,Retain EBF3 leaf and decide thermal-optic material
15,ebf3_thermal_imager_processing_board,ebf3_thermal_imaging_monitoring_system,keep_ebf3_leaf,high,No same-level KB candidate; electronics function and thermal camera processing capability are hidden and likely affect import mass,readiness_csv_row_289;replacement_register_no_exact_row;kb/items/parts/ebf3_thermal_imager_processing_board.yaml,Retain EBF3 leaf and later encode electronics import/decomposition
15,ebf3_thermal_imager_sensor_module,ebf3_thermal_imaging_monitoring_system,keep_ebf3_leaf,high,No same-level KB candidate; thermal sensor fabrication is a high-risk electronics/optics assumption not captured by coarse materials,readiness_csv_row_290;replacement_register_no_exact_row;kb/items/parts/ebf3_thermal_imager_sensor_module.yaml,Retain EBF3 leaf and later encode detector import/decomposition
15,ebf3_thermal_isolation_standoff_body_set,ebf3_thermal_isolation_standoffs,keep_ebf3_leaf,high,No same-level KB candidate; standoff material controls thermal isolation and possible electrical isolation so local closure is unproven,readiness_csv_row_291;replacement_register_no_exact_row;kb/items/parts/ebf3_thermal_isolation_standoff_body_set.yaml,Retain EBF3 leaf and choose ceramic/metal route
15,ebf3_thermal_isolation_standoff_fastener_interface_set,ebf3_thermal_isolation_standoffs,keep_ebf3_leaf,high,Thermal interface material is a wrong-level material proxy for a mechanical interface; using it would hide washer/fastener geometry and material,readiness_csv_row_292;replacement_register_no_exact_row;kb/items/parts/ebf3_thermal_isolation_standoff_fastener_interface_set.yaml;kb/items/materials/thermal_interface_material.yaml;kb/recipes/recipe_thermal_interface_material_v0.yaml,Retain EBF3 leaf and decide whether interface is metal or ceramic
15,ebf3_thermal_isolation_standoff_washer_set,ebf3_thermal_isolation_standoffs,keep_ebf3_leaf,high,Fastener kit is not safe because this washer set is an insulating/thermal isolation element; steel kit would misstate local capability,readiness_csv_row_293;replacement_register_no_exact_row;kb/items/parts/ebf3_thermal_isolation_standoff_washer_set.yaml;kb/items/parts/fastener_kit_medium.yaml;kb/recipes/recipe_fastener_kit_medium_assembly_v0.yaml,Retain EBF3 leaf and define insulating washer material
15,ebf3_timebase_oscillator_module,ebf3_data_logger_timebase,keep_ebf3_leaf,high,No same-level KB candidate; precision oscillator electronics are hidden and wrong local manufacture would undercount Earth import,readiness_csv_row_294;replacement_register_no_exact_row;kb/items/parts/ebf3_timebase_oscillator_module.yaml,Retain EBF3 leaf and later encode electronics import/decomposition
15,ebf3_transformer_insulation_barrier_set,ebf3_transformer_insulation_spacers,keep_ebf3_leaf,high,High-voltage transformer is a whole assembly not an insulation barrier; recipe composition would hide dielectric spacer material and overstate mass/energy,readiness_csv_row_295;replacement_register_no_exact_row;kb/items/parts/ebf3_transformer_insulation_barrier_set.yaml;kb/items/parts/high_voltage_transformer.yaml;kb/recipes/recipe_high_voltage_transformer_v0.yaml,Retain EBF3 leaf and resolve oil-side insulation material
15,ebf3_transformer_spacer_post_set,ebf3_transformer_insulation_spacers,keep_ebf3_leaf,high,High-voltage transformer is not same-level for spacer posts; using it would mix core/winding closure into a dielectric support item,readiness_csv_row_296;replacement_register_no_exact_row;kb/items/parts/ebf3_transformer_spacer_post_set.yaml;kb/items/parts/high_voltage_transformer.yaml;kb/recipes/recipe_high_voltage_transformer_v0.yaml,Retain EBF3 leaf and resolve post material/rating
15,ebf3_visible_camera_housing,ebf3_visible_camera,keep_ebf3_leaf,medium,Machine vision camera is a whole camera not housing; substitution would double-count electronics/lens and hide housing fabrication,readiness_csv_row_297;replacement_register_no_exact_row;kb/items/parts/ebf3_visible_camera_housing.yaml;kb/items/parts/machine_vision_camera_v0.yaml;kb/recipes/recipe_machine_vision_camera_v0.yaml,Retain EBF3 housing leaf or use only a separate housing proxy later
15,ebf3_visible_camera_lens_assembly,ebf3_visible_camera,keep_ebf3_leaf,high,Machine vision camera is wrong level for lens assembly; optical tolerance and thermal/vacuum exposure remain separate assumptions,readiness_csv_row_298;replacement_register_no_exact_row;kb/items/parts/ebf3_visible_camera_lens_assembly.yaml;kb/items/parts/machine_vision_camera_v0.yaml;kb/recipes/recipe_machine_vision_camera_v0.yaml,Retain EBF3 leaf and resolve optical route
15,ebf3_visible_camera_sensor_module,ebf3_visible_camera,keep_ebf3_leaf,high,Machine vision camera includes lens and gasket and is not same-level for sensor electronics; import/local electronics closure would be hidden,readiness_csv_row_299;replacement_register_no_exact_row;kb/items/parts/ebf3_visible_camera_sensor_module.yaml;kb/items/parts/machine_vision_camera_v0.yaml;kb/recipes/recipe_machine_vision_camera_v0.yaml,Retain EBF3 leaf and later encode sensor import/decomposition
15,ebf3_wire_feed_control_board,ebf3_wire_feed_control_module,keep_ebf3_leaf,high,No same-level KB candidate; control board electronics capability affects import mass and cannot be inferred from coarse KB parts,readiness_csv_row_300;replacement_register_no_exact_row;kb/items/parts/ebf3_wire_feed_control_board.yaml,Retain EBF3 leaf and later encode electronics import/decomposition
16,ebf3_wire_feed_control_connector_set,ebf3_wire_feed_control_module,expand_but_flag,medium,Same function connector candidate exists but pin count shielding rating and environment are hidden so lunar local closure could be false,readiness_row_301|register:not_enough_accuracy|kb/items/parts/ebf3_wire_feed_control_connector_set.yaml|kb/items/parts/connector_electrical_multi_pin.yaml|kb/recipes/recipe_connector_electrical_multi_pin_v0.yaml,Use connector candidate only as flagged sensitivity proxy and preserve EBF3 leaf for trusted BOM
16,ebf3_wire_feed_control_shield,ebf3_wire_feed_control_module,keep_ebf3_leaf,high,No same level KB candidate and shield function may encode EMI or electrical environment assumptions,readiness_row_302|kb/items/parts/ebf3_wire_feed_control_shield.yaml,Retain EBF3 leaf until shield material and route are chosen
16,ebf3_wire_feed_drive_roll_body,ebf3_wire_feed_drive_roll,keep_ebf3_leaf,high,No same level KB candidate and drive roll geometry affects feed force wear and energy if generalized,readiness_row_303|kb/items/parts/ebf3_wire_feed_drive_roll_body.yaml,Retain EBF3 leaf and later assign material/process route
16,ebf3_wire_feed_drive_roll_groove_profile,ebf3_wire_feed_drive_roll,keep_ebf3_leaf,high,No same level KB candidate and groove profile is performance defining for wire contact and feed reliability,readiness_row_304|kb/items/parts/ebf3_wire_feed_drive_roll_groove_profile.yaml,Retain EBF3 leaf
16,ebf3_wire_feed_encoder_sensor_body,ebf3_wire_feed_encoder_sensor,expand_but_flag,medium,Encoder candidate is close mass and same sensing function but hides resolution electronics vacuum mounting and import/local assumptions,readiness_row_305|kb/items/parts/ebf3_wire_feed_encoder_sensor_body.yaml|kb/items/parts/encoder_rotary_incremental.yaml|kb/recipes/recipe_encoder_rotary_incremental_v0.yaml,Use only as flagged encoder sensitivity proxy
16,ebf3_wire_feed_encoder_target,ebf3_wire_feed_encoder_sensor,keep_ebf3_leaf,high,Candidate is a complete encoder while this leaf is a metal target so replacement would falsely add electronics import and energy assumptions,readiness_row_306|kb/items/parts/ebf3_wire_feed_encoder_target.yaml|kb/items/parts/encoder_rotary_incremental.yaml|kb/recipes/recipe_encoder_rotary_incremental_v0.yaml,Retain EBF3 metal target leaf
16,ebf3_wire_feed_gearbox,ebf3_wire_feed_gearmotor,expand_but_flag,medium,Gearbox candidate is same broad function but 35 kg generic route hides torque ratio lubrication sealing and vacuum compatibility,readiness_row_307|kb/items/parts/ebf3_wire_feed_gearbox.yaml|kb/items/parts/gearbox_reducer_small.yaml|kb/recipes/recipe_gearbox_reducer_small_v0.yaml,Use mass-normalized gearbox route only as flagged sensitivity proxy
16,ebf3_wire_feed_idler_arm,ebf3_wire_feed_pressure_arm,keep_ebf3_leaf,high,No same level KB candidate and pivot stiffness wear and vacuum details remain EBF3 specific,readiness_row_308|kb/items/parts/ebf3_wire_feed_idler_arm.yaml,Retain EBF3 leaf
16,ebf3_wire_feed_motor_body,ebf3_wire_feed_gearmotor,expand_but_flag,medium,Stepper candidate is same broad motor function but complete motor route hides torque insulation electronics and vacuum suitability,readiness_row_309|kb/items/parts/ebf3_wire_feed_motor_body.yaml|kb/items/parts/stepper_motor_precision.yaml|kb/recipes/recipe_stepper_motor_precision_v0.yaml,Use only as flagged motor sensitivity proxy
16,ebf3_wire_feed_motor_clamp_insulator,ebf3_wire_feeder,keep_ebf3_leaf,high,Stepper motor candidate is wrong level and would hide dielectric vacuum material and isolation assumptions,readiness_row_310|kb/items/parts/ebf3_wire_feed_motor_clamp_insulator.yaml|kb/items/parts/stepper_motor_precision.yaml|kb/recipes/recipe_stepper_motor_precision_v0.yaml,Retain EBF3 insulator leaf
16,ebf3_wire_feed_motor_driver_stage,ebf3_wire_feed_control_module,keep_ebf3_leaf,high,Stepper motor candidate is not a driver stage and would hide power electronics closure and import mass assumptions,readiness_row_311|kb/items/parts/ebf3_wire_feed_motor_driver_stage.yaml|kb/items/parts/stepper_motor_precision.yaml|kb/recipes/recipe_stepper_motor_precision_v0.yaml,Retain EBF3 driver stage leaf
16,ebf3_wire_feed_motor_housing,ebf3_wire_feed_gearmotor,keep_ebf3_leaf,high,Complete stepper motor candidate is wrong level for a housing and would add coil electronics assumptions to a metal part,readiness_row_312|kb/items/parts/ebf3_wire_feed_motor_housing.yaml|kb/items/parts/stepper_motor_precision.yaml|kb/recipes/recipe_stepper_motor_precision_v0.yaml,Retain EBF3 housing leaf
16,ebf3_wire_feed_motor_mount_clamp_alignment_pin_set,ebf3_wire_feed_motor_mount_clamp,keep_ebf3_leaf,high,Stepper motor candidate is wrong function for alignment pins and would distort local capability and energy,readiness_row_313|kb/items/parts/ebf3_wire_feed_motor_mount_clamp_alignment_pin_set.yaml|kb/items/parts/stepper_motor_precision.yaml|kb/recipes/recipe_stepper_motor_precision_v0.yaml,Retain EBF3 pin set leaf
16,ebf3_wire_feed_motor_mount_clamp_fastener_set,ebf3_wire_feed_motor_mount_clamp,keep_ebf3_leaf,medium,Listed candidate is wrong function and no approved same level fastener replacement is registered for this clamp role,readiness_row_314|register:active_replacements_checked|kb/items/parts/ebf3_wire_feed_motor_mount_clamp_fastener_set.yaml|kb/items/parts/stepper_motor_precision.yaml,Retain EBF3 fastener leaf unless later approved as standard hardware
16,ebf3_wire_feed_motor_mount_clamp_half_set,ebf3_wire_feed_motor_mount_clamp,keep_ebf3_leaf,high,Stepper motor candidate is wrong level for clamp halves and would hide clamp geometry stiffness and interface tolerances,readiness_row_315|kb/items/parts/ebf3_wire_feed_motor_mount_clamp_half_set.yaml|kb/items/parts/stepper_motor_precision.yaml|kb/recipes/recipe_stepper_motor_precision_v0.yaml,Retain EBF3 clamp half leaf
16,ebf3_wire_feed_pressure_arm_pivot_pin,ebf3_wire_feed_pressure_arm,keep_ebf3_leaf,high,No same level KB candidate and pivot wear retention and bearing interface are unresolved,readiness_row_316|kb/items/parts/ebf3_wire_feed_pressure_arm_pivot_pin.yaml,Retain EBF3 pivot pin leaf
16,ebf3_wire_feed_pressure_roll,ebf3_wire_feed_pressure_arm,keep_ebf3_leaf,high,No same level KB candidate and pressure roll groove wear and vacuum bearing interface affect feed performance,readiness_row_317|kb/items/parts/ebf3_wire_feed_pressure_roll.yaml,Retain EBF3 pressure roll leaf
16,ebf3_wire_feed_roll_bearing_set,ebf3_drive_roll_carrier,expand_but_flag,medium,Bearing candidate is same broad function and local precision route exists but mass scale preload lubrication sealing and vacuum compatibility are hidden,readiness_row_318|kb/items/parts/ebf3_wire_feed_roll_bearing_set.yaml|kb/items/parts/bearing_set_heavy.yaml|kb/recipes/recipe_bearing_set_heavy_v0.yaml,Use only as mass-normalized flagged bearing sensitivity proxy
16,ebf3_wire_feeder_base_mounting_slot_set,ebf3_wire_feeder_base,keep_ebf3_leaf,high,No same level KB candidate and mounting slots are datum features rather than independent stock material,readiness_row_319|kb/items/parts/ebf3_wire_feeder_base_mounting_slot_set.yaml,Retain EBF3 feature leaf
16,ebf3_wire_feeder_base_plate,ebf3_wire_feeder_base,expand_but_flag,medium,Metal plate candidate can proxy material and sheet route but not finished flat base geometry slots or stiffness tolerance,readiness_row_320|kb/items/parts/ebf3_wire_feeder_base_plate.yaml|kb/items/parts/metal_sheet_or_plate.yaml|kb/recipes/recipe_metal_sheet_or_plate_v0.yaml,Use metal plate only as flagged material/process sensitivity proxy
17,ebf3_wire_feeder_base_standoff_set,ebf3_wire_feeder_base,keep_ebf3_leaf,high,"No same-level KB candidate; substituting raw alumina/steel would hide part fabrication route, import mass accounting, and energy allocation.",readiness_row_321;kb/items/parts/ebf3_wire_feeder_base_standoff_set.yaml,Keep EBF3 leaf; later choose ceramic or steel route explicitly
17,ebf3_wire_feeder_base_stiffener,ebf3_wire_feeder,keep_ebf3_leaf,high,"No same-level stiffener candidate; generic material reuse would blur local manufacture, small import mass, and machining energy.",readiness_row_322;kb/items/parts/ebf3_wire_feeder_base_stiffener.yaml,Keep EBF3 leaf; later assign structural metal fabrication route
17,ebf3_wire_feeder_feedthrough_air_side_connector,ebf3_wire_feeder_feedthrough_connector,keep_ebf3_leaf,high,"connector_electrical_multi_pin is a generic connector, not reliable for a feedthrough air-side interface; pinout, rating, seal adjacency, and service boundary are hidden.",readiness_row_323;connector_electrical_multi_pin;kb/items/parts/ebf3_wire_feeder_feedthrough_air_side_connector.yaml,Keep EBF3 connector leaf; review feedthrough connector ratings explicitly
17,ebf3_wire_feeder_feedthrough_flange,ebf3_wire_feeder_feedthrough_connector,expand_but_flag,medium,"electrical_feedthrough_vacuum is same broad feedthrough family, but whole 1 kg feedthrough vs 0.08 kg flange hides seal geometry, bolt pattern, and mass scaling.",readiness_row_324;electrical_feedthrough_vacuum;kb/items/parts/ebf3_wire_feeder_feedthrough_flange.yaml,Use only as feedthrough fabrication sensitivity proxy with EBF3 mass retained
17,ebf3_wire_feeder_feedthrough_insulator_body,ebf3_wire_feeder_feedthrough_connector,expand_but_flag,medium,"electrical_feedthrough_vacuum is same broad feedthrough family, but whole assembly hides ceramic grade, pin sealing, creepage, and vacuum compatibility.",readiness_row_325;electrical_feedthrough_vacuum;kb/items/parts/ebf3_wire_feeder_feedthrough_insulator_body.yaml,Use only as feedthrough/ceramic sensitivity proxy; keep dielectric risk flagged
17,ebf3_wire_feeder_feedthrough_motor_power_pin_set,ebf3_wire_feeder_feedthrough_connector,expand_but_flag,medium,"electrical_feedthrough_vacuum includes conductors, but not same-level pin-set closure; current rating, spacing, insulation, and sealing remain hidden.",readiness_row_326;electrical_feedthrough_vacuum;kb/items/parts/ebf3_wire_feeder_feedthrough_motor_power_pin_set.yaml,Use only as feedthrough conductor sensitivity proxy; do not mark reliable pin closure
17,ebf3_wire_feeder_feedthrough_shield_termination_interface,ebf3_wire_feeder_feedthrough_connector,keep_ebf3_leaf,high,"electrical_feedthrough_vacuum is a whole feedthrough, not a shield termination interface; grounding, EMI behavior, and isolation geometry would be invented.",readiness_row_327;electrical_feedthrough_vacuum;kb/items/parts/ebf3_wire_feeder_feedthrough_shield_termination_interface.yaml,Keep EBF3 shield-termination leaf; review grounding and shield interface explicitly
17,ebf3_wire_feeder_feedthrough_signal_pin_set,ebf3_wire_feeder_feedthrough_connector,expand_but_flag,medium,"electrical_feedthrough_vacuum is same broad feedthrough family, but hides signal pin count, shielding, isolation, voltage rating, and scaling.",readiness_row_328;electrical_feedthrough_vacuum;kb/items/parts/ebf3_wire_feeder_feedthrough_signal_pin_set.yaml,Use only as signal-feedthrough sensitivity proxy with EBF3 mass retained
17,ebf3_wire_feeder_feedthrough_vacuum_side_connector,ebf3_wire_feeder_feedthrough_connector,keep_ebf3_leaf,high,"connector_electrical_multi_pin is a generic connector; vacuum compatibility, pin count, material stack, rating, and feedthrough-side environment are hidden.",readiness_row_329;connector_electrical_multi_pin;kb/items/parts/ebf3_wire_feeder_feedthrough_vacuum_side_connector.yaml,Keep EBF3 vacuum-side connector leaf; do not use generic connector as closure
17,ebf3_wire_feeder_gun_bracket_alignment_pin_set,ebf3_wire_feeder_mount_to_gun_bracket,keep_ebf3_leaf,high,"No same-level candidate; alignment pins affect beam geometry, so generic steel would hide precision manufacture, mass, and energy assumptions.",readiness_row_330;kb/items/parts/ebf3_wire_feeder_gun_bracket_alignment_pin_set.yaml,Keep EBF3 leaf; resolve pin fit and bracket alignment route
17,ebf3_wire_feeder_gun_bracket_body,ebf3_wire_feeder_mount_to_gun_bracket,keep_ebf3_leaf,high,"No bracket-body candidate; stiffness and thermal alignment drive fabrication, import mass, and machining energy.",readiness_row_331;kb/items/parts/ebf3_wire_feeder_gun_bracket_body.yaml,Keep EBF3 bracket body leaf; define structural route later
17,ebf3_wire_feeder_gun_bracket_fastener_interface_set,ebf3_wire_feeder_mount_to_gun_bracket,expand_but_flag,medium,"fastener_kit_medium is plausible for non-precision fastening, but generic 1 kg kit can overstate mass and hide interface-specific hardware.",readiness_row_332;fastener_kit_medium;kb/items/parts/ebf3_wire_feeder_gun_bracket_fastener_interface_set.yaml,Use fastener kit only as coarse sensitivity proxy; keep bracket interface risk flagged
17,ebf3_wire_inlet_guide,ebf3_wire_feeder,keep_ebf3_leaf,high,"No same-level wire guide candidate; motion tolerance, wear, and lubrication affect local capability, import mass, and finishing energy.",readiness_row_333;kb/items/parts/ebf3_wire_inlet_guide.yaml,Keep EBF3 leaf; choose guide material and finish route later
17,ebf3_wire_outlet_guide_tube,ebf3_wire_feeder,keep_ebf3_leaf,high,"No same-level guide tube candidate; feed path tolerance and surface finish would be lost, affecting manufacture/import mass/energy.",readiness_row_334;kb/items/parts/ebf3_wire_outlet_guide_tube.yaml,Keep EBF3 leaf; define tube/guide route later
17,ebf3_wire_spool_core,ebf3_wire_spool,keep_ebf3_leaf,high,No same-level spool core candidate; raw metal substitution would erase simple part mass and fabrication energy accounting.,readiness_row_335;kb/items/parts/ebf3_wire_spool_core.yaml,Keep EBF3 spool-core leaf; later map to simple metal part if needed
17,ebf3_wire_spool_flange_set,ebf3_wire_spool,keep_ebf3_leaf,high,"No same-level flange-set candidate; keeping leaf preserves spool part manufacture, import mass, and forming/machining energy.",readiness_row_336;kb/items/parts/ebf3_wire_spool_flange_set.yaml,Keep EBF3 flange-set leaf; later map to spool fabrication route
17,ebf3_wire_spool_retention_feature_set,ebf3_wire_spool,keep_ebf3_leaf,high,"No same-level retention feature candidate; generic material would hide small hardware function, mass, and fabrication energy.",readiness_row_337;kb/items/parts/ebf3_wire_spool_retention_feature_set.yaml,Keep EBF3 retention-feature leaf
17,ebf3_x_axis_ball_screw_shaft,ebf3_ball_screw_shafts,expand_but_flag,medium,"ball_screw_assembly can proxy precision motion only coarsely; assembly mass hides shaft/nut split, preload, and accuracy-class energy.",readiness_row_338;ball_screw_assembly;kb/items/parts/ebf3_x_axis_ball_screw_shaft.yaml,Use only as ball-screw sensitivity proxy; retain shaft-level risk
17,ebf3_y_axis_ball_screw_shaft,ebf3_ball_screw_shafts,expand_but_flag,medium,ball_screw_assembly is useful sensitivity proxy but not shaft-level; mass and precision manufacturing energy are distorted.,readiness_row_339;ball_screw_assembly;kb/items/parts/ebf3_y_axis_ball_screw_shaft.yaml,Use only as ball-screw sensitivity proxy; retain shaft-level risk
17,ebf3_z_axis_ball_screw_shaft,ebf3_ball_screw_shafts,expand_but_flag,medium,"ball_screw_assembly is an assembly-level motion proxy; shaft accuracy, preload, import mass, and grinding energy need flagging.",readiness_row_340;ball_screw_assembly;kb/items/parts/ebf3_z_axis_ball_screw_shaft.yaml,Use only as ball-screw sensitivity proxy; retain shaft-level risk
18,ebf3_z_axis_brake_body,ebf3_z_axis_brake,keep_ebf3_leaf,high,"No same-level KB candidate; electronics_board_proxy is wrong level/function for a brake body and would distort local capability, import mass, and energy.",readiness_row_341;kb/items/parts/ebf3_z_axis_brake_body.yaml,Keep EBF3 brake-body leaf; decompose brake or encode import explicitly
18,ebf3_z_axis_brake_friction_disc,ebf3_z_axis_brake,keep_ebf3_leaf,high,"No same-level KB candidate; composite_placeholder cannot represent friction wear/load behavior, so local manufacture and process energy would be invented.",readiness_row_342;kb/items/parts/ebf3_z_axis_brake_friction_disc.yaml,Keep EBF3 friction-disc leaf until material stack or import is decided
18,ebf3_z_axis_brake_mount,ebf3_z_axis_brake,keep_ebf3_leaf,high,"No same-level KB candidate; steel is only a material guess and does not encode mount tolerance, interface machining, or energy route.",readiness_row_343;kb/items/parts/ebf3_z_axis_brake_mount.yaml,Keep EBF3 mount leaf; later assign metal or insulating route explicitly
18,ebf3_z_axis_counterbalance_anchor_set,ebf3_z_axis_counterbalance,keep_ebf3_leaf,high,"No same-level KB candidate; steel material guess does not encode anchor geometry, load path, fastening, import mass, or fabrication energy.",readiness_row_344;kb/items/parts/ebf3_z_axis_counterbalance_anchor_set.yaml,Keep EBF3 anchor leaf; define counterbalance hardware route later
18,ebf3_z_axis_counterbalance_force_element,ebf3_z_axis_counterbalance,keep_ebf3_leaf,high,"No same-level KB candidate; force element may be spring, counterweight, or actuator-specific, so plain steel would fake motion behavior and energy.",readiness_row_345;kb/items/parts/ebf3_z_axis_counterbalance_force_element.yaml,Keep EBF3 leaf; decompose into weight/spring/actuator or encode import
18,ebf3_z_axis_counterbalance_guide_or_link,ebf3_z_axis_counterbalance,keep_ebf3_leaf,high,"No same-level KB candidate; steel is only a material guess and hides guide/link wear, alignment, lubrication, and fabrication route.",readiness_row_346;kb/items/parts/ebf3_z_axis_counterbalance_guide_or_link.yaml,Keep EBF3 guide/link leaf; define motion-interface route later
