source_row_number,item,cad_file,website_status,website_reason,step_export_status,material_primary,material_specificity,function_evidence_basis,mass_evidence_basis,material_evidence_basis,how_to_make_evidence_basis
2,1A1,1A1_back_plate,No link,no original BOM link and no web source recorded in the result,matched_existing,aluminum alloy,Specific material,bom_provided,engineering_hypothesis,engineering_hypothesis,engineering_hypothesis
3,1A2,1A2_flange_schlieren_imaging,No link,no original BOM link and no web source recorded in the result,matched_existing,unknown structural metal/alloy,Unknown/unspecified material,bom_provided,engineering_hypothesis,engineering_hypothesis,engineering_hypothesis
4,1A3,1A3_mounting_plate_flow_rectifier,Found link,"research result contains at least one web source, but no row-specific vendor-spec evidence was recorded",matched_existing,unknown structural metal/alloy,Unknown/unspecified material,bom_provided,engineering_hypothesis,engineering_hypothesis,engineering_hypothesis
5,1A41,1A41_SM2A53-Step,Useful link,original BOM link is row-specific/useful; research result has independent vendor-spec evidence,matched_existing,anodized aluminum,Specific material,bom_provided,independent_vendor_spec,independent_vendor_spec,engineering_hypothesis
6,1A42,1A42_flange_schlieren_imaging,No link,no original BOM link and no web source recorded in the result,matched_existing,unknown structural metal/alloy,Unknown/unspecified material,bom_provided,engineering_hypothesis,engineering_hypothesis,engineering_hypothesis
7,1A51,1A51_seal,Unusable link,Original BOM link is a vendor homepage.,matched_existing,unknown elastomeric gasket or seal material,Unknown/unspecified material,bom_provided,engineering_hypothesis,engineering_hypothesis,engineering_hypothesis
8,1A52,1A52_cover,Found link,"research result contains at least one web source, but no row-specific vendor-spec evidence was recorded",matched_existing,unknown metal/alloy cover-plate material,Unknown/unspecified material,bom_provided,engineering_hypothesis,engineering_hypothesis,engineering_hypothesis
9,1B1,1B1_door_plate,No link,no original BOM link and no web source recorded in the result,matched_existing,Aluminum 6061,Specific material,bom_provided,bom_provided,bom_provided,engineering_hypothesis
10,1B2,1B2_handle,Useful link,original BOM link is row-specific/useful,matched_existing,"Stainless steel precision casting 1.4408, matte blasted GS finish",Specific material,bom_provided,bom_provided,bom_provided,engineering_hypothesis
11,1B3,1B3_flange_schlieren_imaging,No link,no original BOM link and no web source recorded in the result,matched_existing,unknown structural metal/alloy,Unknown/unspecified material,bom_provided,engineering_hypothesis,engineering_hypothesis,engineering_hypothesis
12,1B41,1B41_glas,Useful link,research result has independent vendor-spec evidence,matched_existing,laser-protective mineral/safety glass panel; exact filter grade and coating/lamination stack unknown,Unknown/unspecified material,independent_vendor_spec,bom_provided,independent_vendor_spec,independent_vendor_spec
13,1B42,1B42_seal,Unusable link,Original BOM link is a vendor homepage.,matched_existing,"unknown LiSEMA flat-gasket material; plausible family is elastomeric or gasket-sheet stock such as silicone, silicone foam, EPDM, NBR, CR, FKM/Viton, PTFE, PU, PVC/PMMA, graphite, fiber, or mica-based gasket material",Unknown/unspecified material,bom_provided,engineering_hypothesis,bom_provided,engineering_hypothesis
14,1B43,1B43_frame,No link,no original BOM link and no web source recorded in the result,matched_existing,unknown structural metal/alloy,Unknown/unspecified material,bom_provided,engineering_hypothesis,engineering_hypothesis,engineering_hypothesis
15,1B51,1B51_SM2A53-Step,Useful link,original BOM link is row-specific/useful; research result has independent vendor-spec evidence,matched_existing,anodized aluminum,Specific material,bom_provided,independent_vendor_spec,independent_vendor_spec,engineering_hypothesis
16,1B52,1B52_flange_schlieren_imaging,No link,no original BOM link and no web source recorded in the result,assembly_only,unknown metal/alloy,Unknown/unspecified material,bom_provided,engineering_hypothesis,engineering_hypothesis,engineering_hypothesis
17,1B61,1B61_seal,Unusable link,Original BOM link is a vendor homepage.,assembly_only,elastomer sealing material in LiSEMA EPDM/NBR/CR sponge-rubber or rubber-profile families,Specific material,bom_provided,engineering_hypothesis,bom_provided,engineering_hypothesis
18,1B62,1B62_cover,Useful link,research result has independent vendor-spec evidence,assembly_only,Case-hardened C10 steel with zinc-plated/blue-passivated finish; tempered steel bearing pins; zinc-plated steel GN 708.1 clamping screw with 85 Shore A rubber thrust pad; oil-resistant plastic handle; special grease on moving parts.,Specific material,independent_vendor_spec,independent_vendor_spec,independent_vendor_spec,independent_vendor_spec
19,1C0,1C0_clamp_GN 820_2-230-MFC,Useful link,original BOM link is row-specific/useful; research result has independent vendor-spec evidence,matched_existing,"case-hardened steel C10 clamp body with zinc-plated blue-passivated finish, tempered bearing pins, lubricated moving parts, oil-resistant red plastic hand grip, and GN 708.1 spindle assembly with steel or stainless spindle and rubber tip",Specific material,bom_provided,independent_vendor_spec,independent_vendor_spec,engineering_hypothesis
20,1D1,1D1_part_1,Found link,"research result contains at least one web source, but no row-specific vendor-spec evidence was recorded",matched_existing,stainless steel family,Specific material,bom_provided,engineering_hypothesis,engineering_hypothesis,engineering_hypothesis
21,1D2,1D2_part_2,Found link,"research result contains at least one web source, but no row-specific vendor-spec evidence was recorded",matched_existing,stainless steel family,Specific material,bom_provided,engineering_hypothesis,engineering_hypothesis,engineering_hypothesis
22,1D3,1D3_part_3,Found link,"research result contains at least one web source, but no row-specific vendor-spec evidence was recorded",matched_existing,stainless steel or corrosion-resistant steel hinge material,Specific material,bom_provided,engineering_hypothesis,engineering_hypothesis,engineering_hypothesis
23,1E,1E_adapter_hinge,No link,no original BOM link and no web source recorded in the result,matched_existing,unknown metal/alloy,Unknown/unspecified material,bom_provided,engineering_hypothesis,engineering_hypothesis,engineering_hypothesis
24,2A1,2A1_bottom,No link,no original BOM link and no web source recorded in the result,matched_existing,Aluminum 6061,Specific material,bom_provided,bom_provided,bom_provided,engineering_hypothesis
25,2A2,2A2_back_plate,No link,no original BOM link and no web source recorded in the result,matched_existing,unknown structural metal/alloy,Unknown/unspecified material,bom_provided,engineering_hypothesis,engineering_hypothesis,engineering_hypothesis
26,2A3,2A3_slide_HGL15CA2R600Z0H_part_1,Useful link,research result has independent vendor-spec evidence,matched_existing,chrome/bearing steel linear-guide carriage with steel balls and non-metal seal/retainer/end-cap components,Specific material,bom_provided,independent_vendor_spec,independent_vendor_spec,engineering_hypothesis
27,2A4,2A4_slide_HGL15CA2R600Z0H_part_2,Unusable link,"Original link identifies a parent product/module while this row is a subpart, dummy, or simplified CAD representation.",matched_existing,"carbon steel linear-guide block/carriage with recirculating steel balls, seals/end components, and grease/lubrication features",Specific material,bom_provided,bom_provided,standard_part_convention,engineering_hypothesis
28,2A51,2A51_linear_guide_HGL15CA2R600Z0H,Useful link,original BOM link is row-specific/useful,matched_existing,"carbon steel precision linear-guide rail, with optional HIWIN rail coatings depending on ordered finish",Specific material,bom_provided,bom_provided,standard_part_convention,engineering_hypothesis
29,2A6,2A6_left_plate,No link,no original BOM link and no web source recorded in the result,matched_existing,"Aluminum alloy structural plate, exact grade unknown",Unknown/unspecified material,bom_provided,engineering_hypothesis,engineering_hypothesis,engineering_hypothesis
30,2A7,2A7_right_plate,No link,no original BOM link and no web source recorded in the result,matched_existing,unknown structural metal/alloy,Unknown/unspecified material,bom_provided,engineering_hypothesis,engineering_hypothesis,engineering_hypothesis
31,2A8,2A8_left_distance_piece,No link,no original BOM link and no web source recorded in the result,matched_existing,unknown structural metal/alloy,Unknown/unspecified material,bom_provided,engineering_hypothesis,engineering_hypothesis,engineering_hypothesis
32,2A9,2A9_right_distance_piece,No link,no original BOM link and no web source recorded in the result,matched_existing,unknown structural metal/alloy,Unknown/unspecified material,bom_provided,engineering_hypothesis,engineering_hypothesis,engineering_hypothesis
33,2AA,2AA_left_support_plate,No link,no original BOM link and no web source recorded in the result,matched_existing,unknown structural metal/alloy,Unknown/unspecified material,bom_provided,engineering_hypothesis,engineering_hypothesis,engineering_hypothesis
34,2AB,2AB_right_support_plate,No link,no original BOM link and no web source recorded in the result,matched_existing,unknown structural metal/alloy,Unknown/unspecified material,bom_provided,engineering_hypothesis,engineering_hypothesis,engineering_hypothesis
35,2AC1,2AC1_part_1,Useful link,research result has independent vendor-spec evidence,assembly_only,"Predominantly steel bearing unit: steel pillow block, bearing, and locknut.",Specific material,independent_vendor_spec,engineering_hypothesis,independent_vendor_spec,engineering_hypothesis
36,2AC2,2AC2_part_2,Useful link,research result has independent vendor-spec evidence,assembly_only,"steel-family supported bearing unit; catalog-level stack is steel pillow block housing, deep-groove ball bearing 62...2RS, and DIN 471 circlip",Specific material,independent_vendor_spec,engineering_hypothesis,independent_vendor_spec,engineering_hypothesis
37,2AC3,2AC3_part_3,Useful link,research result has independent vendor-spec evidence,assembly_only,unknown metal/alloy bearing support unit with rolling bearing and seal elements,Unknown/unspecified material,independent_vendor_spec,engineering_hypothesis,engineering_hypothesis,engineering_hypothesis
38,2AC4,2AC4_part_4,Useful link,research result has independent vendor-spec evidence,matched_existing,chrome bearing steel / high-carbon chromium bearing steel,Specific material,bom_provided,independent_vendor_spec,independent_vendor_spec,engineering_hypothesis
39,2AC5,2AC5_part_5,Found link,"research result contains at least one web source, but no row-specific vendor-spec evidence was recorded",matched_existing,unknown bearing-ball metal/alloy,Unknown/unspecified material,bom_provided,engineering_hypothesis,engineering_hypothesis,engineering_hypothesis
40,2AC6,2AC6_part_6,Found link,"research result contains at least one web source, but no row-specific vendor-spec evidence was recorded",matched_existing,hardened bearing steel / chrome steel bearing-ball material family,Specific material,bom_provided,engineering_hypothesis,engineering_hypothesis,engineering_hypothesis
41,2AC7,2AC7_part_7,Found link,"research result contains at least one web source, but no row-specific vendor-spec evidence was recorded",matched_existing,probable steel-family bearing cage or retainer material,Specific material,engineering_hypothesis,engineering_hypothesis,engineering_hypothesis,engineering_hypothesis
42,2AC8,2AC8_part_8,Useful link,research result has independent vendor-spec evidence,matched_existing,"52100 chrome/bearing steel rings and balls with pressed steel cage, rubber contact seals, and grease lubrication.",Specific material,independent_vendor_spec,independent_vendor_spec,independent_vendor_spec,engineering_hypothesis
43,2AC9,2AC9_part_9,No link,no original BOM link and no web source recorded in the result,matched_existing,unknown metal/alloy,Unknown/unspecified material,bom_provided,engineering_hypothesis,engineering_hypothesis,engineering_hypothesis
44,2AD1,2AD1_part_1,Useful link,research result has independent vendor-spec evidence,matched_existing,steel bearing/housing material,Specific material,independent_vendor_spec,independent_vendor_spec,independent_vendor_spec,engineering_hypothesis
45,2AD2,2AD2_part_2,No link,no original BOM link and no web source recorded in the result,matched_existing,hardened steel bearing material,Specific material,bom_provided,engineering_hypothesis,engineering_hypothesis,engineering_hypothesis
46,2AD3,2AD3_part_3,Found link,"research result contains at least one web source, but no row-specific vendor-spec evidence was recorded",matched_existing,bearing steel / chrome steel family,Specific material,bom_provided,engineering_hypothesis,engineering_hypothesis,engineering_hypothesis
47,2AD4,2AD4_part_4,Found link,"research result contains at least one web source, but no row-specific vendor-spec evidence was recorded",matched_existing,hardened bearing steel family,Specific material,bom_provided,engineering_hypothesis,engineering_hypothesis,engineering_hypothesis
48,2AD5,2AD5_part_5,Found link,"research result contains at least one web source, but no row-specific vendor-spec evidence was recorded",matched_existing,bearing steel / chrome steel family,Specific material,bom_provided,engineering_hypothesis,engineering_hypothesis,engineering_hypothesis
49,2AD6,2AD6_part_6,Found link,"research result contains at least one web source, but no row-specific vendor-spec evidence was recorded",matched_existing,bearing steel / chrome steel family,Specific material,bom_provided,engineering_hypothesis,engineering_hypothesis,engineering_hypothesis
50,2AD7,2AD7_part_7,Found link,"research result contains at least one web source, but no row-specific vendor-spec evidence was recorded",matched_existing,hardened bearing steel or chrome-steel bearing-ball material family,Specific material,bom_provided,engineering_hypothesis,engineering_hypothesis,engineering_hypothesis
51,2AD8,2AD8_part_8,Found link,"research result contains at least one web source, but no row-specific vendor-spec evidence was recorded",matched_existing,bearing steel / chrome steel bearing-ball material family,Specific material,bom_provided,standard_part_convention,standard_part_convention,standard_part_convention
52,2AD9,2AD9_part_9,Found link,"research result contains at least one web source, but no row-specific vendor-spec evidence was recorded",matched_existing,unknown metal/alloy retaining-ring material family,Unknown/unspecified material,bom_provided,engineering_hypothesis,engineering_hypothesis,engineering_hypothesis
53,2ADA,2ADA_part_A,No link,no original BOM link and no web source recorded in the result,matched_existing,hardened steel bearing-ball material family,Specific material,bom_provided,engineering_hypothesis,engineering_hypothesis,engineering_hypothesis
54,2ADB,2ADB_part_B,No link,no original BOM link and no web source recorded in the result,matched_existing,unknown metal/alloy,Unknown/unspecified material,bom_provided,engineering_hypothesis,engineering_hypothesis,engineering_hypothesis
55,2ADC,2ADC_part_C,Useful link,research result has independent vendor-spec evidence,matched_existing,unknown metal/alloy,Unknown/unspecified material,independent_vendor_spec,engineering_hypothesis,engineering_hypothesis,engineering_hypothesis
56,2AE,2AE_glass_scale_slide,Unusable link,Original BOM link reaches a family/category/configurator page.,matched_existing,mixed metal reader-head slide/carriage material family: aluminum body class with steel ball-bearing and spring hardware,Specific material,bom_provided,engineering_hypothesis,engineering_hypothesis,engineering_hypothesis
57,2AF1,2AF1_track,Unusable link,Original BOM link reaches a family/category/configurator page.,matched_existing,"aluminum housing with glass scale, elastomer sealing lips, read-head hardware/electronics, cable, metal protective sleeve, and connector",Specific material,bom_provided,engineering_hypothesis,bom_provided,engineering_hypothesis
58,2AG,2AG_cover_plate,No link,no original BOM link and no web source recorded in the result,matched_existing,unknown metal/alloy,Unknown/unspecified material,bom_provided,engineering_hypothesis,engineering_hypothesis,engineering_hypothesis
59,2AH,2AH_connection_mount,No link,no original BOM link and no web source recorded in the result,matched_existing,unknown metal/alloy,Unknown/unspecified material,bom_provided,engineering_hypothesis,engineering_hypothesis,engineering_hypothesis
60,2AI,2AI_connection_axis,Useful link,original BOM link is row-specific/useful; research result has independent vendor-spec evidence,matched_existing,"100Cr6 hardened bearing steel for the ballscrew nut body; the row-matched F1 16-04 family also lists a wiper, whose material is not resolved.",Specific material,bom_provided,independent_vendor_spec,independent_vendor_spec,engineering_hypothesis
61,2AJ1,2AJ1_axis,Useful link,original BOM link is row-specific/useful; research result has independent vendor-spec evidence,matched_existing,"Cf53 steel ball screw spindle, ball track hardened to 60 +/-2 HRC",Specific material,bom_provided,independent_vendor_spec,independent_vendor_spec,engineering_hypothesis
62,2AK1,2AK1_kinematic_bar,Useful link,original BOM link is row-specific/useful,matched_existing,"alloy steel precision shaft material, hardened and ground",Specific material,bom_provided,bom_provided,bom_provided,engineering_hypothesis
63,2AL1,2AL1_gearbox_8GA40-060--025S2PF,Unusable link,Original BOM link appears to point to a different product.,matched_existing,unknown metal/alloy gearbox assembly with fully hardened gear toothing,Unknown/unspecified material,bom_provided,bom_provided,engineering_hypothesis,engineering_hypothesis
64,2AL211,2AL211_motor,Useful link,original BOM link is row-specific/useful,matched_existing,"multi-material electromechanical motor module: unknown metal housing/frame and shaft, magnetic steel laminations/rotor, permanent magnet material, copper windings/coils, brake and encoder components",Unknown/unspecified material,bom_provided,bom_provided,engineering_hypothesis,bom_provided
65,2AM1,2AM1_part_1,Unusable link,"Original link identifies a parent product/module while this row is a subpart, dummy, or simplified CAD representation.",matched_existing,"Aluminum AL natural-anodized hubs, thermoplastic polyurethane (TPU) coupling spider with WS 92 Shore A hardness, and blackened steel socket cap screws.",Specific material,bom_provided,engineering_hypothesis,bom_provided,engineering_hypothesis
66,2AM2,2AM2_part_2,Unusable link,"Original link identifies a parent product/module while this row is a subpart, dummy, or simplified CAD representation.",matched_existing,"Aluminum AL, natural-anodized hub body; the complete GN 2240 coupling product family also uses a TPU coupling spider and blackened steel socket cap screws, but those are not visible as separate bodies in this row STEP.",Specific material,bom_provided,bom_provided,bom_provided,engineering_hypothesis
67,2AN,2AN_motor_mount,No link,no original BOM link and no web source recorded in the result,matched_existing,unknown structural metal/alloy,Unknown/unspecified material,bom_provided,engineering_hypothesis,engineering_hypothesis,engineering_hypothesis
68,2AO1,2AO1_flange,No link,no original BOM link and no web source recorded in the result,matched_existing,unknown structural metal/alloy,Unknown/unspecified material,bom_provided,engineering_hypothesis,engineering_hypothesis,engineering_hypothesis
69,2AO2,2AO2_guidance,No link,no original BOM link and no web source recorded in the result,matched_existing,unknown metal/alloy,Unknown/unspecified material,bom_provided,engineering_hypothesis,engineering_hypothesis,engineering_hypothesis
70,2AP1,2AP1_spring_plate,Found link,"research result contains at least one web source, but no row-specific vendor-spec evidence was recorded",matched_existing,unknown spring steel/steel alloy,Unknown/unspecified material,bom_provided,engineering_hypothesis,engineering_hypothesis,engineering_hypothesis
71,2AP2,2AP2_assembly_plate,No link,no original BOM link and no web source recorded in the result,matched_existing,unknown metal/alloy,Unknown/unspecified material,bom_provided,engineering_hypothesis,engineering_hypothesis,engineering_hypothesis
72,2AP3,2AP3_heating_plate,No link,no original BOM link and no web source recorded in the result,matched_existing,unknown thermally conductive metal/alloy,Unknown/unspecified material,bom_provided,engineering_hypothesis,engineering_hypothesis,engineering_hypothesis
73,2AP4,2AP4_bolt_DIN 7991 - M3x8,Found link,"research result contains at least one web source, but no row-specific vendor-spec evidence was recorded",matched_existing,mild steel,Specific material,bom_provided,bom_provided,bom_provided,engineering_hypothesis
74,2AP5,"2AP5_bolt_DIN 912 - M6x1x20x17,5",Found link,"research result contains at least one web source, but no row-specific vendor-spec evidence was recorded",matched_existing,mild steel,Specific material,bom_provided,bom_provided,bom_provided,engineering_hypothesis
75,2AP6,2AP6_outer_seal,No link,no original BOM link and no web source recorded in the result,missing_in_cad,unknown elastomer seal material,Unknown/unspecified material,engineering_hypothesis,engineering_hypothesis,engineering_hypothesis,engineering_hypothesis
76,2AP6,2AP6_inner_seal,Found link,"research result contains at least one web source, but no row-specific vendor-spec evidence was recorded",matched_existing,"elastomer sheet/seal material, exact compound not specified",Unknown/unspecified material,bom_provided,engineering_hypothesis,engineering_hypothesis,engineering_hypothesis
77,2AP7,2AP7_lifting_platform,No link,no original BOM link and no web source recorded in the result,matched_existing,unknown structural metal/alloy,Unknown/unspecified material,bom_provided,engineering_hypothesis,engineering_hypothesis,engineering_hypothesis
78,2AP8,2AP8_bolt_DIN EN ISO 4016 - M6x40,Found link,"research result contains at least one web source, but no row-specific vendor-spec evidence was recorded",matched_existing,steel,Specific material,bom_provided,bom_provided,bom_provided,engineering_hypothesis
79,2AP9,2AP9_spring_block_front,No link,no original BOM link and no web source recorded in the result,matched_existing,unknown metal/alloy,Unknown/unspecified material,bom_provided,engineering_hypothesis,engineering_hypothesis,engineering_hypothesis
80,2APA,2APA_spring_block_right,No link,no original BOM link and no web source recorded in the result,matched_existing,unknown metal/alloy,Unknown/unspecified material,bom_provided,engineering_hypothesis,engineering_hypothesis,engineering_hypothesis
81,2APB,2APB_spring_block_back,No link,no original BOM link and no web source recorded in the result,matched_existing,unknown metal/alloy,Unknown/unspecified material,bom_provided,engineering_hypothesis,engineering_hypothesis,engineering_hypothesis
82,2APC,2APC_spring_block_left,No link,no original BOM link and no web source recorded in the result,matched_existing,unknown metal/alloy,Unknown/unspecified material,bom_provided,engineering_hypothesis,engineering_hypothesis,engineering_hypothesis
83,2APD,2APD_temperature_sensor,Useful link,original BOM link is row-specific/useful,matched_existing,"metal screw-in probe/fitting, PT100 resistance sensor element, copper conductors, and high-temperature cable insulation",Specific material,bom_provided,engineering_hypothesis,engineering_hypothesis,engineering_hypothesis
84,2APE,2APE_spacer_sleeve,No link,no original BOM link and no web source recorded in the result,matched_existing,unknown metal/alloy,Unknown/unspecified material,bom_provided,engineering_hypothesis,engineering_hypothesis,engineering_hypothesis
85,2APF,2APF_shim_disk,Found link,"research result contains at least one web source, but no row-specific vendor-spec evidence was recorded",matched_existing,steel shim washer material; exact grade unspecified for the BOM row,Unknown/unspecified material,standard_part_convention,standard_part_convention,standard_part_convention,engineering_hypothesis
86,2APG,2APG_pressing_plate,No link,no original BOM link and no web source recorded in the result,matched_existing,unknown metal/alloy,Unknown/unspecified material,bom_provided,engineering_hypothesis,engineering_hypothesis,engineering_hypothesis
87,2APH,2APH_felt_seal,Found link,"research result contains at least one web source, but no row-specific vendor-spec evidence was recorded",matched_existing,"rubber, grade unspecified",Unknown/unspecified material,bom_provided,bom_provided,bom_provided,engineering_hypothesis
88,2API,2API_build_platform,No link,no original BOM link and no web source recorded in the result,matched_existing,unknown structural metal/alloy,Unknown/unspecified material,bom_provided,engineering_hypothesis,engineering_hypothesis,engineering_hypothesis
89,2APJ,2APJ_inner_seal_guide,No link,no original BOM link and no web source recorded in the result,matched_existing,unknown metal/alloy,Unknown/unspecified material,bom_provided,engineering_hypothesis,engineering_hypothesis,engineering_hypothesis
90,2APK1,2APK1_bottom,No link,no original BOM link and no web source recorded in the result,matched_existing,unknown metal/alloy,Unknown/unspecified material,bom_provided,engineering_hypothesis,engineering_hypothesis,engineering_hypothesis
91,2APK2,2APK2_front_back,No link,no original BOM link and no web source recorded in the result,matched_existing,unknown metal/alloy,Unknown/unspecified material,bom_provided,engineering_hypothesis,engineering_hypothesis,engineering_hypothesis
92,2APK3,2APK3_left_right,No link,no original BOM link and no web source recorded in the result,matched_existing,unknown metal/alloy,Unknown/unspecified material,bom_provided,engineering_hypothesis,engineering_hypothesis,engineering_hypothesis
93,2AQ,2AQ_inductive_sensor_mount,Found link,"research result contains at least one web source, but no row-specific vendor-spec evidence was recorded",matched_existing,unknown metal/alloy,Unknown/unspecified material,engineering_hypothesis,engineering_hypothesis,engineering_hypothesis,engineering_hypothesis
94,2AR,2AR_end_switch_sensor_top,No link,no original BOM link and no web source recorded in the result,matched_existing,unknown metal/alloy sheet,Unknown/unspecified material,engineering_hypothesis,engineering_hypothesis,engineering_hypothesis,engineering_hypothesis
95,2AS,2AS_end_switch_sensor_bottom,No link,no original BOM link and no web source recorded in the result,matched_existing,unknown metal/alloy sheet,Unknown/unspecified material,engineering_hypothesis,engineering_hypothesis,engineering_hypothesis,engineering_hypothesis
96,2AT2,2AT2_nut_M12x1,Found link,"research result contains at least one web source, but no row-specific vendor-spec evidence was recorded",matched_existing,metal sensor mounting nut: Balluff M12x1 family includes nickel-plated brass and stainless steel 1.4305 variants,Specific material,bom_provided,engineering_hypothesis,engineering_hypothesis,engineering_hypothesis
97,2AT3,2AT3_sensor,Useful link,original BOM link is row-specific/useful,matched_existing,"stainless steel housing with PBT sensing face; internal electronics, connector contacts, and potting are present but not material-resolved",Specific material,bom_provided,bom_provided,bom_provided,engineering_hypothesis
98,2AU2,2AU2_nut_M12x1,Useful link,research result has independent vendor-spec evidence,matched_existing,stainless steel,Specific material,independent_vendor_spec,independent_vendor_spec,independent_vendor_spec,engineering_hypothesis
99,2AU3,2AU3_sensor,Useful link,original BOM link is row-specific/useful,matched_existing,"stainless steel housing with PBT sensing face; internal electronics, connector contacts, and potting are present but not material-resolved",Specific material,bom_provided,bom_provided,bom_provided,engineering_hypothesis
100,2AV1,"2AV1_DIN 912 - M5x0,8x30x22",No link,no original BOM link and no web source recorded in the result,matched_existing,mild steel,Specific material,bom_provided,bom_provided,bom_provided,bom_provided
101,2AV2,"2AV2_DIN 912 - M8x1,25x35x31,875",Found link,"research result contains at least one web source, but no row-specific vendor-spec evidence was recorded",matched_existing,mild steel,Specific material,bom_provided,bom_provided,bom_provided,engineering_hypothesis
102,2AV3,"2AV3_DIN 912 - M8x1,25x40x28",No link,no original BOM link and no web source recorded in the result,matched_existing,mild steel,Specific material,bom_provided,bom_provided,bom_provided,bom_provided
103,2AV4,"2AV4_DIN 912 - M5x0,8x8x6",Found link,"research result contains at least one web source, but no row-specific vendor-spec evidence was recorded",matched_existing,mild/generic steel,Specific material,bom_provided,bom_provided,bom_provided,engineering_hypothesis
104,2AV5,"2AV5_DIN 912 - M8x1,25x50x28",Found link,"research result contains at least one web source, but no row-specific vendor-spec evidence was recorded",matched_existing,mild steel fastener,Specific material,bom_provided,bom_provided,bom_provided,engineering_hypothesis
105,2AV6,"2AV6_DIN 912 - M4x0,7x30x20",No link,no original BOM link and no web source recorded in the result,matched_existing,mild steel,Specific material,bom_provided,bom_provided,bom_provided,standard_part_convention
106,2AV7,"2AV7_DIN 912 - M4x0,7x25x23,25",No link,no original BOM link and no web source recorded in the result,matched_existing,mild steel,Specific material,bom_provided,bom_provided,bom_provided,bom_provided
107,2AV8,"2AV8_DIN 912 - M8x1x25x22,5",Found link,"research result contains at least one web source, but no row-specific vendor-spec evidence was recorded",matched_existing,mild steel,Specific material,bom_provided,bom_provided,bom_provided,engineering_hypothesis
108,2AV9,"2AV9_DIN 912 - M6x1x16x13,5",Useful link,research result has independent vendor-spec evidence,matched_existing,mild steel / generic steel fastener material,Specific material,bom_provided,bom_provided,bom_provided,independent_vendor_spec
109,2AVA,"2AVA_DIN 912 - M4x0,7x20x18,25",No link,no original BOM link and no web source recorded in the result,matched_existing,mild steel,Specific material,bom_provided,bom_provided,bom_provided,bom_provided
110,2AVB,2AVB_DIN 912 - M6x1x35x24,Useful link,research result has independent vendor-spec evidence,matched_existing,mild steel,Specific material,independent_vendor_spec,bom_provided,bom_provided,engineering_hypothesis
111,2AVC,"2AVC_DIN 912 - M8x1,25x20x16,875",Found link,"research result contains at least one web source, but no row-specific vendor-spec evidence was recorded",matched_existing,"Steel, Mild",Specific material,bom_provided,bom_provided,bom_provided,engineering_hypothesis
112,3A,3A_angle_pipe_ISO_K_DN63_320RRB063-90,Useful link,original BOM link is row-specific/useful,matched_existing,stainless steel 304 / EN 1.4301,Specific material,bom_provided,bom_provided,bom_provided,bom_provided
113,3B,3B_valve_ISO_K_DN63_310VEP063-01,Unusable link,"Original link identifies a parent product/module while this row is a subpart, dummy, or simplified CAD representation.",matched_existing,"Aluminum housing with stainless steel bellows feedthrough, FKM seal, microswitch/position-indicator and electro-pneumatic actuator materials not further resolved.",Specific material,bom_provided,bom_provided,bom_provided,bom_provided
114,3C,3C_reduction_T_pipe_ISO_K_DN63_KF_DN40_320RTR063-040,Useful link,original BOM link is row-specific/useful,matched_existing,stainless steel 304 / EN 1.4301,Specific material,bom_provided,bom_provided,bom_provided,engineering_hypothesis
115,3D,3D_ISO_KF_DN40_hose_connection_110ASC040-12,Useful link,original BOM link is row-specific/useful; research result has independent vendor-spec evidence,matched_existing,Aluminum EN AW-6082/3.2315,Specific material,bom_provided,independent_vendor_spec,independent_vendor_spec,independent_vendor_spec
116,3E,3E_seal_with_filter_ISO_KF_DN40_122ZRS040,Useful link,original BOM link is row-specific/useful,matched_existing,"stainless steel 1.4301/304 ring, sintered bronze filter, and FKM O-ring",Specific material,bom_provided,engineering_hypothesis,bom_provided,engineering_hypothesis
117,3F,3F_clamping_ring_ISO_KF_DN40_120BSR040,Unusable link,"Original link identifies a parent product/module while this row is a subpart, dummy, or simplified CAD representation.",matched_existing,stainless steel 304 / EN 1.4301,Specific material,bom_provided,bom_provided,bom_provided,engineering_hypothesis
118,3G,3G_flexible_pipe_ISO_K_DN63_320SFK063-130,Useful link,original BOM link is row-specific/useful,matched_existing,Stainless steel: flange 304; bellows 316L.,Specific material,bom_provided,bom_provided,bom_provided,engineering_hypothesis
119,3H,3H_pipe_ISO_K_DN63,Useful link,original BOM link is row-specific/useful,matched_existing,Stainless steel 1.4301 / AISI 304.,Specific material,bom_provided,bom_provided,bom_provided,engineering_hypothesis
120,3I,3I_pipe_ISO_K_DN63_320RZS063-176,Useful link,original BOM link is row-specific/useful,matched_existing,Stainless steel 1.4301 / AISI 304 for media-contacting full nipple body.,Specific material,bom_provided,bom_provided,bom_provided,bom_provided
121,3J,3J_pipe_ISO_K_DN63_320RZS063,Useful link,original BOM link is row-specific/useful,matched_existing,stainless steel 1.4301 / AISI 304,Specific material,bom_provided,bom_provided,bom_provided,engineering_hypothesis
122,3K,3K_flexible_pipe_ISO_K_DN63_320SWN063-0250,Useful link,original BOM link is row-specific/useful,matched_existing,stainless steel: flange 1.4301 / AISI 304; bellows 316L,Specific material,bom_provided,bom_provided,bom_provided,engineering_hypothesis
123,3L,3L_flexible_pipe_ISO_K_DN63_320SWN063-0750,Useful link,original BOM link is row-specific/useful; research result has independent vendor-spec evidence,matched_existing,stainless steel: flange 1.4301 / AISI 304; bellows 316L,Specific material,bom_provided,independent_vendor_spec,independent_vendor_spec,engineering_hypothesis
124,3M,3M_pipe_ISO_K_DN63_320RZS063_L_218,Useful link,original BOM link is row-specific/useful,matched_existing,stainless steel 1.4301 / AISI 304,Specific material,bom_provided,bom_provided,bom_provided,engineering_hypothesis
125,3N1,3N1_curvature_320SWN063,Unusable link,"Original link identifies a parent product/module while this row is a subpart, dummy, or simplified CAD representation.",matched_existing,Stainless steel; official full product material split is 316L bellows with 304 stainless flanges.,Specific material,bom_provided,bom_provided,bom_provided,engineering_hypothesis
126,3N2,3N2_end_piece_320SWN063,Useful link,original BOM link is row-specific/useful,matched_existing,stainless steel 1.4301/304 for the rigid flange/end piece,Specific material,bom_provided,bom_provided,bom_provided,bom_provided
127,3O1,3O1_curvature_320SWN063,Unusable link,"Original link identifies a parent product/module while this row is a subpart, dummy, or simplified CAD representation.",matched_existing,stainless steel vacuum bellows/hose family: 1.4301/304 flange material and 316L bellows material for DN 63 ISO-K flexible connector hardware,Specific material,bom_provided,bom_provided,bom_provided,engineering_hypothesis
128,3O2,3O2_curvature_320SWN063,Useful link,original BOM link is row-specific/useful,matched_existing,"stainless steel bellows material, DN 63 bellows 316L; associated spring-bellows product flanges are stainless steel 304",Specific material,bom_provided,bom_provided,bom_provided,engineering_hypothesis
129,3O3,3O3_end_piece_320SWN063,Useful link,original BOM link is row-specific/useful,matched_existing,stainless steel 304 / EN 1.4301 for the end-piece flange fitting,Specific material,bom_provided,bom_provided,bom_provided,engineering_hypothesis
130,3O4,3O4_end_piece_320SWN063,Useful link,original BOM link is row-specific/useful,matched_existing,stainless steel 304 / EN 1.4301 flange or end-piece material,Specific material,bom_provided,bom_provided,bom_provided,engineering_hypothesis
131,3P1,3P1_cyclone_separator,Useful link,research result has independent vendor-spec evidence,matched_existing,stainless steel cyclone separator body,Specific material,independent_vendor_spec,bom_provided,bom_provided,engineering_hypothesis
132,3P2,3P2_flange_ISO_K_DN63,Unusable link,Original BOM link was stale/broken/not loading.,matched_existing,stainless steel 1.4301/304,Specific material,bom_provided,bom_provided,bom_provided,engineering_hypothesis
133,3P3,3P3_valve_ISO_K_DN63_310VEP063-01,Useful link,original BOM link is row-specific/useful,matched_existing,"aluminum housing; FKM seal; stainless steel bellows/feedthrough; electro-pneumatic actuator, pilot valve, and microswitch position indicator components",Specific material,bom_provided,bom_provided,bom_provided,engineering_hypothesis
134,3P4,3P4_filter_ISO_K_DN63_CSL-357y2-K,Useful link,original BOM link is row-specific/useful; research result has independent vendor-spec evidence,matched_existing,"corrosion-resistant carbon steel housing with powder-coat finish; stainless steel ISO flange and clips; Buna/NBR-style O-ring seal; replaceable polyester filter insert, with paper insert available as an alternative",Specific material,bom_provided,independent_vendor_spec,independent_vendor_spec,engineering_hypothesis
135,3P5,3P5_reduction_ISO_K_DN100_DN63_320RRK100-063-63,Useful link,original BOM link is row-specific/useful,matched_existing,stainless steel 1.4301 / AISI 304,Specific material,bom_provided,bom_provided,bom_provided,engineering_hypothesis
136,3P6,3P6_powder_container_2_liter,Useful link,original BOM link is row-specific/useful,matched_existing,Steel AISI 1144 container body; AMPROVED product-family page describes the 2 L powder container as stainless steel.,Specific material,bom_provided,bom_provided,bom_provided,bom_provided
137,3P7,3P7_reduction_ISO_K_DN63_KF_DN40,Useful link,original BOM link is row-specific/useful,matched_existing,stainless steel 1.4301/304,Specific material,bom_provided,bom_provided,bom_provided,engineering_hypothesis
138,3Q1,3Q1_pipe_ISO_K_DN100_320RZS100,Useful link,original BOM link is row-specific/useful,matched_existing,stainless steel 1.4301/304,Specific material,bom_provided,bom_provided,bom_provided,engineering_hypothesis
139,3Q2,3Q2_angle_pipe_ISO_K_DN100_320RRB100-90,Useful link,original BOM link is row-specific/useful,matched_existing,stainless steel 1.4301/304,Specific material,bom_provided,bom_provided,bom_provided,engineering_hypothesis
140,3Q3,3Q3_seal_ISO_K_DN100_311ZRA100,Useful link,original BOM link is row-specific/useful,matched_existing,Aluminum outer ring with NBR O-ring,Specific material,bom_provided,engineering_hypothesis,bom_provided,engineering_hypothesis
141,3Q4,3Q4_clamp_ISO_K_DN100_320BKL250,Unusable link,Original BOM link was stale/broken/not loading.,matched_existing,stainless steel 1.4401/316 bracket screw; media-contact material stainless steel 1.4404/AISI 316L,Specific material,bom_provided,bom_provided,bom_provided,engineering_hypothesis
142,3Q5,3Q5_clamp_ISO_K_DN100_350BPD100,Useful link,original BOM link is row-specific/useful,matched_existing,zinc-plated steel,Specific material,bom_provided,bom_provided,bom_provided,engineering_hypothesis
143,3R1,3R1_clamp_ISO_K_DN63_350BPD100,Useful link,original BOM link is row-specific/useful,matched_existing,zinc-plated steel,Specific material,bom_provided,bom_provided,bom_provided,engineering_hypothesis
144,3R2,3R2_seal_ISO_K_DN63_311ZRA063,Useful link,original BOM link is row-specific/useful,matched_existing,aluminum ring with NBR O-ring,Specific material,bom_provided,engineering_hypothesis,bom_provided,engineering_hypothesis
145,3S1,3S1_flange,No link,no original BOM link and no web source recorded in the result,matched_existing,unknown structural metal/alloy,Unknown/unspecified material,bom_provided,engineering_hypothesis,engineering_hypothesis,engineering_hypothesis
146,3S2,3S2_mount,No link,no original BOM link and no web source recorded in the result,matched_existing,unknown metal/alloy,Unknown/unspecified material,bom_provided,engineering_hypothesis,engineering_hypothesis,engineering_hypothesis
147,3S31,3S31_part_1,No link,no original BOM link and no web source recorded in the result,matched_existing,unknown metal/alloy sheet or thin-wall duct material,Unknown/unspecified material,bom_provided,engineering_hypothesis,engineering_hypothesis,engineering_hypothesis
148,3S32,3S32_part_2,No link,no original BOM link and no web source recorded in the result,matched_existing,unknown metal/alloy sheet,Unknown/unspecified material,bom_provided,engineering_hypothesis,engineering_hypothesis,engineering_hypothesis
149,3S33,3S33_part_3,No link,no original BOM link and no web source recorded in the result,matched_existing,unknown metal/alloy sheet or thin-wall duct material,Unknown/unspecified material,bom_provided,engineering_hypothesis,engineering_hypothesis,engineering_hypothesis
150,3S34,3S34_part_4,No link,no original BOM link and no web source recorded in the result,matched_existing,unknown metal/alloy duct material,Unknown/unspecified material,bom_provided,engineering_hypothesis,engineering_hypothesis,engineering_hypothesis
151,3S35,3S35_part_5,No link,no original BOM link and no web source recorded in the result,matched_existing,metal sheet,Specific material,bom_provided,engineering_hypothesis,engineering_hypothesis,engineering_hypothesis
152,3S41,3S41_part_1,No link,no original BOM link and no web source recorded in the result,matched_existing,unknown metal/alloy sheet,Unknown/unspecified material,bom_provided,engineering_hypothesis,engineering_hypothesis,engineering_hypothesis
153,3S42,3S42_part_2,No link,no original BOM link and no web source recorded in the result,matched_existing,unknown metal/alloy sheet,Unknown/unspecified material,bom_provided,engineering_hypothesis,engineering_hypothesis,engineering_hypothesis
154,3S43,3S43_part_3,No link,no original BOM link and no web source recorded in the result,matched_existing,unknown metal/alloy,Unknown/unspecified material,bom_provided,engineering_hypothesis,engineering_hypothesis,engineering_hypothesis
155,3S44,3S44_part_4,No link,no original BOM link and no web source recorded in the result,matched_existing,unknown metal/alloy sheet,Unknown/unspecified material,bom_provided,engineering_hypothesis,engineering_hypothesis,engineering_hypothesis
156,3S45,3S45_part_5,No link,no original BOM link and no web source recorded in the result,matched_existing,unknown metal/alloy sheet,Unknown/unspecified material,bom_provided,engineering_hypothesis,engineering_hypothesis,engineering_hypothesis
157,3S46,3S46_part_6,No link,no original BOM link and no web source recorded in the result,matched_existing,unknown sheet metal/alloy,Unknown/unspecified material,bom_provided,engineering_hypothesis,engineering_hypothesis,engineering_hypothesis
158,3S47,3S47_part_7,Found link,"research result contains at least one web source, but no row-specific vendor-spec evidence was recorded",matched_existing,unknown corrosion-resistant sheet metal/alloy,Unknown/unspecified material,bom_provided,engineering_hypothesis,engineering_hypothesis,engineering_hypothesis
159,3S48,3S48_part_8,No link,no original BOM link and no web source recorded in the result,matched_existing,unknown metal/alloy sheet,Unknown/unspecified material,bom_provided,engineering_hypothesis,engineering_hypothesis,engineering_hypothesis
160,3T,3T_diffusor,No link,no original BOM link and no web source recorded in the result,matched_existing,Aluminum 6061,Specific material,bom_provided,bom_provided,bom_provided,engineering_hypothesis
161,3U,3U_flow_rectifier,Found link,"research result contains at least one web source, but no row-specific vendor-spec evidence was recorded",matched_existing,unknown metal/alloy,Unknown/unspecified material,bom_provided,engineering_hypothesis,engineering_hypothesis,engineering_hypothesis
162,3V,3V_gas_in_top,Useful link,research result has independent vendor-spec evidence,matched_existing,stainless steel transmitter housing with zirconia oxygen sensing element and integrated control electronics,Specific material,independent_vendor_spec,independent_vendor_spec,independent_vendor_spec,independent_vendor_spec
163,3W,3W_dummy_oxygen_sensor_FCX-TR,Unusable link,"Original link identifies a parent product/module while this row is a subpart, dummy, or simplified CAD representation.",matched_existing,"Stainless steel transmitter housing with zirconium oxide oxygen sensor, integrated control/amplifier electronics, M8 4-pole electrical connector, and a small PA6.6 plastic protection screw.",Specific material,bom_provided,bom_provided,bom_provided,engineering_hypothesis
164,3X1,3X1_valve_part_1,Unusable link,Original BOM link was stale/broken/not loading.,matched_existing,"AISI 316L / EN 1.4404 stainless steel valve component, with EPDM present in the valve material set",Specific material,bom_provided,bom_provided,bom_provided,engineering_hypothesis
165,3X2,3X2_valve_part_2,Unusable link,Original BOM link was stale/broken/not loading.,matched_existing,AISI 316L / EN 1.4404 stainless steel with EPDM sealing material,Specific material,bom_provided,engineering_hypothesis,bom_provided,engineering_hypothesis
166,3X3,3X3_valve_part_3,Unusable link,Original BOM link was stale/broken/not loading.,matched_existing,AISI 316L / EN 1.4404 stainless steel body and valve hardware with EPDM sealing element.,Specific material,bom_provided,engineering_hypothesis,bom_provided,bom_provided
167,6A,6A_conveyor_belt,Useful link,research result has independent vendor-spec evidence,matched_existing,"polyurethane belt body with high-strength tension members, probably steel cords for a standard PU timing-belt family or Kevlar/aramid cords if specified for the exact profile",Specific material,bom_provided,engineering_hypothesis,independent_vendor_spec,engineering_hypothesis
168,6B1,6B1_gliding_surface,Found link,"research result contains at least one web source, but no row-specific vendor-spec evidence was recorded",matched_existing,stainless steel,Specific material,bom_provided,bom_provided,bom_provided,engineering_hypothesis
169,6B2,6B2_ceramic_pole,No link,no original BOM link and no web source recorded in the result,matched_existing,technical ceramic material,Specific material,bom_provided,engineering_hypothesis,engineering_hypothesis,engineering_hypothesis
170,6B3,6B3_glue,No link,no original BOM link and no web source recorded in the result,matched_existing,unspecified adhesive/glue polymer,Unknown/unspecified material,bom_provided,engineering_hypothesis,bom_provided,engineering_hypothesis
171,6C1,6C1_blade,No link,no original BOM link and no web source recorded in the result,matched_existing,Steel,Specific material,bom_provided,bom_provided,bom_provided,engineering_hypothesis
172,6C2,6C2_blade_mount_part_1,No link,no original BOM link and no web source recorded in the result,matched_existing,stainless steel,Specific material,bom_provided,bom_provided,bom_provided,engineering_hypothesis
173,6C3,6C3_blade_mount_part_2,No link,no original BOM link and no web source recorded in the result,matched_existing,stainless steel,Specific material,bom_provided,bom_provided,bom_provided,engineering_hypothesis
174,6C5,6C5_blade_extension,No link,no original BOM link and no web source recorded in the result,matched_existing,unknown metal/alloy,Unknown/unspecified material,bom_provided,engineering_hypothesis,engineering_hypothesis,engineering_hypothesis
175,6D,6D_rod_sleeve,Found link,"research result contains at least one web source, but no row-specific vendor-spec evidence was recorded",matched_existing,Stainless steel,Specific material,engineering_hypothesis,bom_provided,bom_provided,engineering_hypothesis
176,6E1,6E1_plate_left,Found link,"research result contains at least one web source, but no row-specific vendor-spec evidence was recorded",matched_existing,Stainless steel,Specific material,bom_provided,bom_provided,bom_provided,engineering_hypothesis
177,6E2,6E2_plate_right,No link,no original BOM link and no web source recorded in the result,matched_existing,Stainless steel,Specific material,bom_provided,bom_provided,bom_provided,engineering_hypothesis
178,6E3,6E3_plate_front,Found link,"research result contains at least one web source, but no row-specific vendor-spec evidence was recorded",matched_existing,stainless steel,Specific material,bom_provided,bom_provided,bom_provided,engineering_hypothesis
179,6E4,6E4_plate_back,No link,no original BOM link and no web source recorded in the result,matched_existing,stainless steel,Specific material,bom_provided,bom_provided,bom_provided,engineering_hypothesis
180,6F,6F_powder_container_extension_back,No link,no original BOM link and no web source recorded in the result,matched_existing,Aluminum 6061,Specific material,bom_provided,bom_provided,bom_provided,engineering_hypothesis
181,6G,6G_powder_container_extension_front,No link,no original BOM link and no web source recorded in the result,matched_existing,Aluminum 6061,Specific material,bom_provided,bom_provided,bom_provided,engineering_hypothesis
182,6H1,6H1_powder_chute,No link,no original BOM link and no web source recorded in the result,matched_existing,metal sheet/alloy,Specific material,bom_provided,engineering_hypothesis,engineering_hypothesis,engineering_hypothesis
183,6H2,6H2_seal_top,Unusable link,Original BOM link is a vendor homepage.,matched_existing,Silicone rubber,Specific material,bom_provided,bom_provided,bom_provided,engineering_hypothesis
184,6H3,6H3_brush_seal_bottom,Useful link,research result has independent vendor-spec evidence,matched_existing,"Thermoplastic rubber or similar flexible rubber body, with possible polyamide bristles for the Mink Flex-System brush profile.",Specific material,bom_provided,bom_provided,independent_vendor_spec,bom_provided
185,6I,6I_clamping_plate_front,No link,no original BOM link and no web source recorded in the result,matched_existing,Aluminum 6061,Specific material,bom_provided,bom_provided,bom_provided,engineering_hypothesis
186,6J,6J_clamping_plate_back,Found link,"research result contains at least one web source, but no row-specific vendor-spec evidence was recorded",matched_existing,Aluminum 6061,Specific material,bom_provided,bom_provided,bom_provided,engineering_hypothesis
187,6K,6K_fixed_bearing_mount,Found link,"research result contains at least one web source, but no row-specific vendor-spec evidence was recorded",matched_existing,Aluminum 6061,Specific material,bom_provided,bom_provided,bom_provided,engineering_hypothesis
188,6L,6L_floating_bearing_mount,Found link,"research result contains at least one web source, but no row-specific vendor-spec evidence was recorded",matched_existing,Aluminum 6061,Specific material,bom_provided,bom_provided,bom_provided,engineering_hypothesis
189,6M1,6M1_carriage_LEFG32-S-600N,Useful link,research result has independent vendor-spec evidence,matched_existing,"anodized aluminum alloy carriage/table, with the complete LEFG support-guide family also using stainless steel dust seal/band stopper and synthetic-resin/NBR seal or bushing elements outside this CAD-split carriage.",Specific material,independent_vendor_spec,independent_vendor_spec,independent_vendor_spec,engineering_hypothesis
190,6M2,6M2_rail_LEFG32-S-600N,Useful link,original BOM link is row-specific/useful; research result has independent vendor-spec evidence,matched_existing,Aluminum-alloy actuator/support-guide body with steel guide/seal hardware and polymer or elastomer sealing components.,Specific material,bom_provided,independent_vendor_spec,independent_vendor_spec,engineering_hypothesis
191,6N1,6N1_carriage_LEFS32REA-600N,Useful link,research result has independent vendor-spec evidence,matched_existing,"aluminum alloy carriage/table, anodized; possible steel guide or bearing elements not quantified by the row CAD",Specific material,bom_provided,independent_vendor_spec,independent_vendor_spec,engineering_hypothesis
192,6N2,6N2_rail_LEFS32REA-600N,Unusable link,"Original link identifies a parent product/module while this row is a subpart, dummy, or simplified CAD representation.",matched_existing,aluminum alloy body/base rail with possible steel guide elements,Specific material,bom_provided,engineering_hypothesis,engineering_hypothesis,engineering_hypothesis
193,6O,6O_belt_pulley_GT2_8mm_20_teeth,Useful link,original BOM link is row-specific/useful,matched_existing,Aluminum 6061 pulley body,Specific material,bom_provided,bom_provided,bom_provided,engineering_hypothesis
194,6P,6P_belt_pulley_without_teeth,Useful link,original BOM link is row-specific/useful,matched_existing,stainless steel,Specific material,bom_provided,bom_provided,bom_provided,bom_provided
195,6Q,6Q_mount_belt_pulley_without_teeth,No link,no original BOM link and no web source recorded in the result,matched_existing,stainless steel,Specific material,bom_provided,bom_provided,bom_provided,engineering_hypothesis
196,6R,6R_belt,No link,no original BOM link and no web source recorded in the result,matched_existing,rubber,Specific material,bom_provided,bom_provided,bom_provided,engineering_hypothesis
197,6S1,6S1_support_1,Found link,"research result contains at least one web source, but no row-specific vendor-spec evidence was recorded",matched_existing,"Steel, STEP material name ""Stahl-1"".",Specific material,bom_provided,bom_provided,bom_provided,engineering_hypothesis
198,6S2,6S2_support_2,No link,no original BOM link and no web source recorded in the result,matched_existing,steel,Specific material,bom_provided,bom_provided,bom_provided,engineering_hypothesis
199,6S3,6S3_bent_part,No link,no original BOM link and no web source recorded in the result,matched_existing,generic steel,Specific material,bom_provided,bom_provided,bom_provided,engineering_hypothesis
200,6T,6T_motor_Nema_23,Useful link,original BOM link is row-specific/useful,matched_existing,"Multi-material electromechanical stepper motor assembly: ferrous/stainless metal body and shaft, copper windings, magnetic rotor/stator materials, electrical insulation, bearings, and polymer cable insulation.",Specific material,bom_provided,bom_provided,engineering_hypothesis,engineering_hypothesis
201,6U,6U_belt_pulley_motor_GT2_Bore6p35_20_teeth,Useful link,original BOM link is row-specific/useful,matched_existing,Aluminum 6061 / aluminum alloy pulley body,Specific material,bom_provided,bom_provided,bom_provided,engineering_hypothesis
202,6V,6V_connection_motor_mount,No link,no original BOM link and no web source recorded in the result,matched_existing,Stainless steel.,Specific material,bom_provided,bom_provided,bom_provided,engineering_hypothesis
203,6W,6W_connection_linear_guide_back,No link,no original BOM link and no web source recorded in the result,matched_existing,Austenitic stainless steel.,Specific material,bom_provided,bom_provided,bom_provided,engineering_hypothesis
204,6X,6X_connection_linear_guide_top,No link,no original BOM link and no web source recorded in the result,matched_existing,austenitic stainless steel,Specific material,bom_provided,bom_provided,bom_provided,engineering_hypothesis
205,6Y,6Y_spacer_11_mm,No link,no original BOM link and no web source recorded in the result,matched_existing,unknown metal/alloy,Unknown/unspecified material,bom_provided,engineering_hypothesis,engineering_hypothesis,engineering_hypothesis
206,8A,8A_seal_ISO_KF_DN16,Useful link,original BOM link is row-specific/useful,matched_existing,aluminum EN AW-6061 centering ring with FKM O-ring,Specific material,bom_provided,engineering_hypothesis,bom_provided,engineering_hypothesis
207,8B,8B_angle_pipe_ISO_KF_DN40,Useful link,original BOM link is row-specific/useful,matched_existing,Aluminum 3.2315 / EN AW-6082,Specific material,bom_provided,bom_provided,bom_provided,bom_provided
208,8C1,8C1_flexible_pipe,Unusable link,"Original link identifies a parent product/module while this row is a subpart, dummy, or simplified CAD representation.",matched_existing,Stainless steel component set: 316L bellows and stainless steel 1.4301/304 flanges.,Specific material,bom_provided,engineering_hypothesis,bom_provided,engineering_hypothesis
209,8C2,8C2_end_piece,Unusable link,"Original link identifies a parent product/module while this row is a subpart, dummy, or simplified CAD representation.",matched_existing,stainless steel 1.4301/304 end piece/flange; mating hose family uses 316L stainless bellows,Specific material,bom_provided,bom_provided,bom_provided,engineering_hypothesis
210,8D1,8D1_flexible_pipe_part_1,Unusable link,"Original link identifies a parent product/module while this row is a subpart, dummy, or simplified CAD representation.",matched_existing,"Stainless steel flange/end-ring material, consistent with Pfeiffer's 1.4301 / AISI 304 flange material for this DN 40 flexible pipe family; the complete flexible pipe also uses 316L stainless bellows.",Specific material,bom_provided,bom_provided,bom_provided,bom_provided
211,8D2,8D2_flexible_pipe_part_2,Unusable link,"Original link identifies a parent product/module while this row is a subpart, dummy, or simplified CAD representation.",matched_existing,stainless steel 1.4301/304,Specific material,bom_provided,bom_provided,bom_provided,engineering_hypothesis
212,9A,9A_top_square_profile,No link,no original BOM link and no web source recorded in the result,matched_existing,structural steel rectangular hollow profile/tube,Specific material,bom_provided,engineering_hypothesis,engineering_hypothesis,engineering_hypothesis
213,9B,9B_profile_60x60_960,Useful link,original BOM link is row-specific/useful; research result has independent vendor-spec evidence,matched_existing,anodized aluminum strut-profile alloy family; Rexroth technical data lists EN AW AlMgSi / EN AW-6060 with AW-6063-T66 designation for strut profiles,Specific material,bom_provided,independent_vendor_spec,bom_provided,engineering_hypothesis
214,9C,9C_top_spacer,No link,no original BOM link and no web source recorded in the result,matched_existing,unknown structural metal/alloy,Unknown/unspecified material,bom_provided,engineering_hypothesis,engineering_hypothesis,engineering_hypothesis
215,11,11_rack_chamber,No link,no original BOM link and no web source recorded in the result,matched_existing,stainless steel,Specific material,bom_provided,bom_provided,bom_provided,engineering_hypothesis
216,12,12_flat_seal_back,Useful link,original BOM link is row-specific/useful,matched_existing,black silicone-based sealing compound / cured silicone elastomer,Specific material,bom_provided,bom_provided,bom_provided,bom_provided
217,13,13_flat_seal_side,Useful link,original BOM link is row-specific/useful,matched_existing,"black silicone sealing compound / cured silicone rubber, Liqui Moly 6185",Specific material,bom_provided,bom_provided,bom_provided,bom_provided
218,14,14_flat_seal_top_bottom,Unusable link,"Original link identifies a parent product/module while this row is a subpart, dummy, or simplified CAD representation.",matched_existing,"black neutral-crosslinked silicone sealant, no-MEKO formulation",Specific material,bom_provided,bom_provided,bom_provided,bom_provided
219,15,15_seal_door,Useful link,research result has independent vendor-spec evidence,matched_existing,black EPDM sponge rubber profile with mixed open/closed cellular structure and closed outer skin,Specific material,bom_provided,independent_vendor_spec,bom_provided,independent_vendor_spec
220,17A1,17A1_strut_profile_20X20_492,Useful link,original BOM link is row-specific/useful; research result has independent vendor-spec evidence,matched_existing,"Anodized aluminum strut-profile alloy; local CAD package tags the row as Aluminum 6061, while Bosch Rexroth technical data for its strut profiles identifies EN AW aluminum-magnesium-silicon profile alloys.",Specific material,bom_provided,bom_provided,independent_vendor_spec,engineering_hypothesis
221,17A2,17A2_strut_profile_20X20_629,Useful link,original BOM link is row-specific/useful,matched_existing,"aluminum alloy extrusion; row STEP metadata says Aluminum 6061, while Bosch Rexroth profile-family data generally uses aluminum profile alloys such as EN AW-6060/AW-6063-T66",Specific material,bom_provided,bom_provided,bom_provided,engineering_hypothesis
222,17A3,17A3_strut_profile_20X20_135,Useful link,original BOM link is row-specific/useful,matched_existing,"Aluminum 6061, anodized aluminum profile family",Specific material,bom_provided,bom_provided,bom_provided,engineering_hypothesis
223,17A4,17A4_strut_profile_20X20_463,Useful link,original BOM link is row-specific/useful,matched_existing,Aluminum 6061,Specific material,bom_provided,bom_provided,bom_provided,engineering_hypothesis
224,17A5,17A5_strut_profile_20X20_484,Useful link,research result has independent vendor-spec evidence,matched_existing,anodized aluminum strut-profile extrusion,Specific material,bom_provided,independent_vendor_spec,independent_vendor_spec,engineering_hypothesis
225,17A6,17A6_strut_profile_20X20_D108,Unusable link,Could not confirm original BOM link as exact row-specific evidence.,matched_existing,Aluminum 6061,Specific material,bom_provided,bom_provided,bom_provided,engineering_hypothesis
226,17A7,17A7_strut_profile_20X20_D50,Unusable link,Could not confirm original BOM link as exact row-specific evidence.,matched_existing,Aluminum 6061,Specific material,bom_provided,bom_provided,bom_provided,bom_provided
227,17A8,17A8_strut_profile_20X20_D70,Useful link,research result has independent vendor-spec evidence,matched_existing,Aluminum 6061 profile; anodized aluminum finish indicated by same-family Bosch Rexroth 20x20 strut profile listing.,Specific material,bom_provided,bom_provided,independent_vendor_spec,independent_vendor_spec
228,17A9,17A9_strut_profile_20X20_343,Useful link,research result has independent vendor-spec evidence,matched_existing,anodized aluminum extrusion; Rexroth strut-profile technical data indicates EN AW-6060 / AW-6063-T66 aluminum-magnesium-silicon alloy family for strut profiles,Specific material,independent_vendor_spec,independent_vendor_spec,independent_vendor_spec,engineering_hypothesis
229,17AA,17AA_strut_profile_20X20_271,Useful link,original BOM link is row-specific/useful; research result has independent vendor-spec evidence,matched_existing,anodized aluminum,Specific material,bom_provided,independent_vendor_spec,independent_vendor_spec,independent_vendor_spec
230,17AB,17AB_strut_profile_20X20_473,Useful link,research result has independent vendor-spec evidence,matched_existing,anodized aluminum Bosch Rexroth 20x20 strut profile,Specific material,independent_vendor_spec,independent_vendor_spec,independent_vendor_spec,engineering_hypothesis
231,17AC,17AC_strut_profile_20X20_296,Useful link,research result has independent vendor-spec evidence,matched_existing,"anodized aluminum strut profile; Bosch Rexroth technical data identifies the 20x20 profile material as anodized aluminum, and broader Rexroth strut-profile technical data maps the family to EN AW aluminum-magnesium-silicon profile alloys.",Specific material,bom_provided,independent_vendor_spec,independent_vendor_spec,engineering_hypothesis
232,17AD,17AD_strut_profile_20X20_110,Useful link,original BOM link is row-specific/useful,matched_existing,"Bosch Rexroth aluminum strut-profile alloy family, EN AW Al MgSi / EN AW-6060 with AW-6063-T66 family properties; anodized profile finish",Specific material,bom_provided,bom_provided,bom_provided,engineering_hypothesis
233,17AE,17AE_strut_profile_20X20_604,Useful link,research result has independent vendor-spec evidence,matched_existing,anodized aluminum Bosch Rexroth strut profile; Rexroth profile alloy family EN AW-6060 / AW-6063-T66,Specific material,independent_vendor_spec,independent_vendor_spec,independent_vendor_spec,engineering_hypothesis
234,17AF,17AF_handle,Useful link,original BOM link is row-specific/useful; research result has independent vendor-spec evidence,matched_existing,AISI 316 stainless steel precision casting with matte shot-blasted GS finish.,Specific material,bom_provided,independent_vendor_spec,bom_provided,bom_provided
235,17AG,17AG_profile_60x60_300,Found link,"research result contains at least one web source, but no row-specific vendor-spec evidence was recorded",ambiguous,aluminum or anodized aluminum strut-profile extrusion,Specific material,engineering_hypothesis,engineering_hypothesis,engineering_hypothesis,engineering_hypothesis
236,17AH,17AH_profile_60x60_350,Found link,"research result contains at least one web source, but no row-specific vendor-spec evidence was recorded",ambiguous,"anodized aluminum extrusion, exact alloy not specified",Unknown/unspecified material,bom_provided,engineering_hypothesis,engineering_hypothesis,engineering_hypothesis
237,17AI,17AI_hinge,No link,no original BOM link and no web source recorded in the result,matched_existing,unknown structural metal/alloy,Unknown/unspecified material,bom_provided,engineering_hypothesis,engineering_hypothesis,engineering_hypothesis
238,17AJ,17AJ_sheet_front,No link,no original BOM link and no web source recorded in the result,matched_existing,unknown metal/alloy sheet material,Unknown/unspecified material,bom_provided,engineering_hypothesis,engineering_hypothesis,engineering_hypothesis
239,17AK,17AK_sheet_top,No link,no original BOM link and no web source recorded in the result,matched_existing,unknown sheet metal/alloy,Unknown/unspecified material,bom_provided,engineering_hypothesis,engineering_hypothesis,engineering_hypothesis
240,17AL,17AL_sheet_side,No link,no original BOM link and no web source recorded in the result,matched_existing,unknown sheet metal/alloy,Unknown/unspecified material,bom_provided,engineering_hypothesis,engineering_hypothesis,engineering_hypothesis
241,17AM,17AM_sheet_back,No link,no original BOM link and no web source recorded in the result,matched_existing,unknown metal/alloy sheet material,Unknown/unspecified material,bom_provided,engineering_hypothesis,engineering_hypothesis,engineering_hypothesis
242,17AN,17AN_cover_sheet_hood_top,No link,no original BOM link and no web source recorded in the result,matched_existing,unknown sheet metal/alloy,Unknown/unspecified material,bom_provided,engineering_hypothesis,engineering_hypothesis,engineering_hypothesis
243,17B,17B_dummy_oxygen_sensor_A19N,Unusable link,"Original link identifies a parent product/module while this row is a subpart, dummy, or simplified CAD representation.",matched_existing,"stainless steel sensor body with aluminum plug/connection-head housing, stabilized zirconium oxide ceramic sensing element, and platinum contact layer; additional heater, connector, wiring, and sealing materials are present but not grade-resolved",Specific material,bom_provided,bom_provided,bom_provided,engineering_hypothesis
244,21,21_seal_top,Useful link,original BOM link is row-specific/useful,matched_existing,black silicone sealant / cured silicone rubber,Specific material,bom_provided,bom_provided,bom_provided,bom_provided
245,22,22_seal_bottom,Unusable link,Original BOM link was stale/broken/not loading.,matched_existing,black silicone sealant / cured silicone rubber,Specific material,bom_provided,bom_provided,bom_provided,bom_provided
246,23,23_seal_back_front,Useful link,original BOM link is row-specific/useful,matched_existing,black silicone sealant / cured silicone rubber,Specific material,bom_provided,bom_provided,bom_provided,bom_provided
247,24,24_seal_left_right,Useful link,original BOM link is row-specific/useful,matched_existing,black silicone-based sealing compound / cured silicone elastomer,Specific material,bom_provided,bom_provided,bom_provided,bom_provided
248,25,25_frame_z_axis,No link,no original BOM link and no web source recorded in the result,matched_existing,stainless steel structural frame material,Specific material,bom_provided,bom_provided,bom_provided,engineering_hypothesis
249,31,31_circulation_pump,Useful link,original BOM link is row-specific/useful,matched_existing,"Unknown multi-material electromechanical pump module: metal/alloy blower structure and motor hardware, electrical conductor/insulation materials, plus elastomer or polymer mounting, filter, and seal materials.",Unknown/unspecified material,bom_provided,bom_provided,engineering_hypothesis,engineering_hypothesis
250,34,34_flexible_pipe_ISO_KF_DN50_170SFK050-060,Unusable link,"Original link identifies a parent product/module while this row is a subpart, dummy, or simplified CAD representation.",matched_existing,flange: stainless steel 1.4301/304; bellows: stainless steel 316L,Specific material,bom_provided,engineering_hypothesis,bom_provided,engineering_hypothesis
251,35,35_clamping_ring_ISO_KF_DN50_120BSR050,Useful link,original BOM link is row-specific/useful,matched_existing,stainless steel 1.4301/304,Specific material,bom_provided,bom_provided,bom_provided,engineering_hypothesis
252,36,36_seal_ISO_KF_DN50,Useful link,original BOM link is row-specific/useful; research result has independent vendor-spec evidence,matched_existing,PTFE plastic centering ring with FKM fluoroelastomer O-ring,Specific material,independent_vendor_spec,engineering_hypothesis,independent_vendor_spec,engineering_hypothesis
253,37,37_reduction_ISO_K_DN63_KF_DN50_320RRG063-050-40,Useful link,original BOM link is row-specific/useful,matched_existing,Stainless steel 304 / EN 1.4301 adapter body,Specific material,bom_provided,bom_provided,bom_provided,engineering_hypothesis
254,38,38_T_pipe_ISO_K_DN63_320RTS063,Useful link,original BOM link is row-specific/useful,matched_existing,stainless steel 1.4301/304,Specific material,bom_provided,bom_provided,bom_provided,engineering_hypothesis
255,39,39_pipe_ISO_K_DN63,Useful link,original BOM link is row-specific/useful,matched_existing,stainless steel 304/1.4301,Specific material,bom_provided,bom_provided,bom_provided,engineering_hypothesis
256,41A,41A_belt_pulley_D12-575390,Useful link,research result has independent vendor-spec evidence,assembly_only,Aluminum 6082 T6 body with zinc-plated steel flanges,Specific material,independent_vendor_spec,independent_vendor_spec,independent_vendor_spec,engineering_hypothesis
257,41B,41B_timing_belt_340x10,Useful link,research result has independent vendor-spec evidence,matched_existing,polyurethane timing belt body/teeth/backing with steel tensile cord reinforcement,Specific material,independent_vendor_spec,independent_vendor_spec,independent_vendor_spec,engineering_hypothesis
258,41C,41C_clamping_ring_ISO_KF_DN40_120BSR040,Unusable link,"Original link identifies a parent product/module while this row is a subpart, dummy, or simplified CAD representation.",matched_existing,stainless steel 304 / EN 1.4301,Specific material,bom_provided,bom_provided,bom_provided,engineering_hypothesis
259,41D,41D_belt_pulley_D7-575457,Useful link,research result has independent vendor-spec evidence,assembly_only,"aluminum timing-pulley body, exact alloy not specified",Unknown/unspecified material,independent_vendor_spec,independent_vendor_spec,independent_vendor_spec,engineering_hypothesis
260,41E,41E_cover_drivetrain,No link,no original BOM link and no web source recorded in the result,matched_existing,unknown sheet metal/alloy cover material,Unknown/unspecified material,bom_provided,engineering_hypothesis,engineering_hypothesis,engineering_hypothesis
261,42A,42A_clamping_ring_ISO_KF_DN40_120BSR040,Unusable link,"Original link identifies a parent product/module while this row is a subpart, dummy, or simplified CAD representation.",matched_existing,stainless steel 304 / EN 1.4301,Specific material,bom_provided,bom_provided,bom_provided,engineering_hypothesis
262,42B,42B_clamp_ISO_K_DN100_320BKL250,Unusable link,Original BOM link was stale/broken/not loading.,matched_existing,"stainless steel bracket screw/claw clamp; product title specifies stainless steel 1.4401/316, while technical data lists media-contacting material as stainless steel 1.4404 (AISI 316L)",Specific material,bom_provided,bom_provided,bom_provided,engineering_hypothesis
263,42C1,42C1_valve_part_1,Unusable link,Original BOM link was stale/broken/not loading.,matched_existing,AISI 316L / EN 1.4404 stainless steel with EPDM sealing material in the valve family,Specific material,bom_provided,bom_provided,bom_provided,engineering_hypothesis
264,42C2,42C2_valve_part_2,Unusable link,Original BOM link was stale/broken/not loading.,matched_existing,AISI 316L / EN 1.4404 stainless steel valve hardware with EPDM sealing material,Specific material,bom_provided,engineering_hypothesis,bom_provided,bom_provided
265,42C3,42C3_valve_part_3,Unusable link,Original BOM link was stale/broken/not loading.,matched_existing,AISI 316L / EN 1.4404 stainless steel with EPDM sealing material,Specific material,bom_provided,engineering_hypothesis,bom_provided,engineering_hypothesis
266,51,51_dummy_scanner,Unusable link,"Original link identifies a parent product/module while this row is a subpart, dummy, or simplified CAD representation.",matched_existing,"multi-material optomechatronic module: aluminum cooling-contact parts, silicon-carbide deflection mirrors with coating for 1060-1090 nm fiber lasers, galvanometer scanner/electronics, optical sets, lens/fiber interfaces, water/air-cooling connections, electrical/data connectors, and process-monitoring sensor interfaces",Specific material,bom_provided,bom_provided,bom_provided,bom_provided
267,61B,61B_countersunk_bolt_DIN 7991 - M5x30,Found link,"research result contains at least one web source, but no row-specific vendor-spec evidence was recorded",matched_existing,mild steel,Specific material,bom_provided,bom_provided,bom_provided,engineering_hypothesis
268,62,62_bearing_DIN 625 SKF - SKF 61800,Useful link,original BOM link is row-specific/useful; research result has independent vendor-spec evidence,matched_existing,"Steel bearing assembly; local STEP metadata says Steel, Mild, while matching vendor/distributor evidence for SKF 61800 states steel bearing and steel cage.",Specific material,bom_provided,bom_provided,independent_vendor_spec,bom_provided
269,63,"63_retaining_ring_DIN 471 - 5x0,6",Useful link,research result has independent vendor-spec evidence,matched_existing,"steel family; local STEP metadata labels the row material as Steel, Mild, while DIN 471 retaining rings are commonly spring-steel hardware",Specific material,bom_provided,bom_provided,independent_vendor_spec,engineering_hypothesis
270,64,"64_retaining_ring_DIN 471 - 8x0,8",Found link,"research result contains at least one web source, but no row-specific vendor-spec evidence was recorded",matched_existing,"steel family; local STEP metadata labels the row material as Steel, Mild, while DIN 471 retaining rings are commonly spring-steel hardware",Specific material,bom_provided,bom_provided,bom_provided,engineering_hypothesis
271,65,65_retaining_ring_DIN 471 - 10x1,Found link,"research result contains at least one web source, but no row-specific vendor-spec evidence was recorded",matched_existing,"Steel, Mild",Specific material,bom_provided,bom_provided,bom_provided,engineering_hypothesis
272,66,66_plate_front,No link,no original BOM link and no web source recorded in the result,matched_existing,Aluminum 6061,Specific material,bom_provided,bom_provided,bom_provided,engineering_hypothesis
273,67,67_plate_back,No link,no original BOM link and no web source recorded in the result,matched_existing,Aluminum 6061,Specific material,bom_provided,bom_provided,bom_provided,engineering_hypothesis
274,68,68_convex_crowned_shaft,Found link,"research result contains at least one web source, but no row-specific vendor-spec evidence was recorded",matched_existing,stainless steel,Specific material,bom_provided,bom_provided,bom_provided,engineering_hypothesis
275,69,69_deflection_shaft,No link,no original BOM link and no web source recorded in the result,matched_existing,stainless steel,Specific material,bom_provided,bom_provided,bom_provided,engineering_hypothesis
276,70,70_dummy_laser_beam_source,Unusable link,Original BOM link was stale/broken/not loading.,matched_existing,"multi-material laser subsystem with metal enclosure, optical fiber, power/control electronics, optical components, and water-cooling interfaces",Specific material,bom_provided,engineering_hypothesis,engineering_hypothesis,engineering_hypothesis
277,81,81_vacuum_pump_Duo35,Useful link,research result has independent vendor-spec evidence,matched_existing,"Unknown multi-material electromechanical vacuum pump module: metal pump housing/rotor/stator/base hardware, electric motor steel/copper/insulation materials, P3 mineral operating oil, and elastomer or polymer seals, gaskets, cable insulation, and protective parts.",Unknown/unspecified material,independent_vendor_spec,independent_vendor_spec,engineering_hypothesis,engineering_hypothesis
278,82,82_seal_ISO_KF_DN40,Unusable link,Original BOM link was stale/broken/not loading.,matched_existing,"FPM or NBR elastomer seal material, with DN40 Wissel centering-ring variants also available with stainless-steel or aluminum carrier material",Specific material,bom_provided,engineering_hypothesis,bom_provided,engineering_hypothesis
279,83,83_clamping_ring_ISO_KF_DN40_120BSR040,Useful link,original BOM link is row-specific/useful,matched_existing,stainless steel 1.4301/304 clamping ring hardware,Specific material,bom_provided,bom_provided,bom_provided,bom_provided
280,84,84_valve,Useful link,research result has independent vendor-spec evidence,matched_existing,"Aluminum housing with stainless steel bellows/feedthrough, FKM sealing elements, and electropneumatic pilot/position-indicator hardware.",Specific material,independent_vendor_spec,independent_vendor_spec,independent_vendor_spec,engineering_hypothesis
281,85,85_filter_ISO_KF_DN40_CSL-357y2-KF,Useful link,original BOM link is row-specific/useful,matched_existing,polyester filter insert; housing/flange hardware and seals are present but exact material grades are not specified by the row-matched evidence,Unknown/unspecified material,bom_provided,bom_provided,bom_provided,bom_provided
282,86,86_T_pipe_ISO_KF_DN40,Unusable link,Original BOM link was stale/broken/not loading.,matched_existing,Stainless steel 316L / EN 1.4404.,Specific material,bom_provided,bom_provided,bom_provided,bom_provided
283,87,87_reduction_T_pipe_ISO_KF_DN40_DN16,Useful link,original BOM link is row-specific/useful,matched_existing,stainless steel 1.4301 (AISI 304),Specific material,bom_provided,bom_provided,bom_provided,engineering_hypothesis
284,88,88_pressure_gauge,Useful link,original BOM link is row-specific/useful; research result has independent vendor-spec evidence,matched_existing,"multi-material vacuum gauge assembly; resolved interface materials include stainless steel flange, metal seal, glass feedthrough, and tungsten filament",Specific material,bom_provided,independent_vendor_spec,independent_vendor_spec,engineering_hypothesis
285,89,89_clamping_ring_ISO_KF_DN16,Unusable link,"Original link identifies a parent product/module while this row is a subpart, dummy, or simplified CAD representation.",matched_existing,stainless steel 304 / EN 1.4301,Specific material,bom_provided,bom_provided,bom_provided,engineering_hypothesis
286,91A,91A_square_profile_DIN_EN_10219-2_80x80x5_670,Found link,"research result contains at least one web source, but no row-specific vendor-spec evidence was recorded",matched_existing,mild steel square hollow structural section,Specific material,bom_provided,bom_provided,bom_provided,engineering_hypothesis
287,91B,91B_square_profile_DIN_EN_10219-2_80x80x5_700,Found link,"research result contains at least one web source, but no row-specific vendor-spec evidence was recorded",matched_existing,mild steel square hollow structural section,Specific material,bom_provided,bom_provided,bom_provided,engineering_hypothesis
288,91C,91C_angle_profile_DIN_59370_50x5_200,Found link,"research result contains at least one web source, but no row-specific vendor-spec evidence was recorded",matched_existing,mild steel,Specific material,bom_provided,bom_provided,bom_provided,engineering_hypothesis
289,91D,91D_angle_profile_DIN_59370_50x5_810,Found link,"research result contains at least one web source, but no row-specific vendor-spec evidence was recorded",matched_existing,mild steel,Specific material,bom_provided,bom_provided,bom_provided,engineering_hypothesis
290,91E,91E_angle_profile_closed_DIN_59370_50x5,Useful link,research result has independent vendor-spec evidence,matched_existing,stainless steel sharp-edged DIN 59370 L-angle stock family,Specific material,bom_provided,independent_vendor_spec,independent_vendor_spec,engineering_hypothesis
291,91F1,91F1_square_profile_DIN_EN_10219-2_80x80x5_150,Found link,"research result contains at least one web source, but no row-specific vendor-spec evidence was recorded",matched_existing,mild steel structural square hollow section,Specific material,bom_provided,bom_provided,bom_provided,engineering_hypothesis
292,91F2,91F2_plate_80x80x10_M12,No link,no original BOM link and no web source recorded in the result,matched_existing,mild steel,Specific material,bom_provided,bom_provided,bom_provided,engineering_hypothesis
293,91G,91G_mount_top,Found link,"research result contains at least one web source, but no row-specific vendor-spec evidence was recorded",matched_existing,steel,Specific material,bom_provided,bom_provided,bom_provided,engineering_hypothesis
294,91H,91H_mount_bottom,No link,no original BOM link and no web source recorded in the result,matched_existing,Steel,Specific material,bom_provided,bom_provided,bom_provided,engineering_hypothesis
295,92,92_profile_60x60_2120,Useful link,original BOM link is row-specific/useful; research result has independent vendor-spec evidence,matched_existing,Aluminum strut-profile alloy family; Rexroth technical data for strut profiles lists EN AW-6060 / AW-6063-T66 family.,Specific material,bom_provided,bom_provided,independent_vendor_spec,engineering_hypothesis
296,93,93_profile_60x60_710,Unusable link,Could not confirm original BOM link as exact row-specific evidence.,matched_existing,aluminum,Specific material,bom_provided,bom_provided,bom_provided,engineering_hypothesis
297,94,94_profile_60x60_350,Useful link,original BOM link is row-specific/useful; research result has independent vendor-spec evidence,matched_existing,aluminum strut-profile extrusion; Bosch Rexroth technical data for Rexroth strut profiles generally specifies EN AW Al MgSi / EN AW 6060 (AW-6063-T66),Specific material,bom_provided,bom_provided,independent_vendor_spec,engineering_hypothesis
298,95,95_profile_60x60_740,Unusable link,Could not confirm original BOM link as exact row-specific evidence.,matched_existing,aluminum,Specific material,bom_provided,bom_provided,bom_provided,engineering_hypothesis
299,96,96_profile_60x60_300,Useful link,original BOM link is row-specific/useful,matched_existing,aluminum strut-profile extrusion,Specific material,bom_provided,bom_provided,bom_provided,engineering_hypothesis
300,97,97_profile_60x60_1020,Useful link,original BOM link is row-specific/useful,matched_existing,aluminum profile extrusion,Specific material,bom_provided,bom_provided,bom_provided,engineering_hypothesis
301,98,98_plate,No link,no original BOM link and no web source recorded in the result,matched_existing,unknown structural metal/alloy,Unknown/unspecified material,bom_provided,engineering_hypothesis,engineering_hypothesis,engineering_hypothesis
302,99,99_bottom_square_profile,No link,no original BOM link and no web source recorded in the result,matched_existing,structural steel rectangular hollow profile/tube,Specific material,bom_provided,engineering_hypothesis,engineering_hypothesis,engineering_hypothesis
303,161,161_bottom_plate,No link,no original BOM link and no web source recorded in the result,matched_existing,unknown metal/alloy,Unknown/unspecified material,bom_provided,engineering_hypothesis,engineering_hypothesis,engineering_hypothesis
304,162,162_bottom_plate_changeable,No link,no original BOM link and no web source recorded in the result,matched_existing,unknown structural metal/alloy,Unknown/unspecified material,bom_provided,engineering_hypothesis,engineering_hypothesis,engineering_hypothesis
305,171,171_top_plate,No link,no original BOM link and no web source recorded in the result,matched_existing,metal plate/alloy,Specific material,bom_provided,engineering_hypothesis,engineering_hypothesis,engineering_hypothesis
306,172,172_top_plate_changeable,No link,no original BOM link and no web source recorded in the result,matched_existing,metal plate/alloy,Specific material,bom_provided,engineering_hypothesis,engineering_hypothesis,engineering_hypothesis
307,173,173_flat_seal_top_plate_changeable,Useful link,original BOM link is row-specific/useful,matched_existing,black silicone-based sealant,Specific material,bom_provided,bom_provided,bom_provided,bom_provided
308,174,174_dummy_scanner_flange,No link,no original BOM link and no web source recorded in the result,matched_existing,unknown structural metal/alloy,Unknown/unspecified material,bom_provided,engineering_hypothesis,engineering_hypothesis,engineering_hypothesis
309,179,179_scanner_flange,No link,no original BOM link and no web source recorded in the result,matched_existing,unknown structural metal/alloy,Unknown/unspecified material,bom_provided,engineering_hypothesis,engineering_hypothesis,engineering_hypothesis
310,181,181_right_side_plate,Found link,"research result contains at least one web source, but no row-specific vendor-spec evidence was recorded",matched_existing,"aluminum plate material; specific alloy not confirmed, Aluminum 6061 plausible from sibling side-plate metadata",Specific material,bom_provided,engineering_hypothesis,engineering_hypothesis,engineering_hypothesis
311,191,191_left_side_plate,No link,no original BOM link and no web source recorded in the result,matched_existing,unknown structural metal/alloy,Unknown/unspecified material,bom_provided,engineering_hypothesis,engineering_hypothesis,engineering_hypothesis
312,192,192_pressure_relief_valve,Useful link,original BOM link is row-specific/useful,matched_existing,stainless-steel valve housing with FKM seal,Specific material,bom_provided,engineering_hypothesis,bom_provided,engineering_hypothesis
313,193,193_clamp_ISO_KF_DN40,Unusable link,Original BOM link reaches a family/category/configurator page.,matched_existing,aluminum cast clamp element; stainless steel M6 screw and washer if procured as the complete Wissel Pratze assembly,Specific material,bom_provided,bom_provided,bom_provided,bom_provided
314,194,194_centering_ring_ISO_KF_DN40,Unusable link,Original BOM link was stale/broken/not loading.,matched_existing,metal centering ring with elastomer O-ring; Wissel DN40 options include stainless steel or aluminum centering-ring materials with FPM or NBR elastomer seals.,Specific material,bom_provided,engineering_hypothesis,bom_provided,engineering_hypothesis
315,195,195_blind_flange_ISO_KF_DN40,Unusable link,Original BOM link was stale/broken/not loading.,matched_existing,"unknown metal/alloy; BOM-linked DN40 ISO-KF blind-flange family includes stainless steel 1.4301, stainless steel 1.4404, stainless steel 1.4571, and aluminium variants",Unknown/unspecified material,bom_provided,engineering_hypothesis,bom_provided,bom_provided
316,261,261_left_side_plate,Found link,"research result contains at least one web source, but no row-specific vendor-spec evidence was recorded",matched_existing,Aluminum 6061,Specific material,bom_provided,bom_provided,bom_provided,engineering_hypothesis
317,262,262_clamp_ISO_KF_DN40,Unusable link,Original BOM link reaches a family/category/configurator page.,matched_existing,Aluminum casting clamping element; stainless-steel screw and washer for the complete vendor clamp assembly when those associated hardware pieces are modeled,Specific material,bom_provided,bom_provided,bom_provided,bom_provided
318,271,271_right_side_plate,Found link,"research result contains at least one web source, but no row-specific vendor-spec evidence was recorded",matched_existing,Aluminum 6061,Specific material,bom_provided,bom_provided,bom_provided,engineering_hypothesis
319,272,272_fluid_feedthrough,Found link,"research result contains at least one web source, but no row-specific vendor-spec evidence was recorded",matched_existing,"unknown metal/alloy vacuum fluid-feedthrough body, tube, and end fittings, with possible seal material not specified",Unknown/unspecified material,bom_provided,engineering_hypothesis,engineering_hypothesis,engineering_hypothesis
320,273,273_centering_ring_ISO_KF_DN16,Unusable link,Original BOM link was stale/broken/not loading.,matched_existing,"DN16 ISO-KF centering-ring hardware in one of the Wissel listed metal/elastomer combinations: stainless steel with FPM, stainless steel 1.4404 with FPM, stainless steel 1.4571 with FPM, aluminum with NBR, or aluminum with FPM",Specific material,bom_provided,engineering_hypothesis,bom_provided,engineering_hypothesis
321,274,274_electricity_feedthrough,Found link,"research result contains at least one web source, but no row-specific vendor-spec evidence was recorded",matched_existing,"Mixed vacuum electrical feedthrough materials: metallic conductors and housing with ceramic, glass-ceramic, or glass dielectric insulation.",Specific material,bom_provided,engineering_hypothesis,engineering_hypothesis,engineering_hypothesis
322,275,275_blind_flange_ISO_KF_DN16,Unusable link,Original BOM link was stale/broken/not loading.,matched_existing,"Vacuum-compatible metal blank flange; the row-matched Wissel DN16 family includes stainless steel 1.4301, stainless steel 1.4404, stainless steel 1.4571, and aluminum variants, with stainless steel 1.4301 used as the planning material.",Specific material,bom_provided,engineering_hypothesis,bom_provided,engineering_hypothesis
323,276,276_clamp_ISO_KF_DN16,Unusable link,Original BOM link reaches a family/category/configurator page.,matched_existing,cast aluminum clamp body; vendor product family also references stainless steel M6 screw and washer hardware.,Specific material,bom_provided,bom_provided,bom_provided,bom_provided
324,281,281_front_plate,No link,no original BOM link and no web source recorded in the result,matched_existing,Aluminum 6061,Specific material,bom_provided,bom_provided,bom_provided,engineering_hypothesis
325,291,291_back_plate,Found link,"research result contains at least one web source, but no row-specific vendor-spec evidence was recorded",matched_existing,Aluminum 6061,Specific material,bom_provided,bom_provided,bom_provided,engineering_hypothesis
326,321,321_heat_exchanger_rv1_17z0z114z04,Useful link,original BOM link is row-specific/useful,matched_existing,Cast aluminium helium-tight cooler housing; stainless steel 1.4301 welded heat-exchanger tubes; aluminium heat-exchanger fins.,Specific material,bom_provided,bom_provided,bom_provided,bom_provided
327,322,322_reduction_ISO_K_DN100_DN63_320RRK100-063-63,Useful link,original BOM link is row-specific/useful,matched_existing,stainless steel 304 / EN 1.4301,Specific material,bom_provided,bom_provided,bom_provided,engineering_hypothesis
328,323,323_clamp_ISO_K_DN100_350BPD100,Useful link,original BOM link is row-specific/useful,matched_existing,zinc-plated steel,Specific material,bom_provided,bom_provided,bom_provided,engineering_hypothesis
329,331,331_clamp_ISO_K_DN63_320BKL250,Unusable link,Original BOM link was stale/broken/not loading.,matched_existing,stainless steel 1.4404 / AISI 316L,Specific material,bom_provided,bom_provided,bom_provided,bom_provided
330,332,332_seal_ISO_K_DN63_311ZRA063,Useful link,original BOM link is row-specific/useful,matched_existing,Aluminum outer ring with NBR O-ring,Specific material,bom_provided,engineering_hypothesis,bom_provided,engineering_hypothesis
331,411,411_housing,No link,no original BOM link and no web source recorded in the result,matched_existing,metal/alloy,Specific material,bom_provided,engineering_hypothesis,engineering_hypothesis,engineering_hypothesis
332,418,418_shaft,Found link,"research result contains at least one web source, but no row-specific vendor-spec evidence was recorded",matched_existing,Aluminum 6061,Specific material,bom_provided,bom_provided,bom_provided,engineering_hypothesis
333,419,419_belt_pulley_D14-575388,Useful link,research result has independent vendor-spec evidence,assembly_only,"aluminum timing-pulley body, exact alloy not specified",Unknown/unspecified material,independent_vendor_spec,independent_vendor_spec,independent_vendor_spec,engineering_hypothesis
334,421,421_weld_flange_top,No link,no original BOM link and no web source recorded in the result,matched_existing,unknown weldable metal/alloy,Unknown/unspecified material,bom_provided,engineering_hypothesis,engineering_hypothesis,engineering_hypothesis
335,422,422_weld_flange_ISO_K_DN100,Useful link,research result has independent vendor-spec evidence,matched_existing,"stainless steel vacuum-flange alloy family, represented by 304L/304 vendor specifications with 316L as a known alternate option",Specific material,independent_vendor_spec,independent_vendor_spec,independent_vendor_spec,engineering_hypothesis
336,423,423_powder_chute_back_front,No link,no original BOM link and no web source recorded in the result,matched_existing,unknown metal/alloy sheet,Unknown/unspecified material,bom_provided,engineering_hypothesis,engineering_hypothesis,engineering_hypothesis
337,424,424_powder_chute_right,Found link,"research result contains at least one web source, but no row-specific vendor-spec evidence was recorded",matched_existing,unknown structural metal/alloy,Unknown/unspecified material,bom_provided,engineering_hypothesis,engineering_hypothesis,engineering_hypothesis
338,425,425_powder_chute_left,No link,no original BOM link and no web source recorded in the result,matched_existing,metal sheet/alloy,Specific material,bom_provided,engineering_hypothesis,engineering_hypothesis,engineering_hypothesis
339,426,426_flexible_pipe_ISO_K_DN100_320SWN100-0250,Useful link,original BOM link is row-specific/useful,matched_existing,stainless steel assembly: flange 1.4301/304 and bellows 316L,Specific material,bom_provided,bom_provided,bom_provided,bom_provided
340,427,427_reduction_ISO_K_DN100_KF_DN40,Useful link,original BOM link is row-specific/useful,matched_existing,stainless steel 1.4301/304,Specific material,bom_provided,bom_provided,bom_provided,bom_provided
341,428,428_pipe_ISO_KF_DN40,Useful link,original BOM link is row-specific/useful,matched_existing,Stainless steel 1.4301 / AISI 304.,Specific material,bom_provided,bom_provided,bom_provided,engineering_hypothesis
342,429,429_powder_container_10_liter,Useful link,original BOM link is row-specific/useful,matched_existing,stainless steel container body with closure/seal hardware,Specific material,bom_provided,engineering_hypothesis,bom_provided,engineering_hypothesis
343,521,521_scanner_cover_left,Found link,"research result contains at least one web source, but no row-specific vendor-spec evidence was recorded",matched_existing,laser-safety acrylic/PMMA or similar absorptive polymer sheet,Specific material,bom_provided,engineering_hypothesis,engineering_hypothesis,engineering_hypothesis
344,522,522_scanner_cover_front,Found link,"research result contains at least one web source, but no row-specific vendor-spec evidence was recorded",matched_existing,unknown opaque laser-safety barrier material,Unknown/unspecified material,bom_provided,engineering_hypothesis,engineering_hypothesis,engineering_hypothesis
345,523,523_scanner_cover_right,Found link,"research result contains at least one web source, but no row-specific vendor-spec evidence was recorded",matched_existing,unknown metal/alloy panel material,Unknown/unspecified material,bom_provided,engineering_hypothesis,engineering_hypothesis,engineering_hypothesis
346,524,524_scanner_cover_top,No link,no original BOM link and no web source recorded in the result,matched_existing,unknown opaque laser-safety barrier material,Unknown/unspecified material,bom_provided,engineering_hypothesis,engineering_hypothesis,engineering_hypothesis
347,611,611_nut_ISO 4032 - M4,Found link,"research result contains at least one web source, but no row-specific vendor-spec evidence was recorded",matched_existing,"Stainless Steel, 440C",Specific material,bom_provided,bom_provided,bom_provided,engineering_hypothesis
348,612,"612_bolt_DIN 912 - M4x0,7x16x14,25",Found link,"research result contains at least one web source, but no row-specific vendor-spec evidence was recorded",matched_existing,mild steel,Specific material,bom_provided,bom_provided,bom_provided,engineering_hypothesis
349,613,"613_bolt_DIN 912 - M4x0,7x8x6,25",Found link,"research result contains at least one web source, but no row-specific vendor-spec evidence was recorded",matched_existing,mild steel,Specific material,bom_provided,bom_provided,bom_provided,engineering_hypothesis
350,614,614_bolt_DIN EN ISO 4017 - M6x12,Found link,"research result contains at least one web source, but no row-specific vendor-spec evidence was recorded",matched_existing,mild steel,Specific material,bom_provided,bom_provided,bom_provided,engineering_hypothesis
351,615,"615_bolt_DIN 912 - M4x0,7x12x10,25",Found link,"research result contains at least one web source, but no row-specific vendor-spec evidence was recorded",matched_existing,mild steel,Specific material,bom_provided,bom_provided,bom_provided,engineering_hypothesis
352,616,"616_bolt_DIN 912 - M6x1x10x7,5",Found link,"research result contains at least one web source, but no row-specific vendor-spec evidence was recorded",matched_existing,mild steel,Specific material,bom_provided,bom_provided,bom_provided,engineering_hypothesis
353,617,"617_bolt_DIN 912 - M5x0,8x25x23",Found link,"research result contains at least one web source, but no row-specific vendor-spec evidence was recorded",matched_existing,mild steel,Specific material,bom_provided,bom_provided,bom_provided,engineering_hypothesis
354,618,618_countersunk_bolt_DIN 7991 - M4x12,No link,no original BOM link and no web source recorded in the result,matched_existing,mild steel,Specific material,bom_provided,bom_provided,bom_provided,bom_provided
355,619,619_countersunk_bolt_DIN 7991 - M5x20,Found link,"research result contains at least one web source, but no row-specific vendor-spec evidence was recorded",matched_existing,mild steel,Specific material,bom_provided,bom_provided,bom_provided,engineering_hypothesis
356,912,912_name_tag,No link,no original BOM link and no web source recorded in the result,matched_existing,mild steel,Specific material,bom_provided,bom_provided,bom_provided,engineering_hypothesis
357,913,913_square_profile_80x80x5_connection,Found link,"research result contains at least one web source, but no row-specific vendor-spec evidence was recorded",matched_existing,structural steel,Specific material,bom_provided,engineering_hypothesis,engineering_hypothesis,engineering_hypothesis
358,914,914_square_profile_DIN_EN_10219-2_80x80x5_960,Found link,"research result contains at least one web source, but no row-specific vendor-spec evidence was recorded",matched_existing,mild steel structural hollow section,Specific material,bom_provided,bom_provided,bom_provided,engineering_hypothesis
359,915,915_square_profile_DIN_EN_10219-2_80x80x5_810,Found link,"research result contains at least one web source, but no row-specific vendor-spec evidence was recorded",matched_existing,mild steel / non-alloy structural steel hollow section,Specific material,bom_provided,bom_provided,bom_provided,engineering_hypothesis
360,916,916_square_profile_DIN_EN_10219-2_80x80x5_970,Found link,"research result contains at least one web source, but no row-specific vendor-spec evidence was recorded",matched_existing,mild steel structural square hollow section,Specific material,bom_provided,bom_provided,bom_provided,standard_part_convention
361,917,917_square_profile_DIN_EN_10219-2_80x80x5_1670,No link,no original BOM link and no web source recorded in the result,matched_existing,mild steel structural hollow section,Specific material,bom_provided,bom_provided,bom_provided,engineering_hypothesis
362,918,918_square_profile_DIN_EN_10219-2_80x80x5_740,No link,no original BOM link and no web source recorded in the result,matched_existing,mild steel structural hollow section,Specific material,bom_provided,bom_provided,bom_provided,bom_provided
363,919,919_square_profile_DIN_EN_10219-2_80x80x5_950,Found link,"research result contains at least one web source, but no row-specific vendor-spec evidence was recorded",matched_existing,mild steel / non-alloy structural steel hollow section,Specific material,bom_provided,bom_provided,bom_provided,standard_part_convention
364,1751,1751_cover,No link,no original BOM link and no web source recorded in the result,matched_existing,unknown machined metal/alloy,Unknown/unspecified material,bom_provided,engineering_hypothesis,engineering_hypothesis,engineering_hypothesis
365,1752,1752_seal_ISO 3601-1 - B 0690 G,Found link,"research result contains at least one web source, but no row-specific vendor-spec evidence was recorded",matched_existing,"Rubber, unspecified elastomer grade",Unknown/unspecified material,bom_provided,bom_provided,bom_provided,engineering_hypothesis
366,1753,1753_flir_window_glas,Found link,"research result contains at least one web source, but no row-specific vendor-spec evidence was recorded",matched_existing,unknown IR-transmissive optical window material; synthetic sapphire/Al2O3 is the leading candidate,Unknown/unspecified material,bom_provided,engineering_hypothesis,engineering_hypothesis,engineering_hypothesis
367,1761,1761_dummy_LAF-06_FLIR_X6900SC,Unusable link,"Original link identifies a parent product/module while this row is a subpart, dummy, or simplified CAD representation.",matched_existing,unknown mixed precision camera assembly materials,Unknown/unspecified material,bom_provided,bom_provided,engineering_hypothesis,bom_provided
368,1762,1762_profile_30x30_150,Useful link,original BOM link is row-specific/useful; research result has independent vendor-spec evidence,matched_existing,"anodized aluminum strut profile; Bosch Rexroth technical data for strut profiles identifies EN AW-6060 / AlMgSi (AW-6063-T66 family) profile material, while the row-matched distributor page states aluminum anodized material for the 30 x 30 mm product.",Specific material,bom_provided,independent_vendor_spec,independent_vendor_spec,engineering_hypothesis
369,1763,1763_camera_mount,Useful link,original BOM link is row-specific/useful,matched_existing,"Aluminum product body/plate, with minor included fastening and spirit-level components not separately material-specified.",Specific material,bom_provided,bom_provided,bom_provided,bom_provided
370,1764,1764_mounting_plate,No link,no original BOM link and no web source recorded in the result,matched_existing,unknown structural metal/alloy,Unknown/unspecified material,bom_provided,engineering_hypothesis,engineering_hypothesis,engineering_hypothesis
371,1765,1765_profile_40x40_150,Useful link,original BOM link is row-specific/useful; research result has independent vendor-spec evidence,matched_existing,anodized aluminum strut-profile extrusion,Specific material,bom_provided,independent_vendor_spec,independent_vendor_spec,engineering_hypothesis
372,1766,1766_dummy_lever_with_bolt,No link,no original BOM link and no web source recorded in the result,matched_existing,unknown structural metal/alloy,Unknown/unspecified material,bom_provided,engineering_hypothesis,engineering_hypothesis,engineering_hypothesis
373,1767,1767_angle_connection,No link,no original BOM link and no web source recorded in the result,matched_existing,"unknown die-cast metal/alloy, probably an aluminum-family or zinc-family profile-connector alloy",Unknown/unspecified material,bom_provided,engineering_hypothesis,engineering_hypothesis,engineering_hypothesis
374,1771,1771_seal_ISO 3601-1 - B 0690 G,Found link,"research result contains at least one web source, but no row-specific vendor-spec evidence was recorded",matched_existing,"rubber elastomer, exact compound unspecified",Unknown/unspecified material,bom_provided,bom_provided,bom_provided,engineering_hypothesis
375,1772,1772_cover,No link,no original BOM link and no web source recorded in the result,matched_existing,unknown machined metal/alloy,Unknown/unspecified material,bom_provided,engineering_hypothesis,engineering_hypothesis,engineering_hypothesis
376,1773,1773_ot_window_glas,Useful link,research result has independent vendor-spec evidence,matched_existing,"optical glass, exact grade unspecified",Unknown/unspecified material,bom_provided,bom_provided,independent_vendor_spec,engineering_hypothesis
377,1781,1781_aluminium_breadboard_450x600x12.7_MB3030,Useful link,original BOM link is row-specific/useful,matched_existing,black anodized aluminum plate,Specific material,bom_provided,bom_provided,bom_provided,engineering_hypothesis
378,1961,1961_mount_ISO_KF_DN40,Found link,"research result contains at least one web source, but no row-specific vendor-spec evidence was recorded",matched_existing,unknown corrosion-resistant metal/alloy,Unknown/unspecified material,bom_provided,engineering_hypothesis,engineering_hypothesis,engineering_hypothesis
379,1962,1962_feedthrough_SKINTOP MULTI-M,Useful link,original BOM link is row-specific/useful,matched_existing,"polycarbonate shell, gel sealing insert, and NBR O-ring",Specific material,bom_provided,bom_provided,bom_provided,engineering_hypothesis
380,4122,4122_radial_shaft_seal_SKF_36X47X7 HMSA10 RG,Useful link,original BOM link is row-specific/useful,matched_existing,"rubber metal reinforced seal: nitrile rubber (NBR/RG compound) sealing lip and outside diameter, mild steel metal insert, and spring steel garter spring",Specific material,bom_provided,bom_provided,bom_provided,engineering_hypothesis
381,4123,4123_vacuum_rotary_feedthrough_PF224010-T,Useful link,research result has independent vendor-spec evidence,matched_existing,"aluminum housing, coated stainless steel shaft, FKM shaft seal, integrated FKM O-ring, and vacuum-compatible lubricated ball bearing",Specific material,bom_provided,independent_vendor_spec,independent_vendor_spec,engineering_hypothesis
382,4124,4124_clamp_ISO_KF_DN40,Unusable link,Original BOM link reaches a family/category/configurator page.,matched_existing,aluminum casting clamp body; associated M6 screw and washer are stainless steel when modeling the complete vendor clamp hardware,Specific material,bom_provided,bom_provided,bom_provided,bom_provided
383,4125,4125_bearing_pedestal,Found link,"research result contains at least one web source, but no row-specific vendor-spec evidence was recorded",matched_existing,unknown metal/alloy suitable for a bearing pedestal.,Unknown/unspecified material,bom_provided,engineering_hypothesis,engineering_hypothesis,engineering_hypothesis
384,4131,4131_bearing_pedestal,Found link,"research result contains at least one web source, but no row-specific vendor-spec evidence was recorded",matched_existing,unknown bearing-housing metal/alloy,Unknown/unspecified material,bom_provided,engineering_hypothesis,engineering_hypothesis,engineering_hypothesis
385,4141,4141_part_1,No link,no original BOM link and no web source recorded in the result,matched_existing,alloy steel,Specific material,bom_provided,bom_provided,bom_provided,engineering_hypothesis
386,4142,4142_part_2,No link,no original BOM link and no web source recorded in the result,matched_existing,alloy steel,Specific material,bom_provided,bom_provided,bom_provided,engineering_hypothesis
387,4143,4143_seal_FBL3002-K1,Useful link,research result has independent vendor-spec evidence,matched_existing,Black thermoplastic rubber / TPE/TPV body with black polyamide (PA) bristles.,Specific material,bom_provided,engineering_hypothesis,independent_vendor_spec,bom_provided
388,4153,4153_mount_part_1,No link,no original BOM link and no web source recorded in the result,matched_existing,unknown metal/alloy structural bracket material,Unknown/unspecified material,engineering_hypothesis,engineering_hypothesis,engineering_hypothesis,engineering_hypothesis
389,4154,4154_mount_part_2,Found link,"research result contains at least one web source, but no row-specific vendor-spec evidence was recorded",matched_existing,"corrosion-resistant steel-family mounting plate, plausibly stainless steel for a DN40 valve interface",Specific material,bom_provided,engineering_hypothesis,engineering_hypothesis,engineering_hypothesis
390,4162,4162_clamping_ring_ISO_KF_DN40_120BSR040,Useful link,original BOM link is row-specific/useful,matched_existing,stainless steel 1.4301/304,Specific material,bom_provided,bom_provided,bom_provided,bom_provided
391,4163,4163_seal_ISO_KF_DN40,Unusable link,Original BOM link was stale/broken/not loading.,matched_existing,"unknown ISO-KF seal/centering-ring material set; Wissel family options include stainless steel with FPM, aluminum with NBR, and aluminum with FPM",Unknown/unspecified material,bom_provided,engineering_hypothesis,bom_provided,engineering_hypothesis
392,4164,4164_powder_container_2_liter,Useful link,original BOM link is row-specific/useful,matched_existing,stainless steel powder-container body; exact stainless alloy grade not specified,Unknown/unspecified material,bom_provided,bom_provided,bom_provided,engineering_hypothesis
393,4170,4170_powder_chute,Found link,"research result contains at least one web source, but no row-specific vendor-spec evidence was recorded",matched_existing,unknown structural metal/alloy,Unknown/unspecified material,bom_provided,engineering_hypothesis,engineering_hypothesis,engineering_hypothesis
394,9111,9111_foot,Found link,"research result contains at least one web source, but no row-specific vendor-spec evidence was recorded",matched_existing,unknown metal/alloy,Unknown/unspecified material,bom_provided,engineering_hypothesis,engineering_hypothesis,engineering_hypothesis
395,9112,9112_base_plate_120x80x10_M20,No link,no original BOM link and no web source recorded in the result,matched_existing,mild steel,Specific material,bom_provided,bom_provided,bom_provided,engineering_hypothesis
396,41210,41210_bearing_SKF_61905-2RS1,Useful link,original BOM link is row-specific/useful; research result has independent vendor-spec evidence,matched_existing,"Bearing steel rings/rolling elements/cage with nitrile rubber seals; uncoated, grease-lubricated sealed bearing.",Specific material,bom_provided,independent_vendor_spec,independent_vendor_spec,engineering_hypothesis
397,41511,41511_part_1,Unusable link,"Original link identifies a parent product/module while this row is a subpart, dummy, or simplified CAD representation.",matched_existing,"multi-material hybrid stepper motor: metal housing/shaft/laminations, copper windings, permanent magnet rotor material, bearings, and polymer-insulated cable",Specific material,bom_provided,bom_provided,engineering_hypothesis,engineering_hypothesis
398,41512,41512_part_2,Unusable link,"Original link identifies a parent product/module while this row is a subpart, dummy, or simplified CAD representation.",matched_existing,unknown steel or stainless motor-shaft alloy,Unknown/unspecified material,bom_provided,engineering_hypothesis,engineering_hypothesis,engineering_hypothesis
399,41521,41521_gearbox,Useful link,original BOM link is row-specific/useful,matched_existing,"mixed gearbox materials: unspecified metal housing, hardened steel gear train and keyed shaft/bearing elements, lubricant, and sealing materials",Unknown/unspecified material,bom_provided,bom_provided,engineering_hypothesis,engineering_hypothesis
400,41611,41611_valve_part_1,Unusable link,Original BOM link was stale/broken/not loading.,matched_existing,AISI 316L / EN 1.4404 stainless steel with EPDM sealing material,Specific material,bom_provided,engineering_hypothesis,bom_provided,bom_provided
401,41612,41612_valve_part_2,Unusable link,Original BOM link was stale/broken/not loading.,matched_existing,AISI 316L / EN 1.4404 stainless steel with EPDM sealing/elastomer component material,Specific material,bom_provided,engineering_hypothesis,bom_provided,engineering_hypothesis
402,41613,41613_valve_part_3,Unusable link,Original BOM link was stale/broken/not loading.,matched_existing,AISI 316L / EN 1.4404 stainless steel with EPDM elastomer sealing component,Specific material,bom_provided,engineering_hypothesis,bom_provided,engineering_hypothesis
